row_id,text,depression,anxiety,stress_pressure,burnout_motivation,performance_psych,body_image_eating,injury_distress,self_harm_suicide,help_seeking,exercise_coping,notes
1,"for me, the klay injury devastated me even more than ""the block"" in the 2016 finals. that game was close and i was nervous it could go either way and then lebron and kyrie sealed the deal and i sank back depressed.

last season, klay's fire was fully ablaze and i felt certain he was going to have one of those insane 30-40 point quarters to win the game and then he went down and i just died inside. completely gutted.",0,0,0,0,0,0,0,0,0,0,
2,"that is a great goal and the best way to get back into running is to do little bits at a time, too much too soon is how people get injured and burnt out. 

i'm happy that running is helping you with your mentals.  running soothes me like nothing else.  if i'm anxious or sad or wound up about something, i can almost always count on feeling better after a run.  keep it up and keep visiting us here, we're generally full of good advice and support.",0,1,0,x,0,0,0,0,0,1,
3,"today is my one year crossfit anniversary! i can’t believe how much i’ve changed this past year. i’ve made huge strides in my strength and coordination, i’ve lost 15 lbs and learned the importance of protein, but most of all, i’ve met some really amazing people who have become my really good friends. a year ago, i was heartbroken, lonely, and i had no self confidence.

if you’re thinking about doing something and it scares you - starting a new workout plan, signing up for a class, signing up for a race, leaving a bad relationship - whatever it is that scares you and will push you - do it. do it today. a year from now, you won’t believe how far you’ve come.",x,0,0,0,0,0,0,0,0,1,
4,"i’m definitely not depressed at the moment and fortunately i’m not an alcoholic (just a whiskey enthusiast who became a bit too regular with the drinks), but i have a ton of pressure at work from a demanding job and want to build in healthy habits. that’s why i’m cutting out the whiskey and getting back into lifting and running. but my gut is telling me a coach could be a good thing and worth the money.",0,0,1,0,0,0,0,0,0,x,
5,"exercise keeps me one step ahead of my depression/anxiety so there’s nothing worse than an injury when i have hot streak going. my recommendation is to channel that energy and focus into some other things like diet, creativity, meditation. all easier said than done but letting your ankle heal properly is the key to getting back on the road. good luck my friend",1,1,0,0,0,0,1,0,0,1,
6,"mentally, how do i commit to a bulk after a long cut?  i’m putting mass on again but i woke up 6 lbs heavier than my cutting weight today and it’s only 2 days into my bulk.

it’s tough too because i’m having people from my uni say “wow you look really good (with my skinny cutting face).”  

idk bro’s it’s just hard lol i really really need to get mass on - especially on my legs - but it’s hard to commit to a bulk.",0,0,0,0,0,1,0,0,0,0,
7,"i think it goes both ways. in the long term i think its helped since i can say i look better than i did a few years ago, but in the short term sometimes i feel like my progress is not good enough or that im spinning my wheels and i get the feeling i need to change my program or diet etc. a lot of people hop from program to program but i learned that what works best, and the ones that last, are things that are planned out in the long term. i think mentally its hard for people to trust that something will work in the long term, and thats why people are likely to switch programs too fast or go from bulking to cutting too fast. but bodybuilding helps you learn to trust the process which can also be applied to basically anything else in life. slow consistent progress is the best progress whether in the gym, at work, or in your personal life.",0,0,0,0,0,x,0,0,0,0,
8,how does this not get abused though? physical injuries are objectively diagnosable. mental health is not.,0,0,0,0,0,0,0,0,0,0,
9,"as a lifeguard, i can assure you nobody would stare. at least not in my experience at the pools i’ve worked at. its pretty normal as swimming is a low impact exercise that is easy on the joints which is something that makes exercise harder when you’re heavier.

i understand the anxiety, i’m working on dealing with the same thing about actually going to the gym. i’m perfectly comfortable in the pool but going to the gym and working out on machines feels like the most terrifying thing ever. i know from my experience in the pool that nobody will be paying attention to me but i still freak out thinking about actually going to the gym. 

i’ve started approaching it with baby steps. starting with things i’m more comfortable with like the stationary bike. then maybe doing some things i learned in physical therapy. maybe try doing baby steps with the pool. maybe attend a group aqua class so you can just blend in with everyone else at first. maybe stay late after class once or twice. start doing your own thing, swim laps or do some water walking. maybe eventually you’ll start coming on your own without a class.

its okay to be scared. its pretty normal actually. that doesn’t mean its any less scary or difficult. its really hard. but know that you’re not alone in feeling scared or intimidated. you can work through it. the first several times at the pool will be hard. but eventually it will start getting easier. maybe try visiting the facility once or twice before you plan on swimming to get to know how it is and get a feel for things to take some of the pressure off of going headfirst into a completely new situation.",0,1,0,0,0,0,0,0,0,0,
10,"i don't know that i've ever had it, but i find that i either have two states when running:

* i'm either so focused on my form, due to returning from injury, that stress from the day is pushed out

or

* i'm actively brainstorming the schedule and method to solve my problems and zoning out on the run

&amp;#x200b;

either way i get more mental clarity and it helps with stress/anxiety",0,1,1,0,0,0,0,0,0,1,
11,"i don't lift super heavy for someone of my size and general fitness. but i rarely do isolated lifts like curls and the bar without plates is 20kg (44lbs). you'll be surprised how much you can actually lift, depending on the exercise. obviously, i can pile on more plates for squatting than for bench pressing etc. but i don't lift impressive weights. i do notice progress though (or i did before my gym closed, thanks covid). are you challenging yourself to try more every now and then? often it's a lack of confidence holding people back from trying more. but if you are okay and happy with what you are achieving i wouldn't think too much about what others lift.",0,0,0,0,1,0,0,0,0,0,
12,"&gt;we get what we all love, federer vs djokovic

ah yes, my favourite things, heart attacks, depression and suicidal thoughs",0,0,0,0,0,0,0,0,0,0,
13,"you did the right thing by cutting the dude lose but should probably understand if the guys really was that brilliant, being smart like that makes the effed up parts of life hit that much harder. very difficult to put your head in the sand and be simple and focused when a brain is highly perseptive. 

isn't it a common trope that super smart people often end up super depressed? ignorance is bliss?",1,0,0,0,0,0,0,0,0,0,
14,"^    ***please read [the faq](https://www.reddit.com/r/xxfitness/wiki/main), [the rules and content guidelines](https://www.reddit.com/r/xxfitness/wiki/new_rules), and [current frozen topics](https://www.reddit.com/r/xxfitness/wiki/frozen-topics) before [contacting the mod team](https://www.reddit.com/message/compose?to=%2fr%2fxxfitness)***. this comment is a copy of your post so mods can see the original text if your post is edited or removed.
>u/ilovemybernedoodle
i’m a 19 year old girl. i’m 5’8 and around 150-155 lbs, but i haven’t checked in a while for the sake of my mental health. i came home from my first year of college in the beginning of march due to unhealthy habits with drinking, not studying, mental health, and i wasn’t finding friendships. i’ve never been totally athletic either. i played softball growing up all through high school, on a travel and varsity team. i tore my acl my freshman year of high school and tore my meniscus back in december, both of which i had surgery for. i’ve been vaping consistently since probably 2020 and have severe asthma and whatnot. 

alright let’s get to the point. i don’t run. i don’t go to the gym and i get winded just walking around. i’ve never done anything for my physical health since i stopped playing softball last year and went to college shortly after, where i unfortunately gained the freshman 15. i’ve always hated my body, i’ve never felt comfortable around my friends because they were all petite and really skinny without having to try. they all looked amazing and never had anything like a stretch mark or cellulite. i want to do something for myself to feel comfortable again. i have big legs, i’ve always had big legs, but they aren’t long. they’re stubby. i have a long torso which means it’s pretty skinny. i hate my body though. i really do need some help. 

i want to go to a gym but i have no idea where to start. i have extreme social anxiety when it comes to running or anything physically related to my body. i’m so ashamed of what i naturally look like to the point where i can’t even wear shorts sometimes. i’ve started walking recently just around my neighborhood and trying to do some light youtube exercises. when i say that i am genuinely out of shape, it takes me 26 seconds of running to be unable to breathe and exhausted. i want to go to a gym but i don’t want to be humiliated by the surrounding skinny girls my age who go to the gym to walk on the treadmill and maybe squat. no hate, but in my mind, they have no reason to be humiliated because they look how i want to look and i don’t know how to get there. i am thinking about joining orangetheory but again, i’m scared of humiliating myself in front of a bunch of moms and dads and really active and healthy people. i want to work on myself, because mentally, i’m set, but i’m ready to love myself physically even if it requires a lot of work and a lot of time. i want to be able to love how i look in shorts, and not look in a mirror and see my stubby fat legs. this is not a cry for attention, but an instance of self recognition and accountability for the lack of priority that activity and wellness had in my life. i wanna be better, so hit me with the hard truth/reality and i’ll take everything anyone recommends.

*i am a bot, and this action was performed automatically. please [contact the moderators of this subreddit](/message/compose/?to=/r/xxfitness) if you have any questions or concerns.*",0,0,0,0,0,1,0,0,0,0,
15,"ignored offensive/defensive assignments in order to be the first one in the best position for rebounds. 

he totally did this with spurs because he hated it there, hated robinson, and wanted to screw them over. (he was also suicidal and having serious mental health issues)",0,0,0,0,0,0,0,1,0,0,
16,"by sustainable i mean something i can achieve week-in week-out without murdering my knees and bow me off gracefully over the next ten years into being an active senior. running is something i describe as love having done lol... like starting is so often a drag but i’m rarely sorry and rarely feel like i have to cut short of change plans once i’ve started. today i just started questioning why everything - why do i run when i could stay at home with my cats and crochet before work instead? i can be active and look after my future health doing much less, i would think. but i am also loathe to give up what i have achieved.  

as far as strength goals, i don’t really have any. i find the resistance work means i get running injuries less and of course having some strength is always useful. i tried a progressive 8 week program end of 2019 before everything closed down and i didn’t really get much out of it. not willing to bulk i made gains on paper but i looked and felt the same at the end.

i guess you hit on mental health goals - probably where i should be focusing.",0,0,0,1,0,0,0,0,0,0,
17,"definitely. i only run 4 days a week because i want to prevent overuse injuries, but even on my off-days i have to do something active, whether it’s crosstraining on the elliptical at the gym or just going on a 3-mile walk in a park near my neighborhood. i have an anxiety disorder and ocd and exercise, specifically running, is a big part of my treatment plan.",0,1,0,0,0,0,0,0,1,1,
18,"ladies and gentlemen klay thompson, 1/2 of the splash brothers, has reportedly been cleared to return from injury. for the first time in over 2 years, i left my bedroom to receive a whiff of sunlight. i will also add that i ended up touching grass. currently preparing my first meal in months as my depression is over. time to reset my life, klay is back!",0,0,0,0,0,0,0,0,0,0,
19,"i had a six month break from running this year because of injuries (achilles tendon and the outside of the ankle). it happened right before what would have been my first ultra, and while 6 months isn't objectively that long, it  felt like forever.

for me, my running group is also my primary social outlet, and so i found it helpful to keep coming out, walking easy trails instead of running, and volunteering for races. i'll admit that i didn't always want to to show up, and i did sometimes feel slightly resentful seeing everyone (seemingly) achieve their goals, while i was sidelined. that said, showing up, rather than staying alone was good for me. it wasn't the same as being able to run, but it did help me with my mental health during that time. also, the running community is incredibly supportive, and i always had someone to be with (injured or not), while walking.

i went to the gym and did yoga &amp; physio during that time  working on my other hobbies or interests helped me too and taught me to diversify my self-care strategies. 

i hope you get answers soon about your heartbeat and wish you the best during this time!",0,0,0,0,0,0,1,0,0,0,
20,you’re still completely ignoring the actual reason which is that it was very very bad case of the yips,0,0,0,0,1,0,0,0,0,0,
21,"i legit think that he needs to like take a season off, work with a therapist and a mental conditioning coach, and focus on other things that make him happy. my first reaction is to always hate on him for being so unreliable, but as someone who struggles with depression, anxiety, and has adhd, i can somewhat relate to him. words can cause irreparable damage. 

him being sent out to a team like okc or rockets might also work where he won’t be under pressure to perform. hope he figures it out.",1,1,0,0,1,0,0,0,1,0,
22,"36yo, currently hovering around 245. in july i moved back to chicago and had lost about 30lbs with stress/moving without really doing much. in november i started being more deliberate and got a strength trainer, started doing weights at home. feeling more focused and loving getting stronger, going up in weights each week. i can feel the muscle growing under my michelin man layer. 

my initial focus, and still primary focus is mental health and positive momentum to continue making better choices. lifting keeps me feel grounded and more in my body. my disassociations/depersonalization moments are less frequent and overall mood and emotional management are getting better and better.

so now, i’m looking to start cutting without wanting to tear my eyelashes out one by one. i’m trying to hit approximately 1g protein:1lb body weight. and relatively low carb, &lt;70g.

does anyone know of a simple meal plan/service that can help me hit my macros without the food calculus? (have been trying carbmanager1 just realized you can create your own meal plans there)
also, how do you keep focus and dedication when motivation is flagging (diet wise)?

thanks for reading! 
tl;dr simple methods to hit macros, and keep on track with food goals to lose fat/build muscle",0,0,1,0,0,0,0,0,0,1,
23,"thank you so much for sharing. i remember how hard it was to push past the anxiety back when i was the twiggy kid in the gym feeling like everyone was judging me. congratulations.

one thing to add is please get help for your depression if you can. having more tools in your toolbox always helps, and while training is amazing, injuries happen, and it helps to have more things to fall back on if necessary.",1,1,0,0,0,0,0,0,1,0,
24,"yeah i should do one for sure since i need an update on what kind of shape i am in. guess i haven't done one in so long because it feels easier and more comfortable to just follow my normal schedule without any disruptions.

meaning i would want to do some prep work before a serious 2k attempt. schedule it well in advance to mentally prepare, go to bed a little earlier the days leading up to it, skip my morning calisthenics routine( do them on my erg days), maybe even take an extra rest day. stuff like that.

guess it comes down to fear of failing. shouldn't really feel like i have to prep myself for a 2k test. felt way less of that some months ago. before the last 2k attempt i had done 3x2k, 4 min rest hiit a number of times. felt that workout was great for reducing my anxiety. get a feel for the distance in a tough fashion but without the same pressure to produce a great result. might give that a shot again and then go for the 2k the week after.",0,0,0,0,1,0,0,0,0,0,
25,kuz looks drained of all confidence. it's throwing him off completely. this game you could see he's running around dejected,0,0,0,0,1,0,0,0,0,0,
26,"thank you for your honesty. i appreciate it. i really do.

she is having lots of fun. she really likes swimming. she loves being with her swimming friends, and she is very likeable. we love seeing her train and going to tournaments, where she is having a blast.   
she is very nervous about competing though. she is a bit of an anxious kid. she has that from me, i guess.

i think she is listening to her coach, but doing the bare minimum necessary. she is like that with homework aswell.  
i've heard the ""i tried what the coach said, but it didn't work"" a couple of times now. as if trying a thing ones or twice will bring results.  
i try to give feedback in the nicest way i possibly can. i would hate for her to lose her joy of swimming, because of the pressure from us parents.  
but then again, i see that she is sloppy with her techniques. it's not easy fixing that without addressing it.

  
the group has 15-20 swimmers in it. i don't expect the coach to see every little detail, while we parents mainly look at her.",0,1,0,0,1,0,0,0,0,0,
27,"i had a great trainer ride yesterday in preparation for the the volcano bike ride that is one month away. it was very challenging but i keep sticking through all these tough workouts because i think it is making me a better rider and i must defeat the volcano.

afterwards i tried day one of nsuns and kind of guessed at my 1 rep max and then proceeded to do it and it was really productive so i must've guessed in the right realm. however what i unfortunately did not guess was the fact that today we have another winter storm warning so i will probably be shoveling after work tonight if the weather forecast is correct. my arms are a bit sore...did not factor shoveling potential into my game plan. \*weakly shakes fists at sky\* why is there so much snow this year

also i had a curious elixir last night even though i really wanted an old fashioned and am now on day 3 of not drinking. baby steps. i tried to do dry january but it ended up being dry first 15 days of january followed by drier than usual jan 15-25 and then forget about the whole dry anything from the 25thuntil the 3rd of february. not binge drinking per se but there were work events and friend events and i would have \~3 drinks when i intended to be like ""only one tonight!"" and i was disappointed in my self control. my motivation for cutting alcohol is one that it is good for me but two, if i cut empty drinking calories out of my life, i will hopefully lose a little weight and then there will be less to haul up the volcano..   


i weighed myself this morning and it was a very happy weigh in but i have trust issues with my scale because last time it fluctuated this way it was because my evil cat had snuck a litter pellet underneath the scale and it made me weigh in lighter than i was. however, if it is accurate, i am down 5 pounds since the beginning of january when i started trying to be healthier with consistent bike workouts, sporadic weight lifting and eating grilled chicken when every ounce of me wants a burger and fries. guys, i made a salad with massaged kale last night....it was okay. i am not going to lie to myself and say that a burger wouldn't have been better but it was okay.

  
anyway! that is my update. i am trying to keep myself accountable to defeating this volcano so let the record show that i am \~30 days out from biking up haleakala!",0,0,0,0,0,0,0,0,0,0,
28,"thank you for posting, this felt very real well because it was-i have felt all your feelings at much shorter distances, i have wanted to cry knowing that one of my runs just sucked that bad, i have wanted to give up countless times. 

i love that you finished, in the end the only competition we have is our own self doubt. the only failure is giving up. you did something i’m in awe over-a marathon, i have many years before i get to that point in my racing. again, thank you for being real.",0,0,0,x,1,0,0,0,0,0,
29,"thank you for sharing. my fiancé and i were hit by a hit and run driver sunday night while walking our dog. my leg is broken and i have a concussion, while his injuries include broken ankle, pelvis, clavicle, and concussion, and staples for a laceration in his head. 

right now i feel incredible scared but also overwhelmed. i appreciate your sharing this because it makes me feel less alone in this and gives me some next steps. i’m not sure what will happen for us or how long our road to recovery will be, but i know it won’t be easy.

i’m glad to see you’re running again. i would love to again some day, too.",0,1,1,0,0,0,1,0,0,0,
30,"i made the side comment about being a side chick because people have actually said this to my face - that he cant possibly be sincerely dating me, since it’s technically forbidden. he’s not a strict muslim though, so i wanted to clarify that. 

he’s cut out all protein from his diet ~ because he doesn’t want to cook. he’s too tired or not bothered to do it unless he has a meal with his friends. seriously all he’s been eating are bananas and dates, which worries me. i would understand increasing his fruit and vegetable intake for making his meals healthier during this time but he’s not eating healthy at all. 

i only offered to cook once, because i thought it would help him since he doesn’t have the time or energy to do it himself. i’m not trying to be his mom. i also wanted to feel included in his life. i don’t get to see him for over a month and maybe get i’ll a phone call once or twice a week that’s ten minutes long, but i have no idea when or if he’ll call me. i’m completely cut off from him and don’t feel like his girlfriend at all. i feel useless and like every time i talk to him he’d rather be sleeping or doing something else, 

i’m not triggered by specifically his fasting, but by his sudden obsession with losing a lot of weight in a short period of time. all he talks about is cutting weight, and what methods he can change to do it faster. this is what triggers me. fast all day and eat only 500 calories a day. avoiding carbs. avoiding fat. suddenly raw vegan only for losing weight. maybe he should make smoothies and only drink liquids. like these types of things i hear him talk about, raving about unhealthy methods for rapid weightloss, obsessing over it. it doesn’t make me comfortable because of my eating disorder history. 


for bjj he has to do weigh-ins, so i get his reasoning for himself needing to lose weight. most people in martial-arts related sports have to do this. but i don’t need to do that for soccer, so it’s different. yes, dropping a bit of weight will help me, and its something that i am working on, slowly, in my own time and with what works for me and my relationship with food, my lifestyle, my training regimen. suddenly his obsession is pushing me to feel like i too need to drop the weight faster. like if i don’t make significant progress by the time ramadan is over, he’ll be disappointed that i didn’t lose as much weight too. but he doesn’t realize that 1, doing that would fuck me up mentally and i’d fall into bad habits again, i would likely fail my upcoming exams from low energy constant brain fog and no motivation, and my performance on the pitch would suffer greatly. and to top it off i’d probably end up getting really sick because i have two autoimmune disorders that flare up most when my body is under too much stress. him constantly reminding me, “you gotta cut weight. thats the only way you’ll be a better player” is really hurtful. 

i don’t see how anything i’m doing is being unsupportive. i just don’t want him to suffer at work and be bothered more by his annoying boss because of his lack of productivity, or be miserable during this time. get sick from poor nutrition. pass out while driving or something or getting badly injured while he’s training. that scares the shit out of me.",0,0,0,0,0,x,0,0,0,0,
31,"and now is where the real fun begins. the last 6 months of preparation come down to water cutting to making the 242 weight class. i’m prepared mentally for what’s coming. i’m a sliver under 255 as of 2 hours ago. my fast will start in another few hours until either after weigh ins, or in the event i blow past my target whenever i can afford to break it. 


i’ve cut way more than this before, but cutting still isn’t the most fun. i’m nervous and anxious and really just want work to get over so i can get my mind in the right place for this meet. i still have to pack my stuff and get food for the meet. 


2 days.",0,1,0,0,1,x,0,0,0,0,
32,"late to this but,

i have terrible anxiety. absolutely awful. one time my mom took me to the er because she wasn't sure what was happening to me and it turns out it was just a ridiculous panic attack. another time my ex asked to meet up just to chat and i couldn't stop physically shaking the entire time (even though i'm the one who broke up with her) from nerves. the anxiety gave me insomnia and led to severe procrastinating. 

**get. medical. help.** i went to see a family doctor and then insisted on talking to a psychiatrist. don't settle for someone who won't listen to you and doesn't take the time to hear your problems. i've had hit or miss experiences with therapists, but i think they're a great resource (especially if you don't have a great social support system otherwise). don't let anyone convince you that what you're feeling isn't real, and know that there are legitimate cases where medication is the answer (talk to your doctor though).

i've since started on effexor and it was such a game changer for me. better focus, productivity, relationships, you name it. some side effects, but the benefits vastly outweigh the drawbacks. it is very, very likely that the first ssri/snri won't work for you. that's normal. be patient, listen to your doctor, and try different ones until you find one that works for you. it might take a month or two to really know. trust that life gets better and trust that you've got people around you who want to help! 

credentials: graduated from college, currently pursuing a phd in anatomy that i never would be doing if my anxiety was still bad. also have some decent lifts. also also been through the shitter when it comes to anxiety. 

godspeed, kings.",0,1,0,0,0,0,0,0,1,0,
33,"all sorts of ways. almost impossible to define it. 

a couple of years back i don't think i was in the best of places. generally feeling down, would lash out at people at a moments notice, felt a bit bored with no energy. i was playing lots of sports but wasn't enjoying that at all. i had/have a stressful job and would take that negative energy home with me and would go in to work already not looking forward to my day. also had a pile of anxiety at the time as well. i don't want to say i was depressed but wasn't far off. 

going to the gym gave me something new to do. it just started changing my life in lots of small ways which led to bigger changes. i go in the mornings so i was waking up earlier and i love that quiet in the morning. that meant i was generally going to bed earlier which gave me more sleep and i felt better for it. it was a place where i didn't have to worry or think about other things so it was giving me headspace. i generally overthink everything to death which is mentally exhausting but when there all i was concerned about was lifting the weight. i ate better. i felt better going to work. i enjoyed the day more. that meant i was going home in a better frame of my mind and i had way more energy throughout the day. i looked better and it was nice getting compliments of people so my confidence shot up. i felt stronger and all of it just improved my frame of mind. 

i know it sounds a bit silly  but i remember i started doing 100kg deadlifts just to warm up one morning. i wasnt even that consciously aware of it and then i realized this was my absolute max 1 rm about a year ago and i just felt great for it. 

people always ask me 'what are your goals?' and 'why would you need to deadlift 180kg, what is the use in that?'. people draw, paint, read etc. weightlifting is just another variation. they don't realise what it might to do for someones mental health to overcome a challenge like that, to see obvious progress in something your putting energy in to and what that positive feedback can do for someone. i could just lift lighter weights for more reps, get a pump and go home but there wouldn't be the same challenge or the same reward for me.",1,1,1,x,0,0,0,0,0,1,
34,"so i’ve been all over the place with what i want to do and how i want to do it. i finally realized that just winging it every day is not cutting it and just adding to my anxiety. every day i would feel so stressed that i wouldn’t be able to get my jogging time, yoga, and strength training in and feel like a failure when i didn’t set aside time for all of these things all the time. i’m working on an actual schedule based on my goals and what i enjoy doing. i like walking/jogging, pilates, yoga, and strength training. so now i am actually setting up a routine/schedule and am feeling so much better about it!! i think i’m going to do jogging mondays, wednesday, and friday’s. strength training tues, thurs, sats, and 30 minutes of yoga/pilates everyday. i know that a ton of people have already figured out that routines are important but i guess i never felt ‘fit’ enough to need a routine. it feels good!",0,1,1,0,x,0,0,0,0,0,
35,"&gt;i'm wondering if a physical therapist will help cut back on the healing time.

always worthwhile seeing one with an injury.

&gt; how do you not get depressed when having to take a rest for so long?

focus on what i can do and not on what i can't do.

&gt; have any of you had to stop due to injury and how long did it take to regain strength?

broke my foot jan 2020. no running or lower body strength work for 3 months - could use a stationary bike, rower and did bench press 4x week. was back hiking at my usual pace by june, pb'd my squat in august and ran a 10km at my usual pace in september. 

&gt; because it's hard to gauge what is safe to do or not.

this is why you need to see a physio asap. i was seeing my physio from 1 week after my injury for the next 3 months and they were able to guide me with my return to exercise.",1,0,0,0,0,0,1,0,0,0,
36,"similar to you, op, lock down happened, spring was starting and i had spent a month eating too much.

i was big into strength training but had a shoulder injury from shoveling snow and it wasn’t healing right. i finally gave up strength training , and hiit; because i did that for mental health, i had to do something i was climbing the walls. i was also getting deep into yoga at the time which i could work around the shoulder. 

now i’m coming up on 3 years steady of running  and have a 200 hour yoga teacher training under my belt lol. i feel the best i ever had.",0,0,0,0,0,0,1,0,0,1,
37,"definitely this.  my past addiction history has certainly manifested itself in my running.  i've over-trained at times, dealt with injury, and suffered from anxiety being sidelined.",0,1,0,0,0,0,1,0,0,x,
38,"i definitely get in my head with information overload and try to 100% learn in theory before doing something. i get anxiety from it and it’s something i’m trying to change. from my research i’ve been doing a beginner compound lift from the wiki with some accessories but is there a step by step that i can follow that will work for most people? i don’t mind if its not 100% optimal but if some of y’all say it’s good enough that’s good enough for me. 


my fear is that i’m following the wrong info or whatever. like i see a bunch of people get ripped on bro splits then i see a bunch of comments how this is wrong. i’m in the gym 3x a week but i don’t see anyone else running 3+ compound movements for upper and lower in the same day. making me second guess myself. would love a guide like day 1 do chest 3x12  and leg for xyz day 2 run for 3 miles day 3 rest. etc.",0,1,0,0,1,0,0,0,0,0,
39,"can any of you give me some encouragement to finally start a proper bulk and gain weight after a too restrictive diet that led to both muscle and fat lossand a obsession with exercising(mostly walking,and doing cardio)?

i feel exhausted all the time because i actually don't like doing cardio but as i still have this ""dieting/cutting"" mindset in my head to burn off as many calories as possible and move as much as possible i can not seem to stop doing these compulsive behaviours. i am underweight according to the bmi scale(16.3)as a 16 year old male and i am just so tired of this vicious cycle repeating itself everyday, the need to hit my step goal per day to keep ""healthy"" etc. i also feel so sore every morning that i sometimes struggle to get out of bed and also sleep is struggle as well for me.

i just don't know what to do at this point because i am scared to increase my calories as a former chubby kid who got bullied for it, and i am also not sure if i were to increase them would these problems go away. any help is welcomed, thanks!

note: i lift weights 4x per week, have 3 pe classes in school and due to my compulsive and obsessive walking habits i usually get 12-14k+ steps in a day.",0,0,0,0,0,1,0,0,0,0,
40,"just started hitting the gym again after a long break due to pretty severe depression. my sleep has been pretty fucked for a long time now due to this, sleeping between 3 to 6 hours a night.  
this lead me to forget that a physically demanding job + semi cutting + hitting the gym requires more than 3 to 6 hours of sleep.  
  
because of this, i missed gym today as i fell asleep for 4 hours as soon as i got home.  
  
oh well, tomorrow is another day for gains i guess.",1,0,0,0,0,0,0,0,0,1,
41,"i’ve gotten emotional during runs, but never more than a few tears.  however, in pre-covid times i was an amateur kick boxer and muay thai fighter and definitely sobbed more than a few times while doing intense pad work.  it usually happened when i was already going into the gym emotional, and especially when training for a fight and cutting weight (i usually cut from 125-130 lbs to the 115 lbs women’s strawweight divisions).

i think putting everything out there physically can lead to letting all your emotions out concurrently.",0,0,0,0,0,x,0,0,0,1,
42,"i don’t have much advice but same here. i was slowly becoming more comfortable and confident, then i failed a squat for the first time (didn’t even do it properly - i just panicked internally and threw the bar over my head) thankfully i am not injured or anything but now i’m afraid to try again. 

in hindsight it’s my fault for not learning how to safely fail. i highly recommend learning how to do that first, or have someone spot you if that helps take the anxiety away.",0,1,0,0,1,0,0,0,0,0,
43,"the injury thing? yeah, that can happen, but it the result of bad form or bad overload tempo, both of which are just as likely with bodyweight exercises as weights.

i can understand the social anxiety, and to be honest, bodyweight routine can be pretty damn fine! but the fear of injury excuse is bullshit.

and yeah, weights cn become necessary at some point in the future, but at the moment bodywright is going to be plenty challenging for you.",0,1,0,0,0,0,x,0,0,0,
44,"perhaps the answer for some, but not all. bill russell used to vomit out of nervousness before many of his games. 

i felt very prepared for most games i've ever played but the anxiety or nervousness was often there regardless. i think i ended up play most like my real self in front of huge crowds when i was able to make myself care less, oddly enough. once i put things in perspective, sometimes i found some comfort.",0,1,0,0,1,0,0,0,0,0,
45,"waking up early in the morning for no good reason, random tearfulness, not enjoying the things you used to, snapping at friends/family members for minor transgressions, dreading going to school/work/gym, being uninterested in food or comfort eating. there are lots of reasons why you might be feeling tired or seeing a change in your weight but those are the big ones to suggest that stress/depression/anxiety might be affecting your mood. 

emotional stress and mental health can interplay with overtraining - physical warning signs can include picking up lots of little niggles, slow to recover from hard workouts or injuries, peak intensity taking a beating no matter how much more volume you put in.",1,1,1,1,0,0,0,0,0,0,
46,"i’m sorry you’re going through an injury, it’s really tough and i hear you! i had an injury at the start of quarantine that kept me from running for 3 weeks and i felt the exact same way. what got me through was continuing to exercise in any way i could that didn’t further my injury - just for some mental sanity! i totally understand how you’re feeling, i shed lots of tears during my time off with the same fears and thoughts you’re having but i realized that i had a lot more control than i thought i did and that my anxiety about not running and being injured was making me think i was gaining weight/losing progress, etc. and it really wasn’t as bad as i was thinking.
then when i started back, it was a little mentally tough and i was being really hard on myself but i got this advice from a running coach and it really changed my perspective “most runs are not those amazing runners high runs, just keep showing up, forget about the pace and just run”. best of luck with your recovery and don’t be too hard on yourself!",0,1,0,0,0,0,1,0,0,1,
47,"wow.  every single comment i have read, and i don't think i have read them all, show only those that have never used a tonal hating it, and everyone that has one loving it. pretty telling imo.

tldr;
it is worth every penny.

i have one. i love, love, love it. in my late 20's-late 30's i trained every day in bjj, boxing, and/or muay thai. a torn rotator cuff and covid ended sports for me, which led to 2 years of depression and weight gain. i had also torn my meniscus and had tons of back pain (looking at you, purple belt). i owned my tonal for 7 mos before i really committed to using it, and now, 4 mos in, my knee and back feel better than i ever thought they would, and my shoulder, though showing less improvement, is also getting better.

i'm getting my definition back. i feel strong again. i'm even going back to bjj on monday for the first time in years. it would be dramatic and embarrassing to say my tonal saved my life, but it has certainly made it way better.",1,0,0,0,0,0,1,0,0,0,
48,so that's what i'm feeling right now. i have been so anxious and jumpy and nervous! i have an in person race saturday. and i feel terrible seeing my lower mileage lol.,0,1,0,0,1,0,0,0,0,0,
49,at -1000 tdee you could probably add some other joy in life instead of having suicidal tendencies over a handful of nuts bro :(,0,0,0,0,0,1,0,0,0,0,
50,"i would also think social media plays a role in this these days.

i live in a mountain town, renowned for its climbing,  hiking, and mountain biking, as well as a world class ski resort not too far. and i find so many people i follow on instagram and facebook have outdoorsy posts and connecting to nature and doing activities with friends #blessed. so i think that can play a part in higher suicide rates due to feeling like you're missing out on having friends and going on adventures.  i've even felt depressed as i felt like i should be out there doing fun things all the time like these people. but sometimes my job doesn't allow it or i'm too tired after long shifts. that said, i have a good amount of family support and a great so here so i feel less isolated than a lot of others. i also know that social media only points out the fun in people's life (like rarely do people post bad and unfunded things), but it can be hard to remember that when you are already feeling down. just my two cents.",1,0,0,0,0,0,0,1,0,0,
51,"three thoughts, focusing on this last year:

- as stated before, you don’t have to pound yards to be successful. you can make it up with quality work, including starts, turns and core exercises on dry land that give you confidence which brings me to thought two.

- mental game: you are training for your events. you know them; how to swim them; how to own them. do it in every practice. you know what to think about in every “goal” sprint you rehearsed. you won’t think at all once that gun goes off. 
your mind can crush you; don’t let it. if it takes talking to a sports psychologist, you should welcome it. 

thought three...

- swimming prepares you for the real world in a lot of ways. it looks that you’ve spent a considerable time discussing with your coach your training philosophy differences. you’re gaining interpersonal skills with superiors that disagree. that’s okay. we don’t always get our way with our coaches and bosses.  move forward, positively.

i hope that you have a great successful season! as many others said, be loose and have fun. it’s the best way!",0,0,0,0,1,0,0,0,1,0,
52,"regardless of position on this (which i find as totally legitimate in the spirit of the sport), i find the transphobia in the comments disheartening. modern psychology clearly finds transgender individuals to be more happy and with less stress when accepted and allowed affirming surgery. but i guess some people would rather have people driven to suicide than to encourage efficient care.",0,0,x,0,0,0,0,1,0,0,
53,"throw away account btw. been fucking depressed for years. i've found its very cyclical. i have about a week of being okay and sometimes happy, and a week of being completely in the gutter. i would love to get help, because recently it's been getting bad. i'm talking, i've planned out exactly how i want to kill myself down to the last detail, where i'm going, time i'm leaving, where am i stopping to eat (gotta get those last cheats in if imma die amirite), ect. bad. thing is i cant get help. my entire life for the last year has been focused on training to become a marine recon dude, but depression is a disqualifying condition, and theres nothing else i can really do other than be in the military, i dont get good grades, i am nowhere near being able to afford college, my only skills are working out. i'm constantly told by my peers, teachers, and coaches that i'm not needed, that if i wasnt around people wouldn't notice. friends go out frequently without ever extending an invite to me, the only time i ever spend time with someone is if i invite them, and even then they give off the vibe that they dont want to be around me. nothing seems to be working out for me, bodybuilding is fun but i feel like i'm never going to look how i want, powerlifting is fun but i'll never be as strong as i want, shit even my training for the marines recently doesnt seem like enough. and tbh i dont even know if that's what i want to do anymore. i just want to be happy, and i guess i do all these things to try and impress people because maybe if i have their approval i can begin to accept myself. i just cant find the answers because i dont thinkg i even know the question. idk man",1,0,0,0,0,0,0,1,1,0,
54,"in that case let me recommend opiate addiction, and the subsequent withdrawals. both will just destroy your appetite, so there's a good 3 months there worth of hardcore cutting :)",0,0,0,0,0,0,0,0,0,0,
55,"i had a heart arrhythmia issue when i was 12 that has now been resolved, but i do get the occasional episode from time to time. understandable, going through it and the surgery to treat it at such a young age was traumatic, so heart stuff in general is a strong trigger for anxiety and panic. 

i was doing leg day when i noticed my heart rate was going uncharacteristically high. i felt an episode start, tried bearing down to stop it, but it just kept going. in a panic, i hobbled upstairs to my door person (gym is in my apartment building’s basement) and asked her to call 911. 

it settled after that and i had the paramedics evaluate me just to be sure. i’m pretty sure when i was feeling was a panic attack and that my heart is fine. i did go to see a cardiologist and i’m wearing a 5-day heart monitor, currently on day 3. 

gains goblins, man.",0,1,0,0,0,0,1,0,0,0,
56,"i've struggled with suicidal ideation since i was 9 years old, spent much of my younger years being told to kill myself because nobody would miss me by my peers, and dislike seeing admired public figures saying the same thing. i know that seeing an athlete i looked up to encouraging suicide when i was in my darkest place would've been hard to handle.

which part of that story arc makes me someone ""perched atop a high horse acting outraged""?",1,0,0,0,0,0,0,1,0,0,
57,conditioning seems to be the biggest issue with him. the yips + entering the season in not great shape is a massive problem,0,0,0,0,1,0,0,0,0,0,
58,"this is so important!  i got so obsessed with what i could accomplish if i just kept pushing myself a little further that i totally missed the entire journey there! suddenly i was 20 pounds lighter, everyone gushed over how good and fit i was looking yet i didn't believe them in my head cause i still saw myself as just *fat.* ended developing an eating disorder, completely neglected my family (as in parents and siblings, don't have kids or anything), and was just overall more miserable than before i started. 

fitness requires both physical *and* mental 'effort'. if your motivation is based on currently putting your current self down in favor of the future you, when you actually reach your goal you'll still be miserable. you'll have conditioned yourself to 'admire' the future you, rendering your present progress 'useless' in comparison with what you still have to accomplish.

so, my new mentality is: can't compare or try to compete with anyone, only yourself; and realize how much better you are than your past self, don't agonize over how much better your future self could be. at the end of the day, you never know if the future will ever come. life happens, injuries happen, anything could throw you off the boat. but if you have the mental part under control, you'll be fine!",x,0,0,0,0,1,0,0,0,0,
59,"so i was listening to kobe the other day talk about coming back from injuries, specifically on how you overcome the lack of confidence. he said the best thing that can happen after an injury is for you to get hit in that same spot and walk away from it feeling good.

i’ve hurt my ankle a few times, had a surgery and whatnot, and i still play. best thing for me was rolling it slightly and being able to walk it off. 

i think this can be a positive thing for curry, especially if it helps quell some of that post-injury anxiety.",0,1,0,0,1,0,1,0,0,0,
60,"a lot of people noticed my progress and complimented me. at first they probably won’t care at all and will be doing their own thing. it’s just when they see you’re a regular maybe some may spark up some convo just trying to make some gym friends. i’ve had some super fit dudes correct me on form but not in an obnoxious way, they were just trying to help. i’m thankful for that. i’ve even gotten a super cute chick who told me she noticed my progress as she tried to be sly and ask if she can work in between sets with me on the lat pulldowns.  after about a week or 2 in it will be regular for you and your anxiety about working out will be gone. i even got that anxiety back when i was recovering from a wrist injury and wasn’t going to the gym for a few weeks. felt natural again after going consistently for 4 days. dw about what people are thinking of you rn.. just get in, do your workout, leave. best way to rid yourself of anxiety is to put yourself in the position where you think you will feel it then counter the thoughts of what could go wrong with nothing is going wrong and i’m doing it rn.. which will later turn into everything is going right, why was i so worried?",0,1,0,0,0,0,0,0,0,0,
61,"i think the point is that if his issues truly run so deep as to need inpatient rehab, then there is little to no chance that he spent even close to the length of time there needed to make the sort of significant improvements he needs to in order to leave and get back on the court.

he didn’t need to go do the damn rehab for all i care. that was his choice. the problem is portraying your problems as such that you require inpatient rehab, then leaving days later as if those same problems have been meaningfully addressed. that is not how these things work. he’s one of two things: 1) completely disingenuous and using the rehab angle as a means to seem as though his mental health was the major driving factor, something which he is serious about working on, or 2) he is being given very bad advice or being allowed to check himself out before he’s genuinely ready in which case i feel for him because he did not get the help he needed.

you can’t have it both ways. you can’t say that you have problems that require inpatient rehab then leave a few days later because you’ve got it under control. maybe this is something that is lost on people that have not struggled with mental health, but for anyone that has gone through serious shit it is obvious that this is not a sincere timeline. no need to pretend otherwise. and i have nothing against the dude. if he’s sick i really hope he gets the help he needs. if he somehow just needed to learn some lessons well i hope he can turn it around and do better from here on out.",0,0,0,0,0,0,0,0,1,0,
62,"so right now i'm feeling pretty ""ugh"" at where i'm at right now. i'd still consider myself a noob; i've been working out since september but never took it too seriously until january.

when i started i was very skinny fat, and it gave me body image issues. i started with a loosey-goosey bulk for ~3 months and gained some muscle but also a bit more fat so i decided to switch to a cut mid-january ( you can kinda see how flimsy i was already ).

[this] is what i look like now. i wish i had previous pictures but i was so self-conscious / anxious that i couldn't even bear to take a picture. i lost 11 pounds in that month and pretty much lost the fat part from being skinny-fat, so now i'm just a skinny dude cutting.

now i'm conflicted. should i keep cutting for consistencies sake? to lose the last little bit of body fat for a better foundation later? part of me wants to aim for some ab definition, but i don't have developed abs in the first place. i also want to build a better chest because i hate how it looks right now. and cutting for a month just to bulk again seems really counter-intuitive so i don't know what the hell to do.

like i said, i'm a noob, this probably sounds silly to you guys but i mean at least i'm trying.


***


stats just in case they're important:




* weight change: 175lb to 164lb in four weeks.
* 18 year old male, 5'11.",0,1,0,0,0,1,0,0,0,0,
63,"for me it comes in waves, i can't be bothered and kinda just go through the motions of working out and then other times it's in my head all day, ""tonight i'm going to deadlift xxxkgs"" or i'm going to ""5x5 xxxkgs on bench"".

it sounds corny, but i'm in one of those business networking groups and the personal trainer there always goes on about you needing a 'why' / reason for being in the gym.  he constantly reiterates that the why is never to 'look good naked' , or have a 6 pack it's what you think that will bring.  whether it's because you want to be desired by women, not looked at like a fat shit, not have to use an extension buckle or purchase 2 seats on a plane etc.  defining that reasoning is what's going to fuel you to go in and put in the extra mile at the gym.

for me personally, having people i train (and train jaw / talk shit with) makes me both accountable to be there and makes the experience more enjoyable.  gives me people to push me, help check my form / validate that i'm not lifting like a dickhead etc.

all in all you need to find a motivator and stick to it.  if you're demotivated for other reasons, ie a lack of progress work out why and fix it.  /r/fitness has a heap of knowledge.

you got this.",0,0,0,1,0,x,0,0,0,0,
64,"all fuckery aside, it was interesting to hear his take on some of his injuries and the long-term effect that it had on his mental health.

he had already mentioned being depressed in boston, but i didn't know he was having suicidal thoughts. that honestly explains a lot of his behavior. when you're suicidal you really don't give a fuck about anything...js.

i wonder if his original plan was to bring kd to boston. a lot of the comments were saying that it could have possibly been kawhi that he wanted to team up with.",1,0,0,0,0,0,1,1,0,0,
65,"long write up ahead warning. mostly just gonna type this out mostly to self reflect myself on the year so ty to anyone who reads.

other than covid putting a halt to me being able to go to the gym from march to end of may. i started lifting in jan. jan started off dark though as i lost my grandmother who i was just as close to as i am my mother since i'm the only grandchild of the family on my mom's side which means she basically gave me as much attention as one of her own kids. it was her who motivated and helped me get my shit together in life such as learning to drive , always taking time out of her day to talk to me and always ""checking"" in on me. she loved me more than you can put in words and it's probably something i'll never fully cope with other than just try to remember her in the best way i can. she had a stroke that caused too deep of a brain bleed for her to recover from and the worst part was the week she was alive, you have hope at first but then doctors tell you the truth that even if she recovers , the chances that she would be able to communicate or be any semblance of their former self is low/wishful. in some ways i do feel me and my family were spared that pain and more pain for her that she went and didn't have to live more years being connected to machines to just ""exist"". but i don't know why but her death sparked a desire in me to actually start lifting weights again. it had been in my mind for a couple of years as i did powerilfting and lifted pretty serious in high school but i stopped after i graduated and as common, i got real big because of that. in 2015, i slimmed down though over a 2 year period from 280+ pounds to more than likely 300+ , as i have no idea how big i got other than i know i was at least 280 and i for sure got bigger after that. i am 5 ft 9 so i was at the morbid obesity phase and a very dark time in my life of just being a ""loser"". but somehow i escaped that. so me starting up lifting towards the end of jan in 2020 was basically just me taking the next step to improving my fitness as i had slimmed down to below 200 just through changing my eating habits and slightly more physical activity. i just started eating only once or twice a day and pretty much strictly adhered to it.

i can contest that muscle memory even after 12 year layoff considering i was 29 when i started back up and i had the fortune that i was trained in hs by a good coach and had an idea of what i should be doing but was far from optimal but i basically just focused on trying to drill my form and increase weights over time. i think i focused way too much on accessories and maybe should have trained more on barbell big 3 but what are you gonna do, the most important thing is just make sure you do show up and do train. early on with just 135 on a deadlift, i tweaked something in my back probably just not being used at all to the movements but that fixed itself and was really the only major tweak i have had in this year of lifting. and then march came and covid and couldn't go the gym. i really didn't do anything during this lockdown time. once i started back up in late may/early june, when gym's reopened, i had a renewed sense of purpose and started to be more serious. and basically planned out my lifts and training with the goal to pull 405. i did hit this in the end of september and was a big high point for me. squats have been rough as i've had issues maintaining brace out of the hole but this is mostly because i have severe balance issues because of my hearing loss greatly affect my balance itself as it is almost impossible for me to do things like balance on one foot and other related things and it's always been a struggle, even in hs. but still getting better at it , just something i have to focus on and just means i work harder.

coming into the end of the year and end of current program is to finish and test 1rm goals of whatever i get above 225 bench , hit a 3 plate squat (i did 295 2 weeks ago and it moved well) and see what i can nail above 405 dl and basically whatever happens from there, we assess and just plan ahead for the next year of lifting. i can say without a doubt getting back into lifting weights best decision i have made in a long time and i can already mostly feel the benefits of strength, i used to sometimes feel nagging aches in my lower back but that has gone away now. and looking ahead is to just keep at it and don't train to kill myself and just get stronger and there's some vanity of course as everyone always want to look better. and my pant size has gone down from 36 to 32 so clear even though i've only really lost 15-20 pounds over the year, i've changed my body composition a fair amount. the long term goals in my mind is a 600 pound deadlift and whatever bench/squat hits, probably be nice to hit 3 plate bench , 4 plate squat or even 5 plate squat but to me deadlift is my favorite lift and the one i mostly excel at.

also 9 months of training and being at 225 or higher bench ,295 squat and 405 pull gives me confidence i can maybe hope to hit those big dream numbers of 500 pound squat and 600 dl. but at the end of the day, it's just the process and the fun in lifting weights. i'm sure my goals will change but just keep at it and lift heavy weights and look like i lift.",1,0,0,0,0,0,0,0,0,x,
66,"well, ankiel got thrust into a very tough situation by the cardinals, who decided to pitch him in a pivotal playoff game as one of his first appearances. he failed miserably, and sadly it seemed to kill his confidence and he then developed the yips.",0,0,0,0,1,0,0,0,0,0,
67,"got in a great limit bouldering sess on the home wall this am before work.  i haven’t felt top notch for my last few sessions due to anxiety and sleeping poorly last week so it definitely felt gratifying to feel strong again! it also helps that i am in the middle of resetting the board and have created more than a fair share of problems that address my key weaknesses, ie, lots of pinches and big sideways moves.  weirdly love working on my weaknesses with climbing, maybe because i put less pressure on myself to perform 😬",0,1,0,0,1,0,0,0,0,0,
68,"people cope and act different with the same mental illness. by saying this you are belittling every single person who has struggled to deal with their mental health disorders and turned to alcohol, drugs or self harm. just because two world class athletes have been able to take a step back and rebuild their lives doesn’t mean it applies to everyone exactly the same. i hope you can reflect yourself on these words and realise the damage they can cause.",0,0,0,0,0,0,0,1,0,0,
69,jesus christ imagine the dude who's dream was to play in the nba and yet he's getting fucked in the g league all suicidal and depressed and now he has to play looking like this,1,0,0,0,0,0,0,1,0,0,
70,my dumbass over bulked and now i’m having such a hard time cutting weight. i’m getting stronger but i don’t have the aesthetics that i want 😢,0,0,0,0,0,1,0,0,0,0,
71,"i got a knee injury few days ago and can barely walk now :""). still super depressed about this, been watching youtube videos all day. i legit have no other things that make me happy right now besides running/ les mills classes, and i feel mostly neutral about lifting. i can do some upper body at home but it doesn't feel the same. what do you usually do when injured, how to not feel like shit?  i feel like a lazy bum",1,0,0,0,0,0,1,0,0,1,
72,"[my 5 month progress](http://imgur.com/gallery/5ghdten)

m32, 5'8"", 213 pounds

i am 5 months down and going into month 6 into my weight loss/lifting, and i started my cut at the beginning of april, and plan to go until the start of august, cutting down 100 calories per month until then (started at 1.8k calories in april, 1.7k in may, 1.6k in june, 1.5k in july). 
immediate goal is to get under 200 pounds, for the first time in over 14 years.

my back (not pictured[obviously])is majorly lacking at this time, but working on it.

5 years ago, i had hit 289 pounds, and started my weight-loss without lifting or any sort of research. got down to 220 pounds by cutting sodas and junk food down to a minimum and then i jumped into lifting weights back in november after a particularly nasty mental breakdown.
these pictures are the first time i felt comfortable enough to actually take pictures of my body.

*ignore the mess in the background... lol*",0,0,0,0,0,0,0,0,0,0,
73,"haha, i definitely fall into the trap of ""everything is a priority dammit"" so i appreciate this advice.

i honestly don't usually feel terribly overwhelmed with my current schedule, it keeps me sane and happy in a way that i don't think anything else (besides being a professional athlete or something) could.  i just noticed that when we stopped our morning workouts a few weeks before break, i suddenly was mysteriously able to perform noticeably better at my sports practices.

it's frustrating, because i feel as though so many things are holding me back, but maybe the main one is just unrealistic expectations.  i'm able to manage everything really well if i'm on top of my sleep and nutrition (eating real food but also eating enough for my activity level, even if that means cutting slowly or not at all).  but then my adhd-y brain wants to pursue the next shiny object, and then the basics tend to suffer.

i think posting this has been really enlightening: i just need to focus on getting the most out of my ""non-negotiable"" workouts by really honing in on those basics, then adding other stuff in as is makes sense.

thanks!",0,0,x,0,x,0,0,0,0,1,
74,"definitely. i think just around the time of novak-carlos match,wimbledon released the agassi-nadal match. i don't know their head to head but nadal had only win two or 3 gs by then (only by their standards,many for do many others). he was facing all time great agassi whose last match it was. he won in straight sets.  federer faced agassi many times (and lost three matches in a row to him before winning the rest 8). won against sampras once (they only met once in wimby 2001). sadly nadal vs sampras and djokovic vs either didn't happen.

the big 3 normalised not having too much nerves. it's not easy. their mentality is something else. their reputations precede them. alcaraz getting cramps cause of stress is completely understandable.people put more expectations on him than any other young players . some hype must have reached him.regardless of that,however good you are,mental strength is something insane and it counts for something.  novak came into rg a bit rusty but man did he build up the momentum. tie break record????? and he went total destruction complete focus mode that day. basically looked completely unbeatable in any way or form. that's gotta be hard to face. especially carrying the number 1 tag. 

carlos plays well when he's happy,when he's in control. i don't want to compare but in some instances he looked like when iga faces rybakina. defeated.out of depth. i'm not comparing djoko to rybakina,just how both iga and carlos might be weighed also by the number 1 tag. and how they play their best when extremely dominant and controlling the pace of rallies.i just mean that the exception was big 3. we can't call this era weak because of that. carlos doesnt this ""he's better than big 3 or he's a hybrid of federer and nadal"" . he just needs to be him,play. he'll have defeats. everyone has them. he'll grow and learn and grt better.



think its a bit salty from jmdp but also he could be speaking feom personal experience. in social media era pressure,anxiety,etc are much higher than before. so yeah.",0,0,0,0,1,0,0,0,0,0,
75,"just from past performance, i have this weird feeling about some random dark horse pulling an upset.

i'd be fine with iga taking it, as she's been playing like world #1 and been so focussed. i just hope there isn't a kick in of nerves, since she's on such a match/tournament winning streak. but hopefully the psychologist on team will help to keep her dialed in. they really have a winning formula, it seems.

i'd also be happy with amanda anisimova winning. she's gone the distance at rg (semis in 2019) and has had a pretty respectable year, especially on the clay. semis in charleston and quarters in madrid and rome. imo, there has been this weird narrative as if only certain people have been dealing with difficult times. that's life for everyone and case in point is amanda, after losing her father a few years ago. i think it would be quite wonderful for her to take the big win.

if halep and iga meet up, it'd be interesting to see if halep can crack the iga puzzle. perhaps a few more weeks with patrick has helped her dial in a bit more? who knows. we'll see.",0,0,0,0,1,0,0,0,1,0,
76,"i think it may be semantics but that's kind of what i was trying to say by ""single neutral metric (among many) of health!"" 

like, bmi works fairly well as a generalization but it's harmful to use it as the end-all be all when there are so many other important factors like you mentioned (high activity level, nutrition, resting heart rate, low blood pressure, body composition, etc.)

personally, i have a really hard time mentally letting the bmi number go but when i look at it rationally i'm pretty fit at bmi 25-26 - i'm a distance day higher with decent cardio &amp; visible musculature and not totally locking down my nutritional goals &amp; being a little high bodyfat is the best balance for my mental health right now.",0,0,0,0,0,1,0,0,0,0,
77,"nice job! i have been sober for 6 and a half months. i had been drinking daily, about 3-4 drinks a day (and sometimes more). 

i too have seen tremendous benefits for my running (i have been consistently running -- and drinking -- for many years).

* effortless weight loss and newly-svelte midsection
* way better hydrated. no more waking up at 3am, desperately thirsty. 
* i sleep better and wake up with a clear head.
* i recover faster (probably from the better hydration/sleep) - i used to always feel like i was on the cusp of major injury but i've recently upped my weekly mileage to about 50 miles and feel okay.
* less anxiety in general, which helps me relax when i'm running instead of feeling bothered.

the biggest benefit is, i used to use running as almost an excuse or justification for drinking. like, ""i can't have a problem with alcohol because i ran a marathon and bq-ed"" or ""i can have two glasses of wine with lunch because i ran 12 miles this morning."" since i quit drinking, i am remembering that i run because it's an activity that give me joy and purpose, not because i'm trying to dilute a viciously bad addiction.

good luck op - keep up the good work!",0,0,0,0,0,0,0,0,0,0,
78,"since you wrote you've been battling with depression and issues with self confidence, here's a random thought: have you tried thinking of these longer slow runs as a challenge of a different kind? because they are and after completing them you should feel proud you fought through the boredom. let that dopamine flow!

i found that having a training plan (using a smart watch) immensely helped with that.",1,0,0,0,0,0,0,0,0,1,
79,"this is exactly how i feel too. even if i looked amazing, i would probably feel physically and emotionally terrible and have a nervous breakdown if i completely stopped working out. 

that said, i don’t need a super strenuous workout to achieve those benefits. so i’d probably stop doing some of the hard-but-effective workouts that i hate (heavy lifting) and do more easy stuff that i actually enjoy (yoga, light cardio, light weights).",0,0,0,0,0,0,0,0,0,1,
80,"i’ve been getting a lot of anti steroid psa’s as advertisements in norway and it’s really making me ~~disappointed~~ roid rage... 

it’s all the same story too:
- a guy has no idea what he’s doing, and always fat
- does steroids cause he wanted to lift more and be bigger than his friends/ or they were doing it too
- has no oestrogen inhibitor or hcg. complains about getting bitch tits, uncontrollable anger, erectile dysfunction, depressive/suicidal thoughts and small balls. (all preventable with the right measures and blood work)
- says that steroids are the issue, not his improper use.

it’s like a fat kid blaming burgers and fries for his obesity...

steroids are already stigmatised enough in norway :(",1,0,0,0,0,0,0,1,0,0,
81,"in my head i completely support him, but sometimes i just feel left-behind.  it means the world to me when he decides to skip a saturday morning workout to have breakfast in bed with me (or at least reschedules it to the afternoon).  this isn't something i need every weekend, but once a month or so i start feeling lonely, and as long as he's responsive at those times, we have a pretty good balance.

so, without undermining your fitness goals, toss your boyfriend a bone every now and then, he misses you!",0,0,0,0,0,0,0,0,0,0,
82,"why do so many people dread a strength plateau? the digestive system works on a 2-day cycle, muscle tissue recovers in a 2-week cycle, the central nervous system recovers in a 2+ week cycle, tendons ""recover"" in a 1+ month cycle, mental health is at minimum seasonal, which is a 6 month cycle. 

once in a blue moon, all of these cycles will crest at the same time, resulting in heavier max lifts. maintaining that strength (eg. a plateau) even when all these cycles desynchronize still means you're getting stronger. so, how come so many people obsess over the weights they're pushing and use them to rate others?",0,0,0,x,0,0,0,0,0,0,
83,"overthinking, i actually shoot a better percentage when closely guarded than wide open because i don't have time to stress the shot.

it's a gift and a curse though, the clutch is crazy but for the first 3 1/2 quarters i tend to be more passive.",0,0,0,0,1,0,0,0,0,0,
84,you don't believe that entering the highest pressure games of the season combined with constant harrassment from fans can cause someone's depression and anxiety to spiral downwards?,1,1,1,0,x,0,0,0,0,0,
85,"you pose an interesting question. i have felt the most emotionally connected to the gymnasts this olympics and it is kind of hard to explain why. i think my relationship with sports has changed so much throughout my lifetime. 

as a kid growing up in the 90s, like many people i watch elite level gymnasts and professional athletes with such admiration. i wanted to be just like them! i remember staying up really late to watch specific coverage of events (prior to live streams). i think when i was about 10 years old, i read an autobiography of ken griffey jr. where he openly discussed his suicide attempt. i think it was the start of me gradually looking at things differently. i couldn't believe someone who was so admired so greatly would be so unhappy that they would want to take their own life. 

as an athlete myself, i dealt with a lot of disappointment. people tell you all your life ""if you work hard, good things will happen to you"" and ""shoot for the moon"" and all that bullshit. the reality is, most of us deal with a lot of disappointment. the people you see on television as olympians or professional athletes are such a small percentage of those people who tried their hardest to make it there. after i graduated college, i still watch sports but did not connect to some of it the way i used to. a lot of it just reminded me i wasn't successful. it really took me awhile to get some distance and be okay. 

fast forward to now, i think the story of athletes has become so much more human. it might be in part due to a lot of strife in sports, in culture, the pandemic, and everything else. i don't know. i just felt like i could relate more to this olympics. i enjoy athletes feeling comfortable sharing their voice and the narrative hasn't been as carefully controlled as it was before. i've really enjoyed the imperfect storylines. i think it has all allowed us to feel connected to the games and reflect on our own lives.",0,0,0,0,0,0,0,1,0,0,
86,"i'm cutting weight for an mma tournament in 3 weeks. i was 80kg and had 3 left. yesterday i was at a birthday party and cheated a bit (a piece of cake, some soda, stuff like that. didn't empty the fridge out). woke up this morning at 82kg. i guess it's mostly water weight but it's soooo disheartening. i'm fucking hungry, if i don't make weight and have to fight at middleweight i'll be so pissed.",0,0,0,0,0,1,0,0,0,0,
87,"i wax poetic about the benefits of women lifting weights - lifting heavy and lifting often and not being afraid to eat to fuel it - but it's because it's not about *actually lifting weights* - it's about building your body and strength to be able to empower yourself. 

people get into it and want to compete but...who cares? it's so we can live life and be everything we want to be. in my small world it's being a good example of a responsible head of household to my daughter while being a quality parent. it won't happen if i'm tired all the time or filled with self doubt. it won't happen if i'm obsessed with the gym either and worrying about lifts and physique. train to live instead!

training is the only thing that ever empowered me to do all this for some odd reason.",0,0,0,0,x,1,0,0,0,0,
88,"ultimately you will hamper your muscular development and put yourself at risk of overuse injuries if you do hiit workouts everyday. or you may simply experience mental burnout. even if you are trying for weight loss and not strength or muscle gains, doing hiit everyday is a recipe for injury.",0,0,0,1,0,0,0,0,0,0,
89,"i am... tired of recovering from long covid. i'm at 22 months now. is it improving? yeah, but like... this is bullshit. i've fixed the exercise intolerance, but dude...

my endurance is way down (like my cardio is a stationary bike with moderate resistence for 9 minutes) and while it's increasing, it's just... slow. and i know that's how it goes. but then i go to do my routine and i choke. so, normally, i'd just consider tht part of the game and push through, cause bodies. but i'm afraid to here, because relapse. and then the depressive episode i was experiencing gets like two times worse. so was the choke bc i was depressed (and pushing through would've helped?!) or was it because my body needed to rest and was communicating that?! there's no way to know, other than pushing through and risking relapse, which is awful! or maybe both are true; i could push through and have my mental health be better but then be increased pain and lethargy for a week. and insult to injury, i was not prone to depression before getting sick, like at all! so i'm having to learn how to navigate lc and lc-induced depression at the same time!!!

that is to say, fuck long covid.",1,1,0,0,x,0,1,0,0,0,
90,"###deep fuck my ass to tatters water w3d2
#####4x10 pull-ups, 3x10 rows, 4x10 clean pull

#####1:30 rest

sickness (of the not-beer variety) has left me bed-ridden from sunday - tuesday. my monday workout is now suddenly on a wednesday afternoon. everything is off. i'm weak, exhausted, climbing a set of stairs is draining my lungs, typing is leaving my fingers quivering. by all means, i should be ""recovered"" in laymans terms; in terms of performance, i'm receeding like a mid-life hairline. 

yet i'm still here. 

makes me truly appreciate the ones that can hop back in after any setback, with any activity. be it injury, depression, or corona - if you're all coming back weak as hell, you're all strong fucking champs in my head. 

#####pull ups, lat pulldowns

bw,20 x 5,5/5,5/3,7/3,7

1:30 rest

- death is all i can say. less fatigue, more general - languidness. wet spaghetti. those hotdogs pulled out from the bottom of the soggy depths of their containers. 

#####pendlay rows 

40kg x 10/10/10/10

1:30 rest

- can't feel it in my back so much as my hammies from dl yesterday. 

#####clean pull 

40 x 10/10/10

1:30 rest


#####accessories

1:00 rest

- dragon flags 3/3/2 (a1) 

- alternating ab crunches 10/10/5 (a2)",0,0,0,0,0,0,x,0,0,0,
91,"i’m 5’2, 24 and i have competed in the 52kg weight class in the past. i first competed as a 56, but cut down to 52 to first break state records, and then national records, and eventually for an ipf world record (for the jr deadlift). i stayed to compete in the 52’s because i was more competitive strength  wise, and the records were feasible to break for me. my bests are 302 squat/165 bench/ and 365 deadlift. 

the down side is that staying in this weight class for someone who is a giant compared to the rest of the competition is not only did i plateau because my body needed to gain weight to add strength at some point, but it also perpetuated disordered eating to try to stay in that weight class (along with losing my period for over 2 years). 

i recently decided to take a hiatus from competing until i can gain enough weight to compete in the 57’s, and am still struggling with being comfortable gaining weight. maybe tmi and nit necessarily what you were asking but i just wanted to give a different perspective on what cutting weight perpetually can do.",0,0,0,0,0,x,0,0,0,0,
92,"i had the exact same injury while training for the monumental marathon in indy. it is the main reason why i don’t think i’ll ever sign up for a full ever again. 

advice? i don’t have any. i took it pretty well because i was super burnt out anyway. and i was about 6 weeks out from race day so i wasn’t as close as you were. 

if it’s any consolation, this wasn’t caused by you being dumb and running without stretching, so let that go. these fractures are usually caused by the cumulative effect of all the road miles leading up to it, not one bad workout. 

take your recovery seriously and you’ll be up and running again in no time.",0,0,0,1,0,0,x,0,0,0,
93,"i don’t have any solutions for you, just commiseration. i have always been very fit but gained weight after an injury a few years ago and lost my fitness. i spent a year getting my body back and working harder than ever at heavy lifting. i am a sight to behold, it’s true 😝, but i also am tired of responding and being talked about constantly. especially when people say things like “omg, i just can’t even believe it i hardly recognize you!”. i know people mean well but the compliments go insulting so fast. or when women say “oh wow you are just ... really ... so ... buff.” how do i respond to this statement? or when very non-fit friends say “oh i’m so jealous i just hate you!” yes, like i just woke up one day suddenly awesome instead of spending the last 18 months 6days a week in the gym in deep commitment to pushing my body and my will to the limit.  

so when people make ambiguous statements “you’re so buff” i just acknowledge them as fact and try to be funny “yes, i can kill you with my thighs”, or “yes it’s nice to feel strong and healthy again” or when people say “you’re so trim” i say “feeling strong and healthy is great!”

i think the thing that bothers me about it is that everything is so aesthetic focused when that was never my true goal. i just wanted to be feel my body perform again. of course that is not easy to see. no one can look at you and say “damn, you must be so proud. i bet you spent so many days tired and hurting and in pain and frustrated and afraid of your injury and feeling hopeless when you stalled and trying to trust that your heart and lungs would support you again and you were not too old to start all over again. that must have been really hard, congratulations!” that would be nice. :) but here in reality world know that people do mean well, and that this problem you are experiencing is a happiness problem that very few people ever get to experience. 
also, congratulations on all your hard work!",0,0,0,0,0,1,x,0,0,0,
94,"as prophesied, the deterioration of joel’s psyche has begun. the chippy fouls and deflection of blame are signs of the pressure cracking his delicate composure. who can he turn to on the team for support?

harden? he may more miserable and tortured than embiid, does he have any friends in the league? the man lives at a stripclub, now he’s the one twerking and writhing on the floor. thybulle? not likely, as i’m sure embiid resents his lack of commitment - you know joel got boosted. embiid must ruminate on whether this series would all be over if not for him, daily mental calculus on the cost of thybulles silly misinformation. harris? the contract is dead weight, much like his play. nothing more to say, just another voice in the moaning choir that is the sixers starting 5. maxey? i’m sure his sportsmanship is abrasive and contrary to embiid foul despicable “persona”. green? his very presence reminds him of his past failure. the class difference maxey and green and the others just serves as contrast exposing embiid toxicity. coach glenn? if this goes to a game  7- you know he will say something demoralizing  in the postgame of game 6.

despite all his reckless play, his opponent advances relentlessly through the injuries, sickness, and his neutered acts of petty aggression. raptors in 7. toronto in 1. soul snatchers!!!

is that enough salt for your free fries?

note: i wrote this as a fun outlet, if you are triggered by floating hostility as a form of self-therapy, please move on to another post. enjoy the rest of your day and all the best to you and your family, dear reader.",0,0,x,0,1,0,0,0,0,0,
95,"2015: anxiety problems that affected his game (watch his interview with michael robinson in ""informe robinson"").

2016: injuries. in his interview with pico mónaco in ""con amigos así"" nadal says he had the level to win at least that year's roland garros (but then he had to withdraw mid tournament).",0,1,0,0,1,0,0,0,0,0,
96,you're overthinking it. this performance fluctuation is likely just coincidence + you psyching yourself out.,0,0,0,0,1,0,0,0,0,0,
97,"honestly dude that guy was going out of his way to help you. injuries occur when lifting improperly. my advice, either watch some vids on youtube to see how others lift and try them out on the gym. avoiding people isn't the answer, you just need some confidence around the weight room. for me personally, i had a bit of anxiety using machines, so one day i just decided that even though i'll look like a total noob (despite lifting for a while) that i was gonna tackle an entire row of machines that i didn't know how to use and figure it out. guess what? i walked out of there much more confident making my way through the floor and i didn't die from humiliation either. most people there are in their own heads man, don't be nervous to try out some new exercises and equipment.",0,1,0,0,0,0,0,0,0,0,
98,last time i was sober for longer than 20 days was during the 73 win season for the warriors. i was in a bad depression and borderline suicidal but this sub and that team kept me from eating bullet. it was funny because i just figured if they kept going then so could i. so every night i watched and was amazed and every day it kept me going.,1,0,0,0,0,0,0,1,0,0,
99,"faith.  the people on this board are so anti-spirituality they downvote anything about it, but the multitudes of people since the beginning of time talking about its benefits aren't wrong.

science agrees, showing that it can prolong life as much or more than exercise.  psychologist agree that it can allow people to recover from mental illness faster and is a protective against suicide.

sports agree as so many people discuss the role of belief in strengthening their body.

there is a reason addiction programs like aa have a big spiritual component, because it gives people an external source of power when internally, they feel weak.  

as for me, these are my results, glory to god.  my thought process as i lift is: ""the joy of the lord is my strength."" 

bench pr 205lb for 5, 215 for 2
squat 365 for 5
leg press pr 960lb for 5

no performance enhancers, just faith in god who strengthens me.  i haven't gymmed since march, so, you don’t have to gym to relieve stress.  prayer works.

health: was blind at 14, gallbladder disease in 30s.  i was told i'd need an eye transplant and my gallbladder removed.  i type this without glasses and i have my gallbladder and ultrasounds show no sign of disease.

mentally and emotionally.  i'm going through some stuff, and i'm able to smile every day despite it.  

so, if you are willing to let go of some stress, here is a stress relieving prayer to get you started.  most have heard the short form, but the long form is where the stress relief part really helps:

god grant me the serenity

to accept the things i cannot change;

courage to change the things i can;

and wisdom to know the difference.

living one day at a time;

enjoying one moment at a time;

accepting hardships as the pathway to peace;

taking, as he did, this sinful world

as it is, not as i would have it;

trusting that he will make things right

if i surrender to his will;

so that i may be reasonably happy in this life

and supremely happy with him

forever and ever in the next.

amen.",0,0,0,0,0,0,0,1,x,0,
100,i know what people call the yips and its a bunch of bullshit. its just a word to describe that people eventually stop being good at stuff and cant consistently perform all the time.,0,0,0,0,1,0,0,0,0,0,
101,"the process of transitioning from male to female or vice versa is incredibly lengthy, painful, expensive, and risks alienating you from friends, family, and society as a whole, which leads to increased risk of anxiety, depression, and sometimes suicide. the idea that someone would go through all this just to beat women in sports is ridiculous, not to mention biological males lose all athletic advantage over biological women after a year of estrogen therapy. any outlet for trans men and women to explore their passions and dreams free from discrimination should be encouraged, not banned. besides, it should be up to individual leagues to make their own rules because some sports vary widely from one another.",1,1,0,0,0,0,0,1,0,0,
102,"he’s saying black people need black people. he complains about diversity a lot and that it creates a dysfunctional, argumentative culture.

&gt;sarver once used the n-word when trying to explain to a staffer why he preferred hiring lindsey hunter over dan majerle as head coach in 2013, according to a high-level executive who heard the remark. hunter was a first-year suns player development coordinator while majerle was in his fifth year as a suns associate head coach.

&gt;""these [n-words] need a [n-word],"" sarver told the staffer of his largely black team, according to the executive.

&gt;sarver again cited race as the reason the team needed to hire watson as head coach in 2016, a former suns basketball executive said: a young black coach could better relate to black players, sarver reasoned, and could ""speak their language.""

lots of stuff on the culture of racism and misogyny sarver fostered. honestly the way women are treated makes me sick. they interview a dozen women who sought counseling after their time with the suns, including a woman who suffers from suicidal ideation:

&gt; a white male executive repeatedly called a black co-worker ""carlton,"" in reference to the character from the '90s tv show ""fresh prince of bel-air."" in at least one instance, he jokingly told the co-worker to ""do the carlton"" for him. the employees said the black co-worker on multiple occasions told the white executive to stop calling him by that name and that he was not going to dance for him. ""super racist,"" one former employee said.

&gt;the executive, when reached by espn, denied telling the employee to dance and said he was never asked to stop calling the employee ""carlton,"" describing their relationship as ""jovial"" and ""one of friendship and respect.""

&gt; one female former employee said that after being physically assaulted by a male co-worker outside of the office, a female co-worker went to hr out of concern for the employee's safety. the two told espn that hr spoke with the alleged victim, ultimately deciding that simply moving her desk would resolve the issue.

…

&gt; ""i think as women, when we come into sports, unfortunately, we're resigned to the fact that we'll be sexually harassed at some point,"" the female former marketing employee said. ""but the part that was the worst for me is the verbal abuse and feeling like i wasn't human.""

&gt; one female former sales employee said a former suns vice president, who appeared intoxicated, asked her how many members of her department she had slept with and about a specific coworker's penis.

…

&gt; ""it wrecked my life,"" said a third female former employee. ""i was contemplating suicide.""

&gt; a current executive is among nearly a dozen who acknowledges seeking professional help to cope with anxiety, sleep loss and overall declining well-being working for the suns.

…

&gt; a second former hr rep said employees were told not to file complaints and that they shouldn't come to the hr office, that they should instead meet outside the office: ""i would say, 'let's go take a walk. because if they see you being here, they're gonna come after you.'"" several employees said they were taking antidepressants and going on medical leave because of the issues they were having with superiors, according to the former rep.

&gt;added the first former hr rep: ""unfortunately, hr is a place that most people come to, to get refuge from things that go on. you should be able to go there and get some help. [but] it's sort of a culture of complicity. which i was a part of. and i hate saying that.""

at the end they added a nugget on kerr which isn’t a great look. could be trouble for him

&gt; golden state coach steve kerr helped introduce sarver to former nba commissioner david stern before sarver bought the suns in 2004. after serving as a consultant, kerr was named the team's general manager in 2007, a position he left in 2010. he hasn't worked with the suns in any capacity since that time. kerr was a minority owner of the team from 2004 to 2014 when he divested a less-than-1% stake to coach the warriors.

&gt;of their time together from 2004 to 2010, kerr told espn: ""i never saw anything that suggested racism or misogyny, and i was very surprised to hear those allegations because that's not the person that i know.""",0,0,0,0,0,0,0,0,0,0,
103,"because, in my head, choosing accessories that are compound movements is more efficient use of my daily push/pull/leg-core assistance. i suppose i'm really overthinking this too much.",0,0,0,0,x,0,0,0,0,0,
104,"why can't i find it when i search for his profile?  
  
  
u/kadokeerf ?  

-edit nvmd found it through this post. pathetic enough to create a new profile so she can hide her actual profile. the reality that people (children) like this exist is sad.  the worst part is, the reality of her recommendations of suicide over a post on a basketball subreddit is just projection. the kid is likely contemplating it himself if his existence is sad enough to go that far.    
  
hope you get the help you need u/kadokeerf , please don't be afraid to call buddy, life doesn't have to be an existence where your friday night is spent alone in your room getting off to bringing people down because you're miserable . 800-273-8255",0,0,0,0,0,0,0,1,1,0,
105,i'm still in shock. just a few weeks ago i was depressed because my favorite athlete of all time might have torn his acl and would miss all of next year too. all the negative thoughts spiraled and i was so shook about him having his prime ruined and whatever else. now we're here and i can't believe it man.,x,0,0,0,0,0,0,0,0,0,
106,being depressed is worse than an injury. hopefully he gets more positive about wimbledon.,1,0,0,0,0,0,0,0,0,0,
107,"could be. according to my calculations so far, it appears that i have around 13 percent body fat which is very surprising because i do not appear or feel as toned or lean as i thought.

so either my calculation is wrong or maybe there is a large loss of muscle mass from the weight loss or maybe the whole feeling tired or not as sore as i would normally am after a workout could be because of fatigue or burnout (which i am assuming so becuase the added stress that i am currently going through is possibly giving me psychosomatic effects)

i am aiming for a bit more lean muscle so i will probably do a bulking and cutting phase but if this is lack of physical soreness that you get after working out or not as lean or energised because of fatigue, then my gut tells me that it is better to take a short break and see how my body will feel after a while.",0,0,1,1,0,0,0,0,0,0,
108,"got back into climbing seriously last week after 3 years of not climbing due to finances, then injury and depression. i started going bouldering by myself every so often, and happened to find a guy that's becoming a regular top rope partner. i sent my first 5.9 in 3 years this week, and scrabbled my way through a 5.10b today.",1,0,0,0,0,0,1,0,0,x,
109,"&gt;you have no way of knowing whether people were more fullfilled with their own purpose while doing those things.

you are correct that there is not solid data regarding fulfillment of people in the past, but we can observe incredibly high rates of depression, anxiety, and suicide in today's society. many people are lost, or feel that something is wrong but they don't know what.

i suggest that fighting millions of years of what we evolved to do will leave us confused and depressed. i don't think this is far-fetched. i am not the first to think this, and i am not the first to question why life feels empty. 

our identities are lost in an extremely shallow society that is based on consumer culture. we are brainwashed to think this is normal and healthy because the structure demands we obsess over these things for the economy to continue. how many of us form our identities over what we brands we consume, what movies we watch, what bullshit we stare at on a screen? 

we have no culture. why do people rush to support sports teams? become rabid fans of mass produced filtered megacorporate garbage like disney marvel movies? join fraternities? why do people become extremely religious? we need individual identity, and to be a part of a greater identity (culture).  

our connection with nature is important. our biology expects it as it evolved to be the way it is from millions and millions of years immersed in nature. we have separated ourselves from this natural system. 

most of us have no tribe.

most of us have no culture.

most of us, barring those who are religious, have no way of connecting with our ancestors.

most of us have no way to connect to greater whole of the world. we feel alone subconsciously.",1,1,0,0,0,0,0,1,0,0,
110,"i feel like i’m in a uniquely qualified position to answer this question. i have a chronic form of insomnia which means i have frequent spells where i go several days without sleep, and often don’t get more than 1-2 hours a night.

the answer is that it depends.

factor 1: how bad are you feeling?

if you wake up with a headache, feeling nauseous, or incredibly weak, you should skip the gym. there’s a certain point that you reach where your body just won’t get anything out of the workout, and you’re wasting time and energy going. focus on getting to class and making it through the day, try and force yourself to go to bed earlier. while being a student often means you don’t feel like you can get proper rest, you’re actually much sharper on a full night’s rest and will be able to get the work you missed today done tomorrow more quickly. sleep is absolutely vital. tomorrow might be a little more stressful than normal, but you’ll be better prepared for it and in a better mood to tackle the challenge.

factor 2: how many days in a row has the sleep been bad?

if it’s 2 or 3 days in a row without proper rest, don’t push it. your odds of being inattentive and injuring yourself will shoot up drastically. it’s more important to recover mentally and physically right now than it is to get one day of work in. if it becomes a persistent issue, consider visiting a doctor.

factor 3: how many days have you missed?

at some point you just need to go. if you’ve missed 3-4 days in a row due to bad sleep, you risk breaking the habit of going to the gym. even when you’re feeling better, you’ll be less inclined to go. keeping the habit is important, so go and either do some light cardio or light weights (or calisthenics!!). exercise will release some endorphins and will actually make you more attentive and able throughout the day. it will actually help to negate the sleep deficit to a degree. caffeine helps too. don’t go hard though, as the odds of injury increase with a lack of sleep. just get your body moving, get a nice sweat going, and don’t worry about not lifting the weight you normally do. this is more a recovery workout than it is a training workout. if you start to feeling shaky or sick, take a rest and maybe hop on a bike if you recover enough. if not, you at least made it to the gym and the habit isn’t broken.

on the flip side, if you’ve gotten 3-5 days of hard work in already this week, missing one day is not a big deal. if you’ve only gotten 1-2, think about how many days you have to make up for it. if it’s mid-week, and you can catch up on sleep today and get another few days of work in afterwards, there’s no reason to force yourself to go.

hope the sleep sorts itself out buddy. 4-5 hours is not a fun way to live.",0,0,0,0,0,0,0,0,0,0,
111,"man fuck this sub sometimes. i get it, he has money. yet you are the same people that always talk about how important mental health is for athletes, praising people like kevin love and demar derozan for speaking out, yet criticizing lin for literally talking about how he feels.

money isn’t everything. there’s plenty of celebrities for example with mental illnesses. this guy put in countless hours of work only to be brought down by factors that he can’t control (injuries). he’s dedicated his life to a craft he keeps failing. the man is clearly crying and speaking out but i guess he’s a bitch because he has money and for some reason that means you have no right to ever feel down.",0,0,0,0,x,0,1,0,0,0,
112,the pain in the head seems like nothing when your legs hurt from zumba. been in the same place. keep going. suicide is a permanent solution to a temporary problem,0,0,0,0,0,0,0,1,0,0,
113,"&gt;more defined abs, less jiggly arms and thighs

swimming is great, it will definitely lean you out assuming you don't increase your calorie intake as a result of swimming and burning extra calories, but it doesn't necessarily build nice looking muscles. it definitely will improve your swimming skills and have plenty of long term health benefits ranging from heart health to mental health.

this particular desire sounds like you need to build muscle mass and also reduce some fat as well. its very difficult to do both at the same time. you're going to have the most success by doing one first and then the other. i know you said you disliked lifting weights / going to the gym, but its really by far the most effective way to get the bod you want.

the most long term healthy, consistent path to the ""toned"" (industry buzzword alert) bod you want is to lift relatively **heavy weights** while eating a balanced diet with plenty of protein. plan for even eating some excess calories for a few months in order to build muscle.

in 2-4 months when you've seen some significant strength increases, and increased muscle mass, you can switch to more cardio intensive workouts (swimming!!) and start a calorie cut (you should still eat before your workouts, so you have good energy for a successful workout). 3,500 calories a week deficit, or about 500 a day will safely cut about 1 lb a week. for an average sized woman, assuming you're at a relatively healthy weight, you could see significant changes after losing 5-10 lbs. 

for many people however, abs are the last muscle area to ""pop"" while cutting fat. everyone's bodies stores and uses fat in different ways and areas of their body. abs, more than most other muscles are ""made in the kitchen"", and that is primarily by **putting the fork down**.

if your weight is already pretty stable, the easiest way to do this without really changing any of your diet is to simply **reduce portion sizes**. instead of a bowl of chips and some salsa, have less of them. take one less spoonful of chilli. skip the 2nd piece of fudge. use a small plate for your meals so you don't get tempted to fill it up.

you can also look into replacing some foods with lower calorie alternatives. stock apples for snacks instead of candy. popcorn with a little salt has way less calories than chips and dip. something fun like zucchini noodles sautéed in a little butter is a great side dish substitute for spaghetti night.

for reference, 1 banana is about 100 calories. a muffin is about 450. an iced coffee with cream, sugar and syrup is 150-250. a salad with a vinaigrette dressing and 1 cut up chicken breast might be about 4-500 calories. a plate of spaghetti with sauce and butter might be 500-800 calories. a slice of pizza is 250-350 calories.

this went way off the rails and into a bunch of different topics, but hope it helps you figure out what you want to achieve!",0,0,0,0,0,x,0,0,0,1,
114,also the mental fucking anguish of a major knee injury. it’s suicide fuel.,0,0,0,0,0,0,1,x,0,0,
115,"the gym was my escape and place i could focus on me and feel good about myself. now i’m one month post acl reconstruction surgery and i cant workout and i can barely walk properly still and i’m so frustrated. i feel weak and pathetic. i’m tired of depending on people for help and getting looks of sympathy from people. i joined the r/acl group and it seems like everyone else is getting better faster and more effectively than me, and i’m worried that its because i cant afford so much physical therapy, because my doctor isn’t a western doctor, or because maybe somehow i deserved this. the muscle atrophy in my leg is so obvious and depressing. maybe i’m not meant to do sports or play football or be athletic ever again. i’m going to get fat and ugly(er) and my future seems ruined. my grades this semester are shit because i missed a month of classes and then spent two weeks after i came home from the hospital on opioid painkillers so i wasn’t present anyways.my coach hasn’t even once contacted me to ask me how i am...my team went in to win tournaments without me. i’m clearly not a necessary asset to the team. i’m constantly depressed and i’m really trying my hardest to stick to the regimen that my doctor gave me and push myself to get better but i really feel so helpless all the time and just want to escape. a not get fat. and i’m terrible and cutting calories especially when i’m stressed like this in winter.",1,0,0,0,0,0,1,0,0,1,
116,"climbing serves the same purpose for me as well, but to the point that it's actually become a bit of a problem. i have a number of chronic climbing-related injuries that i've been climbing through because i realize how much of my sanity is dependent on climbing.

one thing i've noticed is that it's not climbing specifically that helps with depression, it's that it's a a high-focus ""flow state"" activity. it requires so much concentration that once you get ""in the zone"" you become truly present, which blocks out all of the usual anxiety, fears, concerns that tend to plague your mind when it's more idle. there have actually been scientific studies that have reached this conclusion, though i can't seem to find the exact article i read in the past.

if you find yourself in my situation (climbing past the point of recovery), try to find other activities that put you into that flow state. snowboarding (either riding through trees / difficult terrain, or terrain park) is another activity that does this for me, but unfortunately i'm limited by the seasons. meditation and yoga also aim to force you to be present, and although i do those as well i find they aren't as effective. apparently i need to be in a life threatening situation for that to occur :d if you've got alternative options that work for you, i'd love to hear them.",1,1,0,0,0,0,1,0,0,1,
117,"don't downplay what you've gone through, surgery putting you out for 9 months and depression fucking sucks. you saw the opportunity for a marathon and signed up and completed it, and kudos for that my dude. definitely keep running in the future if you enjoy running, find some way to enjoy it more, trying new routes etc. you have to be a runner at heart to be so masochistic to sign up for a marathon like that xd",1,0,0,0,0,0,1,0,0,0,
118,"i mean i think that’s debatable, but sure. as important as mental health is, a physical injury has the ability to derail a player’s career instantly and permanently. i’m not saying that can’t happen with a mental illness or a stress related event, just that physical injuries play a much bigger role in contract negotiations",0,0,0,0,0,0,0,0,0,0,
119,ya right so the guy with severe anxiety is gonna make his season debut in the most high pressured game of the year??? okay buddy.,0,1,0,0,1,0,0,0,0,0,
120,"sports psychologists have studied ego in sports to the point where a google search of “ego in sports” results in countless articles. i personally read one book on the topic years ago that i wish i could recommend but forget the title. 

for the most part, the best athletes require a certain level of self-confidence. it is what enables them to not think twice to pull up and hit the big shot. or squeeze a pass in the tightest of holes. it’s why many players suffer from depression when they get injured or their playing days are over; they question their self worth without sport in it. to get to the pinnacle of sports, to be a professional, requires hours and hours of practice and competition. the ones that survive and succeed have drive and ambition, hallmarks of type a personalities, which ego is associated with. they get recruited and pampered. they sit in front of a room of journalists. they make more in a season than most people will in a lifetime. people beg them for autographs. grown men wear their names on their backs. all of these things drive them to think and act a certain way. they know their importance. are there exceptions? sure. mike trout comes to mind as a seemingly humble, self deprecating person. but even still he wants to be the best. even he subconsciously will view a teammate’s success as competition for him to be better. 

in this light, it’s not hard to see why a kyrie would not want to play in lebron’s shadow. he has his own aspirations. he wants to lead a team, get his own shoe deal, be a max player. he doesn’t want to have to answer questions about what lebron thinks or does. he wants you to appreciate his value. 

this isn’t “nonsense”. when it leaked he wanted out, this was well documented this was the reason why. and, again, this isn’t some area of thought that isn’t well studied or researched. all the greats are this way. michael was a notoriously difficult teammate. tom brady chews out his teammates when they run the wrong route or miss a block. the reason lebron is somewhat different is that he views himself as a basketball savant (which is probably at least somewhat true) and wants to run/own a team one day so he clearly thinks he knows how a team should be constructed, at least around him. as such, he pushes for moves that may alienate or offend his teammates, such as the anthony davis talk last year. the guys on the team know ad makes them a better team but it still hurts to see your teammate, a guy you grew up idolizing, pushing so hard to trade you for another player.",1,0,0,0,1,0,1,0,x,0,
