row_id,text,depression,anxiety,stress_pressure,burnout_motivation,performance_psych,body_image_eating,injury_distress,self_harm_suicide,help_seeking,exercise_coping,notes
1,i’m just feeling proud of myself today and i just want to tell everyone :d i have anxiety and am also recovering from agoraphobia and i’ve been seeing a personal trainer at a gym x2 days a week. this is my 3rd week and i’ve already increased from a 6kg kettlebell to 10kg! (im not super strong and i have little/no muscle lol) almost didn’t go after a stressful morning but i’m glad i did and now i feel great!,0,1,x,0,0,0,0,0,0,1,
2,"your post made me really sad because you are overtraining and you will either injure yourself or just get burnt out on running. 

you have been training much too hard. you have been running much too fast. 

there is a good post stickied on this sub right now about heart rate training that you should check out. you should find a good training plan online and stick with that. i use a plan that garmin has in their app and have been liking it so far which uses run duration and heart rate intensity to determine how to train. 

you can read up on this when looking for plans but the basic idea is that you need to vary the type and distance of your runs. all good plans will have long runs once a week, recovery and maintenance runs, rest days which are as important as runs, tempo runs, and interval/speed runs. 

as someone else has said you should also research your hydration and nutrition plan while running. i personally take food with me even for a half marathon and it is required for a marathon. i use a gummy type food that is meant for this purpose that has sodium, potassium, and a ton of carbs. 

finally, i want to stress this again. rest is important. i found this article to be really good for when i feel like i am over training: https://www.runnersworld.com/training/a28071070/how-to-make-running-easier/",0,0,0,1,0,0,0,0,0,0,
3,it's not a weird format lol it's so fun. playing in college was am great experience to have. especially before you go pro. shit sounds lonely at times.,0,0,0,0,0,0,0,0,0,0,
4,guy is probably lonely and just wants to talk ball,0,0,0,0,0,0,0,0,0,0,
5,your flair is giving me anxiety,0,x,0,0,0,0,0,0,0,0,
6,"the last time i was this shook by a celebrity death was when chester bennington died. i'm a diehard linkin park fan, so i was devastated and had to start going to therapy once the depression and anxiety i thought i had overcame came back.

we're here for you, laker fans. kobe was an icon.",1,1,0,0,0,0,0,0,1,0,
7,my current program (natacha oceane’s build) has an “athletic power” day which is more metcon-like and i absolutely love it. it kills me. i don’t think i could do more than 2 days of it a week but even the one day i do now gives me that heart pounding all in rush and it’s great for my mental health.,0,0,0,0,0,0,0,0,0,1,
8,"i’m a nurse on a cardiac floor but disclaimer i’m not giving you medical advice just my opinion. 

1. your heart rate is fine unless you are symptomatic, think dizzy or loss of consciousness

2. i forget what maximum heart rate is supposed to be for age, but if it’s too high just slow down when running it’s not a sign of disease if it gets to 180 when running, you might just be going too fast

3.  cardiac pain is not reproducible, meaning you can’t touch it and make it worse. it will get worse on exertion and usually not go away while exerting yourself and usually you would get other symptoms of a heart attack if you keep exerting yourself to pair with the pain like nausea and vomiting. if this is the case then you would need a stress test (answer to #5 as well because the test you see in movies is a stress test and this only needs to be done if they suspect a blockage)

4. in my experience, if the pain was cardiac pain it wouldn’t go away while you continue to exert yourself, it would get worse and result in a heart attack. this seems muscular.

5. see answer #3

6. it’s most likely exertional effort that’s causing your heart rate to be higher

7. again i think it’s how you are exerting yourself. slow down. 

8. you may need anxiety meds or something lol, this seems excessive. not trying to be mean but if this continues to consume you to where you are seeing several doctors for what seems like normal things then it may be a hyperfixation problem. if it ends up being an actual problem then ignore my anxiety suggestion.",0,0,0,0,0,0,0,0,0,0,
9,"his options werent limited, that was self-imposed restriction for fear of failure/rejection/pain. kind of the theme of the story.",0,0,0,0,1,0,0,0,0,0,
10,this whole thing is a joke and honestly disrespectful to people actually facing mental health issues. shame on the league for continuing to phrase problem players as victims,0,0,0,0,0,0,0,0,0,0,
11,the gym does wonders for mental health but sometimes it’s not enough…,0,0,0,0,0,0,0,0,0,1,
12,"i see some good things here.  you are being honest with yourself. you are thinking about your team and not wanting to fail them.  those are quality attributes.  what concerns me is that you are allowing your social anxiety control your life.  if you didn't have social anxiety would you still want to play?  maybe, maybe not.  but it sounds like the anxiety doesn't even allow you to even answer that question.  

something to consider is the opportunity at hand.  you have social anxiety but i'm sure you don't want that controlling you. on the c team you are essentially in a controlled environment. you have a great opportunity to take your social anxiety head on, if you think that's possible in this situation.  if so, maybe talk to your parents and coach about your social anxiety and maybe the coach will be a little more understanding.  maybe you could get some teammate support as well.  you've still got a ways of high school to go and i'm sure you don't want the anxiety controlling you the rest of school.  i'd forget about the college resume about the participation.  i mean it looks ok but colleges just see right through that stuff.  now think if you wrote  on your college resume how you were in this situation and decided to take on your social anxiety by completing the season.  that could change the rest of your time in high school, maybe open up a lot of things you want to try.  i wouldn't say just stick on the team so you can write it on your college resume. the story will make itself.  stick on the team if you want to get a handle on this social anxiety.  it's certainly your decision.  if you decide to quit the team, i'd hope you try participating in something in the future you enjoy at school to help with the social issues.",0,1,0,0,1,0,0,0,1,0,
13,"good luck! are you mentally in a good place? cause yoy used to have an eating disorder eh?

weird about skeezy...",0,0,0,0,0,1,0,0,0,0,
14,"hey, your work is amazing! just remember don't take all your runs too hard is my main advice to you, as much as you might want to push yourself every day, most of your runs should be at easy conversational pace where you can say a few sentences before taking in a few puffs of air, with maybe 1 or 2 runs a week at a harder pace. i find that running in a trail or quiet park helps you get into a bit of a meditative state where you're sort of clearing your head a bit, i'm not sure if that'll relate to your anxiety or not but i guess it's worth a try! i hope your mental health improves soon!",0,1,0,0,0,0,0,0,0,1,
15,"running has been one of my biggest tools for fighting depression for the past 20 years. the covid lockdowns in argentina were really hard (the president said on national radio that the runners were to blame for the deaths of the elderly) and hitted an all time low. i'm recovered though, living in madrid and running more than ever. 

if i had to give advice to someone who is going through rough times, it would be to go for a run or a walk. photography, my other hobby, it's basically walking for hours, and also helped me a lot.",1,0,0,0,0,0,0,0,0,1,
16,"i had a really good pump in that last picture, i started making way more arm gains when i slowed things down and literally sat there and stared at them in the mirror while doing preacher curls and hammer curls very slow to where i was almost screaming in pain i dont thing they are that big though it might be body dysmorphia",0,0,0,0,0,1,0,0,0,0,
17,"i'm sorry to hear that.  i recently broke up with a partner who didn't understand just how much working out can help mental health and confidence.  now that she's gone i'm going to work out even harder and try to reach new plateaus.  

i've been doing trx workouts that have surprisingly kept me in shape.  have you tried that?  

i hope you feel better.",0,0,0,0,0,0,0,0,0,1,
18,i find walking helps recovery and mental health so both a physiological reduction of fatigue but also a mental one.,0,0,0,0,0,0,0,0,0,1,
19,what's depression? i haven't felt bad a single damn day since i've been swimming regularly.,x,0,0,0,0,0,0,0,0,1,
20,"my legs get really stiff when i cut calories and/or dont get enough carbs.

you said you lost weight so its normal to be very stiff especially with endocrine signaling your body to stay in fight or flight mode until its well fed. the best thing ive noted to help encourage relaxation into the resting state is to eat some carbs immediately after my run and to run very slow if im cutting weight. but the stiffness is almost inevitable i think.

edit: i want to add on to this because i experienced the same thing you are describing and it took me a long time to figure it out. you should try to figure out how many calories you’re burning per day and count your calorie intake. take a few days of eating at maintenance with mild cardio and see how you feel.

and depression/ fight or flight go hand in hand. eating enough while training is huge for mood and performance.",1,0,0,0,0,0,0,0,0,0,
21,"as always, appreciate your words, mythical! 

and absolutely - and i think your comment regarding the milk is a concept that is very hard to grasp to any lifter who has never run supersquats. the milk is a very effective conduit for lots of calories. strossen knew what he was doing.  it saves the issues of palatability, flavor fatigue, etc. that comes with mass amounts of food of daily. 

i'm planning on getting another run of supersquats in, hopefully, in 12 weeks or so, after working my way back through beefcake and btm. i already have anxiety but i have absolutely developed some weird love-hate relationship with the squat bar now.",0,1,0,0,0,0,0,0,0,0,
22,"on a similar path bro, people used to ask me if i had anorexia and shit. if i eated enough. 

[training method] i see you're doing push/pull. is this the best technique for you or you throw them around? 
also: doctor reccomended to train every other day, is 6x a week a big plus for you? 

[bulking method] and i also noticed you discovered the path of a lean bulk, would you rather bulk big and then cut big or bulk lean and cut? 

[eggs] a doctor reccomended me to eat 3 eggs max a day. how do you feel about this?",0,0,0,0,0,1,0,0,0,0,
23,"good for you buddy, but just as you say, you should acknowledge therefore that not everyone is the same. it has taken a long time for mental health to be recognized as a serious issue, and there is evidence and data now present to support it and create systems around to support those that need it. just because you say it shouldn't deserve all this fuss as you seem to think it is, certainly doesn't mean it shouldn't the proper attention. these professional athletes have an enormous amount of stress that an average person might not experience, but we can certainly find empathy for them from what we have as our own lived experience as stressed parents, office workers, labourers etc. it's not hard to understand that some folks just handle things differently from others. because we're all different.",0,0,1,0,0,0,0,0,0,0,
24,"this weekend marks two years since i sprained my ankle horribly while dancing/jumping slightly drunkenly.  then definitely didn't binge on painkillers for like a week after goin to the er. wink,wink

it was kind of a wake up call for me on how uncomfortable and disconnected i was from my body and that i needed to get back ""in shape"". went jogging this morning, cheers",0,0,0,0,0,x,0,0,0,0,
25,agreed. my mind sometimes gets ahead of my joints and i've hurt myself. the one thing i can't control myself on is deadlift. if i'm approaching a pr on dl and still feel like the iron is hot i will lose all logic and reason.,0,0,0,0,0,0,0,0,0,0,
26,"man great work on your turnaround! i recently started to get the skipped beats, was under a lot of stress , moving to a new city, new job exc... started feeling the skipped beats, i freaked out.. had a panic attack and went straight to the er after the ambulance... paramedics said everything looked good, vitals were good .. er drs said the same after running tests and blood work, said everything was fine .. passed tests to my primary dr and same thing, attributed to stress and unhealthy lifestyle.. drinking almost every other day... and eating basically wtvr i wanted ... aside from that i have a desk job so very little physical activity... cardiologist did all the tests, mri, stress test, x-ray, ekg , blood work and confirmed all was fine and my heart pumps normally... now i'm jogging, walking, eating healthy, stopped drinking and i'm down 20lbs... my skipped beats have gone down by about 85-90%... i guess those skipped beats are benign but man they sure make a presence... i'm looking to lose about 15lbs more... i'm at 205 now",0,1,1,0,0,0,0,0,0,0,
27,"glad to hear you are doing this with your doctors supervision!  in the past when i have come off anti-depressants the worst for me was bad anxiety.  i would have to keep reminding myself to ride out the feelings.  feelings are not good or bad and i can just wait it out.  the best thing i ever learned in therapy😃.  maybe try to remember this is temporary and know a few days missed working out, is worth it to get you to the place you want to be mentally. you can then focus on the physical.  just do what you can and be patient with yourself.  you will get to the other side of this!",1,1,0,0,0,0,0,0,1,0,
28,if you have a poor diet and are depressed you may be lacking b12.    this can stabilize your mood and give you an energy boost to get to the gym.,1,0,0,0,0,0,0,0,0,0,
29,"wow, you have a lot going on. i have three kids, two nuerodivergent.  i’ve read both your posts, and you are coming across a bit needy and zoomy.  i can tell you’ve been thinking about this though and probably aren’t very needy at all.  you are actually advocating for yourself (yay!) at a time and place when people expect you to just do what you’re told the way you’re told to do it.  one of my kids was like this, and adults complained she was being difficult.  

1.  when was the last time your adhd medication was checked and adjusted?  if you haven’t had a real sit down with your prescriber in the last year, you probably need one. this class of drugs is also tricky with puberty and emotional maturation. 

2.  speak to your parents about an appointment and maybe some therapy sessions for the anxiety.  you may need an additional medication for awhile. 

3.  don’t ditch the team yet. it does sounds like a huge one if you’re in a lane with ten girls. however, if your parents agree, maybe find a personal in-person coach for an hour or two a month who can help you with some specific skills. 

4.  i don’t know what kind of club or facility you’re swimming at; however, leaving a minor unattended at 9:30 at night is opening someone up for liability should something happen to you. your parents and your coaches need to stop being so cavalier about this. dad needs to be on time, and coach needs to suck it up and hang with you under a street light or inside the facility. 

i hear your frustration, i would just advise you to slow down some. i think whatever you do with your life, you’re going to be a force of nature!",0,1,0,0,0,0,0,0,1,0,
30,"i'm feeling completely down lately. i'm exhausted, i don't want to get out of bed. i've skipped shaving and brushing my teeth for a few days. i made it to the gym one day this week, but i just don't have the energy. i'm completely spent. i'm also just kind of irritable lately and don't want to talk to anyone. everything sucks and i need a few days off to decompress - which i'm not going to get because i've got final exams for this semester in 2 weeks. 

also, i can't run. it hurts my legs so much. not my knees or my shins like some people warned me it might, but my achilles. from doing some very quick research i've concluded i should probably talk to someone who knows what the fuck they're talking about and not fart around on google for medical issues. of course i also don't want to do that because i'm afraid the only fixes will either be ridiculously expensive or nonexistent and i'll just have to never run.   
so instead i've just been sticking to cycling for cardio.",1,0,1,1,0,0,x,0,0,0,
31,"i have been practicing yoga for over 15 years and while sometimes i am inconsistent with my practice it always pulls me back in. if my mussels are tight yoga feels great, if i am stressed yoga gives me time to be present and reflect. if i am having trouble sleeping yoga can quiet my mind. it has given me a better understanding of my body and how other exercises change the way my body moves. i have gained and lost poses over the years and i have learned not to become too attached to what i can or cannot do in my practice. i would recommend trying a variety of yoga types and find one that feels good for you. when i started i loved vinyasa, then a few years later ashtanga was what spoke to me, recently i have been enjoying yin. they all have benefits so you can´t make a ""wrong"" choice.",0,0,1,0,0,0,0,0,0,1,
32,myself. i’m going through a bad mental health phase and i’ve been really bad with my eating and fitness. just tired of getting in my own way.,0,0,0,x,0,x,0,0,0,0,
33,"that’s terrifying...

i was t-boned by a drunk driver, woke up in the hospital, spent about a week there and then about a month in bed at home recovering. tbi, fractured skull, leg, five vertebrae, ribs, busted eardrum, cuts everywhere, my organs were fucked, bruised and swollen all over. i was already depressed to begin with because i was kicked out of the military after basic training for reasons that haven’t been relevant to my life for about ten years. and about a month after that, the girl i was planning on marrying dumped me because i was now a loser delivering pizza, and living with my parents. 
i was pretty fucked up. 
i vividly remember laying in the guest bedroom on the first floor, because i couldn’t make it up the stairs to my bedroom. it was dark, everything hurt, i could barely move, and my mom walked in to check on me. the painkillers they gave me never really worked, and i was just frustrated. i remember crying to my mom like a baby, and feeling like i was scraping the bottom.  
honestly i don’t know why, but as soon as i was able to, i started doing little workouts in the garage. 
i was slowly shuffling around the house like a thousand year old man, and doing things like knee pushups, and dips with my walker while wearing my back brace. i looked ridiculous lol 
i spent about seven months prior to basic training exercising with a group to prepare for that, and the schools we’d go to after. so i guess after that stuff, i was just kind of conditioned mentally, and exercising was what i was programmed to do.
eventually i started running again, with an intense pain in my leg. my mom said i was being a wuss and to push through it. i eventually insisted on having it looked at. evidently the hospital i was transported to missed a fractured fibula, but by the time i got the x-ray, the bones had already fused back together. so i guess mom was right, i had nothing to complain about. 
one day while laying in bed wallowing, feeling sorry for myself, and thinking about just ending it all, i thought “i’m sick of this being my life. either i’m going to kill myself, or i’m not.” so i decided against it. my reasoning being... curiosity. i just wanted to see what else would happen (probably the brain damage talking lol). 
so, i just kind of started peeling myself out of bed to go on runs, do workouts in the garage, and go lift weights at the gym. 
thanks to my persist rehabilitation efforts, i was cleared to go back to work early by my doctor. 
i had about... eight months as a volunteer firefighter before the accident (timeline is fuzzy, this was all a while ago, sorry) and finally got back to work. 
i went back to school and got my emt certification and started applying for paid departments. 
i met a girl, we spent a lot of time together, we took a trip to a national park, and on the way there we drove through a city she had lived in and i had always wanted to visit. i loved it. 
i got a paid job at a fire department near her and my parents. it turned out to be possibly the single most poorly run organization i’ve ever seen in my life. but i learned a lot and got some experience. 
she had applied to the university at that city we passed through, and was accepted. 
two months after we started seeing each other, she asked if i wanted to come and i said absolutely. 
i started applying for departments there, drove a lot, lots of paperwork, lots of tests, and finally got a job just outside the city. we moved, i worked, i proposed and she said yes, a year later we moved to a better part of the city, we got a puppy... 
now we’re here, i’m strong, i’m healthy, i’m capable, i live in a city i love, i love my job, i love our dog, our cats... i love my life. i’m on an antidepressant and seeing a counselor every other week (which evidently i desperately needed both and was nearly forced to talk to someone by my fiancée), but i’m genuinely the happiest i have ever been in my entire life. 
life is hard, but i finally understand the good and bad go hand in hand, and that’s just how life is. it’s a bike ride in 104° late afternoon heat with your legs cramping up, out of water, exhausted, but the wind is blowing, everything around you is beautiful, and when you’re done you stop at a shit hole gas station and grab all the drinks and snacks you want and just let your brain bask in the oxygenated pool of endorphins. then go home, jump into a pool, enjoy the company of people and animals that love you...



wow, i feel like i really over shared, but that felt great to get out. thanks!
glad you’re still here op.",1,0,0,0,0,0,1,0,0,0,
34,"this man should see a therapist. seriously. if you, win 2 rings, 2 finals mvps and go around acting like this it prbly means that you need some help. and i don't blame him. having made a decision that has caused so much pain and hatred must be tough.",0,0,0,0,0,0,0,0,1,0,
35,"in my case, i think it would lower workout-related anxiety and stress...clear antagonist to progress and well-being",0,1,1,0,0,0,0,0,0,0,
36,sleep is cardio because your heart is beating. if you have nightmares that’s hiit.,0,0,0,0,0,0,0,0,0,0,
37,"&gt; i stayed off lifting for 2 weeks so depressed and hurt when i bend forward, but when i trained again, the pain had gone away, but i avoided the compound lifts the ""big three"" as what they called. i still got big however, doing ppl program, training six days a week, tons of volume and did heavy weights on exercises that didn't strain my back (as far as i know).
&gt; 
&gt; 

which routine you followed?",1,0,0,0,0,0,1,0,0,0,
38,"i think this article is an important part of the discussion about health and well-being. the author discusses how running started out as a boon in her life, and clearly details how it becomes harmful: running to the point of illness or injury, suffering panic attacks if she couldn’t run, and derailing relationships in order to keep running. it becomes an activity that begins causing her distress and negatively impacts her life, but she continues to do it, because she feels she must.

she isn’t saying that being dedicated to running is inherently bad. she’s not saying that running or exercising often is inherently bad. she’s saying that it is possible for these behaviors to become more harmful than helpful, and turn into a disordered activity.

she’s not saying people shouldn’t work out. she’s saying that people need to be aware that there is an edge over which they can fall. not that every body or even most people will cross that line, but that the line exists.

and the author highlights a particular struggle with identifying this type of disordered behavior: people view exercise as wholly healthful, so determining when it becomes a problem or even having it recognized as a problem can be challenging.

i think it’s a good article, and that the author’s experience isn’t meant to be applied to everybody’s personal relationship to running.",0,1,0,0,0,0,0,0,0,1,
39,"jump like your life depends on it. i mean literally. turn off your brain, don't think about the motions, how hard it is, because the sabertooth tiger is eating your family unless you jump over there and smash it's brains in as hard as you can!!!

does feeling like dying matter after you sprinted up a hill? no! sabertooth tiger!!! are you going to fight for your life by going through the motions? no! punch with every fiber in your being, the deepest parts of your soul, the part of you buried deep down who's only purpose is to survive.",0,0,0,0,0,0,0,0,0,0,
40,"yep, i just have to deal with being hungry. 

i also make sure to eat lots of low-calorie foods (veg mania), get lots of fiber, eat higher protein when cutting. i've messed with adding more fat which i think helps a little too. but, it's just not possible for me to cut and be comfortable. 

the first four months of about an eight month period where i lost almost 25 lbs were just miserable, honestly. i was really hungry every night - i have to eat a serious breakfast or i have no energy during the day, and i have to snack in the afternoon or i get blood sugar crashes which give me migraines. so, eating very light dinner was one of the best ways to cut calories for me. 

anyway, yeah, it super super super sucked. i was like: no wonder most people can't lose weight/ keep it off. like, i am a weirdly disciplined person who is very good at delayed gratification and long term thinking. not trying to brag here, it is actually not good for me in many ways because i will keeping work hard at things that aren't working, or put up with a lot of stuff that's bad for me a long-term goal when it would be healthier to change goals. anyway: yeah, it was so damn miserable. 

after about four months, it shifted and got a lot easier--like my body finally adjusted a bit to eating less. it was still hard and i still have to deal with hunger when i cut, but it's not as intense. it's stayed pretty much the same since then when i cut again to lose the last pounds: hungry and sucky and takes discipline, but nearly fucking miserable like those first few months.",0,0,0,0,0,x,0,0,0,0,
41,"i really get down on myself sometimes because i’ve only been able to lift 8lb weights in my bedroom at home. i was afraid to even go to the gym to workout because i was embarrassed by how little i could lift. i’ve never been athletic. i’ve lead a very sedentary lifestyle as a result of being naturally thin—i never thought i had to care about working out. but once i hit my 25th birthday, i decided to start making a change. i wanted to be strong instead of just thin.

well, after about 2 months, i was finally able to lift the 10 pound weights for a few sets... at the gym. i was super out of my comfort zone, still a little embarrassed, but i pushed through that. taking [progress pics ](https://imgur.com/a/aubcwt7) has really helped keep my motivation up when i’m feeling down on myself. i feel like now i look healthier than i ever have.

thanks to all you inspiring women. i hope i can lift as much as you someday!",0,1,0,0,1,0,0,0,0,0,
42,"dude was depressed, but people still joking about practice. 

&gt;&gt; the other part few remember from the practice rant is the raw and lingering wound iverson still suffered from the death of his best friend. rahsaan langeford was shot and killed seven months earlier, an event with which iverson struggled to cope. all throughout the '01-'02 season, langeford's death hung over iverson, and *just days before his interview, the murder trial for the man accused of killing langeford began*.

dude poured his heart out literally minutes after that practice rant, but people still joking about practice:

&gt;&gt; ""i'm upset for one reason: 'cause i'm in here. i lost. i lost my best friend. i lost him, and i lost this year. everything is just going downhill for me, as far as just that. you know, as far as my life. and then i'm dealing with this. ... my best friend is dead. dead. and we lost. and this is what i have to go through for the rest of the summer until the season is all over again.""

this is so funny, man. mental health has gotten way more exposure since then, but people still joking about practice. 

[source](https://www.espn.com/nba/story/_/id/29143112/the-little-known-story-allen-iverson-practice-rant)

edit: grammar",1,0,0,0,0,0,0,0,0,0,
43,"first of all, i love this and thank you for sharing! i adore simone. but i have this little pet peeve and i am wondering if other people have it too. why is it that one of the seemingly iconic images of simone is that one where she is doing a split jump on beam with her front foot barely pointed? i see that one image everywhere! surely there are better options to choose from. anyway, it didn’t stop me from enjoying this and i love that the kids are learning about mental health from our queen.",0,0,0,0,0,0,0,0,0,0,
44,"hi i started crossfit like 3 months ago and my first month i struggled similarly. i had similar feelings, i kept getting this very strong kidney pain and would get super woozy after a workout. for me it turned out i wasn’t eating right. i thought i was but i was significantly lacking in protein and had to basically double my water intake. supplements also helped. i weight 165 roughly and i drink my weight/2 in fluid oz. (that’s at least 83oz) a day. i also eat at least 130 g of protein a day (i’m vegetarian so i take it mostly by protein shakes). i also keep very close track of my fat, protein and carbs on a daily basis, and i was able to cut out a lot of food i didnt realize was actually holding me back once i started paying close attention. 

also i want to say i stopped trying to get competitive w my workouts. i started pacing myself more, focusing on just trying to work out instead of my number of reps, which means i slowed down a lot. this also helped immensely, you shouldn’t be comparing yourself to people in the gym who have been doing it for years. focus on your body, if you need a 20 second break or a drink of water between reps just take it. it’s better to do that than it is to burn yourself out for the rest of the entire workout. slowly you can work yourself up to being more aggressive but go easy on yourself.

edit: i also want to add maybe seeking therapy? i mean this in the nicest way. i see a therapist as well and have come leaps and bounds in terms of mental health w exercise. this is coming from a person who had daily panic attacks and struggled with very negative thinking about my body image as well. 

i feel that i should also add in seeing a nutritionist as well which has also helped keep me feeling like i’m on the right track and helping me find what’s wrong and address it promptly. i know not everyone can afford one but if you can shell it out it might help. i was able to get my nutritionist who works w my gym so i got a really good deal, there might be similar gyms in your area that can offer a similar service it might be worth looking into.",0,0,0,0,0,0,0,0,0,0,
45,"because we dead only know what he shows us and don't know if there's actual behind the scenes shit going on no matter how much we try to act like we know these players.

like no shit he made a dumbass decision, but he's made multiple dumbass decisions, it's not a one off thing. 

people like to bring up mental health but then soon as someone in the public eye acts out make it seem like mental health isn't a thing and that having money will solve it all. too me it really does seem like ja is dealing with shit, shit won't just get fixed in the snap of a finger and that's why it's called a ""healing process"".",0,0,0,0,0,0,0,0,0,0,
46,"so i've had some wicked pain in my lower back for about 5 years now that really seemed like it was spinal stenosis.  the pain would build up as i walked but relieved when i sat down.  going up hills or leaning on a shopping cart helped.  plus, apparently this runs in my family.  great, off to a neurosurgeon who agreed it sounded pretty cut and dry, ordered me off for an mri aaaaannnnnnddddd... 

no spinal stenosis.  i have a slightly dehydrated disk that shouldn't be an issue until i'm 70 and i might want to check with a vascular surgeon since there's a artery condition that could potentially mimic spinal stenosis.  by the time i got to the neurosurgeon i'd already been at this for about 3 years with lots of different physical therapy and whatnot.

so last year it's off to the vascular surgeon who orders some tests and nope, everything is perfect.  he suggests i go back to a neurologist.  so i do that and he can't think of anything else and tells me i need to go to a sports doctor.  sport doctors in the netherlands deal with sports injuries and the injuries that prevent active people from staying active (more unusual cases that a normal fysio can't figure out).  she did a few tests and told me that my glutes were inactive and my stabilization muscles were weak.  this is probably the root of it all and she sent me off to two physical therapists that specialize in more severe and weird cases.  one is a manual therapist and the other is the actual pt for exercises.

i was skeptical of their diagnosis at first because i was deadlifting 180kg, hiking all over, etc.  how could my glutes be inactive?  however, it turns out that everything else has been doing what they are supposed to do and what the glutes are supposed to do leaving my glutes and stabilization muscles pretty damned weak and inactive.  it's actually working and it's sloooooooooowly getting better after 6 months (and probably have 6-8 months or more to go).

i guess the point i'm trying to make is you have to keep at it looking for answers.  maybe an equivalent of a sports doctor can help? maybe different physical therapists? maybe a sports therapist?  good luck, i know how frustrating chronic pain like this is.",0,0,0,0,0,0,0,0,0,0,
47,"i did keto for approx 12 weeks and it sucked. i felt very weak and i would always leave the gym drained and while i always looked forward to my gym session, i never did during keto. imo ketones aren’t a reliable source of burst energy (my focus has been strength and body recomposition) and i would often grind through what normally would be easy reps. recovery wise i was fine since i couldn’t really push myself at all. 

for me personally, keto was too restrictive and made my social life unbearable for both my friends/family and myself. i have since gone on intermittent fasting and a calorie deficit with a 40/30/30 p/f/c split and adjusting my carbs if i need to decrease calories. it has worked very well for me. 

one caveat, i have always fuelled my workouts with a lot of carbs and perhaps 12 weeks wasn’t enough for my body to adapt. ymmv.",0,0,0,0,0,0,0,0,0,0,
48,"i'm not entirely sure re: low energy...i have some mental health issues that i think make it worse. even though at the moment i'm not having daily panic attacks/depressive episodes, i think low-level depression is still pulling me down and that's actually part of the reason i want to get more active, to combat it. earlier this year i participated in a study that looked at activity levels of mentally ill individuals - i had to wear a motion sensor for 14 days - and it made me so aware of how much time i spent sedentary, especially lying down on bad days. even when i'm quite active in the lab, i feel anxious and lightheaded, so i'm sure it has something to do with that.

your ideas for small activity changes are really great, thank you! i don't have a fitbit or anything so i was wondering about how to track activity, didn't realise i could just track on my phone! so simple, i feel foolish for not realising.",1,1,0,0,0,0,0,0,0,1,
49,"i’m worried the gyms are going to close where i live. i’m so worried that i am afraid to take rest days just incase one of those days is my last in the gym. my anxiety has reached an all time high because i just want to be able to workout and now i’m too focused on possibly losing the gym than just working out and hitting my prs etc. i don’t understand why the gyms would have to close, yet we can go sit and eat at a restaurant.. at least the gym contributes to mental health, not just physical! here’s to hoping our government doesn’t close the gyms down!",0,1,0,0,0,0,0,0,0,1,
50,im sorry about those people that shouted that to you. they must feel so bad about themselves to say that to someone. it helped me to go in the dark when running. but id still dread the car lights shining on me. i have social anxiety too. you just gotta keep your head down (but be aware of cars etc of course). put your favourite music in and crack on.,0,1,0,0,0,0,0,0,0,0,
51,another night of terrible sleep— woke up at 3:30! so got to the gym for 6:30 to get it over with before i start feeling tired and grumpy. not sure what the deal is. i struggle with sleep sometimes but usually only when work is stressful and i’m anxious. doesn’t seem like there’s any good reason right now!,0,1,1,0,0,0,0,0,0,0,
52,"post race depression is very common even if you don’t have depression. you’ve had a goal and all that daily dopamine now days are dark, you aren’t running much, etc... best to sign up for a new race or goal and not sit around through the winter.

i do not mean post race depression as in you gotta to get your mental game up... it’s from abruptly stopping after months of getting that dopamine.

i had it the first 2 fall races i did and would just chill through the holidays... now i keep running.

after 6 marathons u also might need to switch it up... try an ultra marathon or ironman.

i’ve been sick for a week on about week 10 of marathon training and i feel the melancholy creeping in... gonna go try to run again tomorrow.",1,0,0,x,0,0,0,0,0,0,
53,i bet osaka and nick had some really good conversations. both openly have struggled with mental health and its great to see support on both sides,0,0,0,0,0,0,0,0,0,0,
54,"i got into running 10+ years ago by doing the couch-to-5k program. running for any distance seemed so very daunting but that program got me to running for 30+ minutes straight. 
the motivation part tho - that's something you have to do yourself. in general it helps to establish good habits and set reachable goals. what i did to help get me out of a demotivated phase recently was to start the day with 10 minutes of exercise no matter what. most days i did 100 burpees, there's no excuse there, you can do them everywhere. this helped me stick to my other fitness routines b/c i didn't get depressed if i couldn't work out - i could always say that i did at least something that day.
also - and this is purely bro science - i feel that starting my day with exercise boosts my metabolism throughout the whole day.",x,0,0,1,0,0,0,0,0,1,
55,"hi there, 

&amp;#x200b;

i am 40 y/male, started my weight-loss/fitness journey beginning of last year.

i am 189cm and started at 113kg (not too far away from your stats).

now i am sitting at 87-88kgs since the beginning of the year just transforming fat into muscle =)

&amp;#x200b;

my recommendations are the follwing:

1) focus on nutrition first, its the  most important aspect. forget diets, you need to change your lifestyle and eat healthy. there is no other way around it.

i had lots of success with intermitten fasting, maybe thats for you but you need to clean up your diet.

currently i am on a very strict diet on week days, but i relax on weekends eating not so healthy stuff for my mental health =)

doing this for month now and it works great. 

experiment with healthy foods and find out what you actually like!

if you are having trouble judging the right amount to eat tools like myfitnesspal can really help.

&amp;#x200b;

2) make sure you get enough sleep, its very important!

&amp;#x200b;

3) training will actually be the smallest contribution to your weight loss. 

just like the eating, you need to find out what you like doing. i started doing cardio up to the point where i did 5+ sessions / week.

that got boring and my son introduced me to strength training. over time my focus shifted and now i do 6 days of strength training and maybe one day of cardio per week since i enjoy the weights more ...

i dont think you need a pt right away, especially if you already had some. you can start with the beginners routine from the wiki and once you are in better shape move up.

there is so much free information out there, no need to pay someone ...

&amp;#x200b;

&amp;#x200b;

my final tip is, dont beat yourself up about the details.

find things you like and enjoy, it makes no sense to make your life miserable but healthy!

make sure to at least weight yourself every day and keep track.",0,0,0,0,0,0,0,0,0,0,
56,related: this sub is not as sensitive to mental health issues as it thinks. it shouldn't take a player's tribune article where athletes publicize their traumas and anxieties for it to be taken seriously.,0,1,0,0,0,0,0,0,0,0,
57,"this is most likely the cause. i run 6 miles in the morning and don’t have trouble sleeping. before when i used to workout later in the day i would have trouble. it’s tough to workout in the morning but if you get your run in early, i think it won’t affect your sleep.",0,0,0,0,0,0,0,0,0,0,
58,"i can’t wait for the discourse surrounding how “hack-a-ben is actually bullying and not good for his mental health”, it’s going to be glorious. 



ps: not minimizing mental health or people suffering from mental disorders, for the record",0,0,0,0,0,0,0,0,0,0,
59,"everyone in their lives experiences suffering, trauma, depressed states and difficult times. some people experience these events early in life and some later on. but ultimately, suffering and loss are both tragic and a natural part of the human experience. our guest today reached out to kyle and i. he is ben levoie. ben had a traumatic car accident which left him badly injured and severely concussed. this incident resulted in ben losing 10 years of memory and living with ptsd. ben wants to share his story in the hopes that it will help others deal with their own trauma and difficult experiences. in today's episode ben opens up about his life, his accident and how he used climbing to help him with his ptsd. finally, we talk about the flow state, metal health, and how climbing has helped ben to create new memories with his son.

&amp;#x200b;

listen to the whole story on the climbing majority podcast:

[apple podcasts](https://podcasts.apple.com/us/podcast/35-how-to-survive-tragedy-w-ben-lavoie/id1607405330?i=1000603897087)

[spotify](https://open.spotify.com/episode/5f6saixxcdnr9vj7vly6wm?si=3f2eb05de5fd416d)

[web](https://www.buzzsprout.com/1902269/12426674)",1,0,0,0,0,0,1,0,0,1,
60,"i pulled my back. doc has banned me from grappling and basically anything involving the upper body for at least a week. i can do lower body, ironically ,when i hate leg day. i know i can use that as an opportunity to get stronger lower and be able to use that to my advantage but i just...am sad. i miss grappling already. 

i also have finally received a psychologist appointment so i'm one step closer to ssi..but man, not being able to be fully fit makes me sad.",x,0,0,0,0,0,1,0,1,0,
61,"i had a session with a personal trainer this week. and i am still filled with joy afterwards because the trainer actually listened to me and decided to help me. i said right in my very first email that i would like to have help with various techniques for weightlifting with a barbell, and that is what i got (this time we focused on leg-exercises). several times he said things among the line of “i am noticing this and that, here is what you need to work on/be aware of”.

(for context, i'm overweight and because of mental health problems and other issues in life the past few years, my training has been lacking in discipline and has only been semi-regular at best)

afterwards we had a 30 minute talk about my goals(both short- and long-term), eventual obstacles, and such. felt so good afterwards.",0,0,0,1,0,0,0,0,0,1,
62,"i don't know, i'm feeling overwhelmed, don't know how to choose a goal, it seems like maybe mine are contradictory and i don't know what to do (i'm sorry, i know these must get repetitive). 

i'm a healthy weight (5'5''/135ish pounds) but i'd like to be a bit smaller since i've gained ten pounds in the last three years or so and would like to fit better into my old clothes and liked the way my body looked before. i guess i'm eating at  maintenance intuitively. i don't really track calories and have stayed at the same weight for six months or so (after quitting drinking and dripping a few). 

but i'd also really like to gain strength. when i'm focused on working out and gaining core strength in particular, i'm less clumsy and i'm also starting to get to an age where i feel like if i don't work on building muscle, it's only going to get harder. i'd also like more stamina in physical activities and such. i work on my feet so i get in 12-15k steps a day but don't really do anything else right now. 

so.... gaining muscle but getting smaller isn't really super possible, right? cause to gain muscle you have to eat more and to lose weight you have to cut calories? (i don't really care about the numbers on the scale though). is my best bet to add strength training and cardio and keep eating the way i am?",0,0,1,0,0,x,0,0,0,0,
63,"i have depression too and exercise in the moment often feels like the last thing i want to be doing. but doing it regularly does end up making my body &amp; my brain feel better. and being in the habit of exercising regularly &amp; eating a balanced diet makes it less miserable for me to start working out day to day. eventually i get to a place of actually enjoying it and looking forward to workouts. but when i'm eating junk or haven't moved in awhile, a workout feels 20x more miserable. so it's a routine i have to lock myself into i guess. any time i fall off the wagon, i have to ease myself back into working out with something easier like walks, yoga, etc. and fix my diet then do something harder that makes myself more proud. but i never do anything that i absolutely hate doing, like running.

also, fwiw, i don't get that endorphin rush unless i'm doing a high intensity/sweat dripping workout, so every workout doesn't make me feel immediately happy. at first that missing sense of accomplishment made me feel aggravated at the end of workouts but now it helps me strive for more. 

i agree with others that maybe you should focus on diet for now and maybe talking to someone or finding other ways to change your mindset, because i don't think it's what you want to hear now, but if you want to change you're going to have to get used to feeling uncomfortable to some degree.",1,0,0,0,0,0,0,0,0,1,
64,"there are many chronic conditions that are ""work through it"" scenarios. muscle tension resulting in nerve aggravation is one of those things. you will need to continue managing stress and anxiety in order to work through something like that. it's not a bad thing necessarily, but good to know your limits and foundational expectations.  
overall you do sound quite stable. health care providers always want to first limit dangerous conditions and symptoms. typically if exercise is cleared then you should continue doing so. the benefits of exercise are numerous and being confident in your mobility is essential to longterm health.  
pots is very difficult to diagnose directly. it is often a condition of exclusion rather than inclusion. sometimes practitioners will use a tilt-table test to help rule in the condition. pots is also a condition that is more about management. again, you have a stable presentation. people with pots who do pass out as a symptom tend to be more ""at risk"" due to secondary injury.  
i know that none of this is a defined diagnosis. i am not your practitioner and, even if i was, as a pt diagnosing pots is not within my license. i do hope that our discussion today does give you a basis for looking at symptoms, timelines, other conditions, and when it would be necessary to be checked out more.",0,1,1,0,0,0,0,0,0,0,
65,"last night was only my second time going to the gym ever, and i did upper. i could not even lift the bar for bench press, dumbbell shoulder press killed me and i actually hit myself on the skull doing skull crushers, so needless to say i have a lot to work on! i am really hesitant to do an exercise that actually targets my chest, mainly because i have costochondritis and a panic disorder that was initially triggered by random chest pain. i’m just worried my brain will go out of control if i work chest and wake up with a soreness. is there a specific area of my chest that would be sore if i start doing dumbbell presses to work up to benching? i’m just trying to prepare myself mentally cause i am an anxious gal 🫶 i avoided doing rows and the dumbbell press last night cause i was not ready for how i would feel the next day 😭",0,1,0,0,0,0,0,0,0,0,
66,had to stop half way round the other night as my calves were hurting. first time in over a year. deep depression has set in,1,0,0,0,0,0,1,0,0,0,
67,"huh? just do it - i’m confused.

i am 65 and run an average 5 miles/day, 7 days per week on the road (concrete/asphalt). i don’t stretch, before or after and i remain pain and injury free. i rest daily - my “rest day” is the 23 hours after my daily run. orthopedists/podiatrists and my gp all told me to walk, not run as the only way to eliminate the ongoing pains i always had. none asked me about my running form or footwear - ever. now that i learned how to run and what proper footwear is, i don’t need any doctors/physical therapists etc. i just run.

if you’re in pain you are running in incorrect form and/or using the improper footwear. running, in proper form, is a natural non-stressful on joints movement.

get rid of any shoes that are not level (meaning zero drop from heel to toe) and use only footwear with no padding whatsoever. “running” shoes, aka shoes with “arch support” (not!) and supposed “impact reducing” padding are dangerous and foster/cause injury. . running shoes’ padding has been proven to interfere with proper form and increase impact. it will take about a month to adapt, your calves will get sore but once adapted - it’s so worth it - there is no going back to commercial running shoes that serve only who sells/markets them.

once i trashed my “motion control”, padded running shoes for what is known as barefoot shoes (google it), i changed my impact to a mid/forefoot strike and eliminated any/all ongoing issues - i.e. runners knee, shin splints, hip and lower back pain. there is no foam that better absorbs the impact of running than the foot, in it’s natural running form - get a coach, go online - this is the only answer.

btw, i am autistic and suffer from episodic depression. during episodes, i just don’t want to be awake. drugs/ssri’s etc. do not work for me. i have to run. running is my medicine. the rhythmic breathing is my meditation and solace clearing the noise in my head for the day. injury/pain from running is not an option for me. i had to learn how to run without injury.",0,0,0,0,0,0,0,0,0,0,
68,their was one practice were i kept touching this one guys butt on accident while doing backstroke. i get anxious just remembering it,0,x,0,0,0,0,0,0,0,0,
69,"this. either an eating disorder or body dysmorphia. i'm 5'6"" and at 155 pounds. i currently have a decent amount of muscle and have pockets of fat here and there. at one point i got into an extreme amount of cardio and got down to 140. i was extremely skinny and had practically no visible fat. sitting on toilets actually hurt.",0,0,0,0,0,1,0,0,0,0,
70,"honestly i feel like no one should be judging you for doing what’s comfortable when you go into the showers...if they are then they are being morons. do what you feel comfortable with and what gives you less anxiety!

i usually go with how i feel on the day - if i am feeling confident, i’ll just take everything off and towel it but if i am not feeling great, i’ll go in with everything.",0,1,0,0,0,x,0,0,0,0,
71,she shouldn't be playing a pro tennis tournament right now if she needs to work in her mental health.,0,0,0,0,0,0,0,0,0,0,
72,"in my experience after being active for 8ish years, i found leaning into burnout helped me the most. i guess you can reframe it as a chance to take a moment and listen to what your body *wants* to do with no judgment. if you want to walk, walk. if you want to hit it hard at the gym one day, do it. if you want to do nothing, do nothing. if you've been active this long you know the difference between lack of motivation and lack of energy. 

alternatively, you could do the opposite and try a new thing that gets you excited to keep going! pilates, pole fitness, dance class, hot yoga, a new lifting program, whatever. either way, know that this season of your life is temporary and you'll feel up to it all again :)",0,0,0,1,0,0,0,0,0,0,
73,"gyms 100% opening this friday, can't wait to get my caffeine addiction back.",0,0,0,0,0,0,0,0,0,0,
74,"thank you for sharing! i started running shortly after my husband passed away, two years ago. we were only married for ten months. his loss had left me completely devastated and broken. i had my yearly physical, when my dr had told me after some routine blood work, that i was pre diabetic. she told me “you have to get this under control you have to much going on to worry about this” i started eating better and slowly started running. i’m not a 5k girl. at this point i don’t have a desire to be, good for you though! but running is something that has saved my life! the mental clarity i get from it, is unbelievable! i will never stop. it’s the best antidepressant! best of luck to you with your marathons! god bless your hustle as well!!",1,0,0,0,0,0,0,0,0,1,
75,"i was going to comment something similar. my husband, since we met, has gone to the gym 6 days out of the week, for 2 hours give or take. my husband has a stressful job, isn’t the best at communicating emotions, and views the gym as a safe space/therapy, etc. his love of the gym has definitely kept me motivated and pushing on my own journey. 

 i do think for op  it’s a conversation worth having if this is how the husband feels and using that as a starting point to communicate how op feels when he prioritizes it over her.",0,0,1,0,0,0,0,0,0,1,
76,"hey guys, 

looking for a form check/ some suggestions on how to improve on my sumo deadlift starting position. back in november i got back into lifting because i was super unhappy with my physique. i've sumo dead lifted ever since i hurt my back in college because it feels better, but i've never really filmed myself. one day a couple weeks ago i had 365 on (\~90% for me right now) and had my brother film me just for kicks and i realized just how bad my form was, especially the first rep.  i seriously had no clue my back was so rounded because it didn't feel like it was.

anyway, for the past couple weeks ive been doing a little mobility work and trying to get my form correct so that i won't end up hurting myself after the weight starts to get heavy again. here's a clip from the last couple reps of a set of 275 i was doing yesterday just to try and work on form. 

 https://imgur.com/cjyb1ig",0,0,0,0,0,1,0,0,0,0,
77,"is there a connection between lifting and gyno? i know it sounds dumb, but gyno seems to be a really prevalent thing in bodybuilding but i don’t hear about it at all else where. maybe it’s just because we’re more prevalent to showing off our nipples😂

i got gyno in one tit about 3 months into lifting, but then again i started when i was 16... is there any treatment that doesn’t involve surgery? it makes me pretty self-conscious, to the point i can’t even walk around my house topless:(",0,0,0,0,0,1,0,0,0,0,
78,"been feeling super depressed today.  i interviewed well last week and thought i would have had heard of something by now.  i sent a ""thank you for the interview"" email yesterday.  thinking of sending an email tomorrow to see what the status is for the role.

other than that, grad school is going well.  just sucks being unemployed.  i'm still living with that single mom too but i save on rent.  my physique is literally a dadbod now at this point compared to what it was back in february.  my psyche could be better too.  

2020 has been an off year for me.  fired/let go from my job in feb, unemployed whilst collecting unemployment, and then going to grad school.  i need to deter my long term unemployment with something.  whilst some say 'covid-19' could be excuse on a resume, i personally don't think so.  some people just have a much more valuable skillset than others and they have a skill that is in demand based on the job market.",1,0,1,0,0,x,0,0,0,0,
79,"i am in boston (where whoop is headquartered) and lots of my boston fitness friends have them so about 10 months ago i got one. my case is probably different because i went through chemotherapy in 2020 and was completely rebuilding and was getting depressed by the step tracker on my garmin because i wasn't getting any steps bc i wasnt running (i used to run marathons). i got the whoop so i could better monitor my strain to make sure i did not hit max heartrate as i was following a really strict rebuilding plan. (for context - my lungs are effed from chemo and i had lost all muscle mass). 

i so far am still using it - i like seeing my improvement with different activities (i mainly spin, walk and do barre) and i like the sleep tracker. what i don't like is because i do virtual group fitness, i chose my workouts in advance, so like today i woke up in the green but did barre, which doesn't boost heartrate, so now i will be in ""recovery"" mode even though i got a good muscular work out. so if you really care about matching your workout to your strain level, you can't really plan workouts in advance bc you are meant to go off of when you are in the green (better for higher intensity cardio). but calorie count and heartrate are accurate. interesting to see what behaviors impact recovery.",1,0,0,0,0,0,1,0,0,0,
80,"i definitely agree with you... 'grabbing a bite' is no longer a thing and it's not just the hassle of figuring out calories, macros, etc, but it's just such a damn drag to try to avoid ways of saying you're watching what you're eating. having friends that dont' get it, don't care, think it's lame, whatever it is... just makes it all that much harder. i love the way i feel when i'm food conscious. i have great energy, in a great mood, and my workouts are that much better. when i fall into that trap of letting loose and eating out, i get into a downward spiral and it's so hard to get out. i literally feel like the social aspect of dieting is me hanging onto the sides of a black hole trying not to get sucked in. last weekend my husband agreed to go out with our friends and i got stuck getting a taco salad without eating the bowl part and everyone's like hows the bowl how are you not eating the bowl its the best part and im just like grrrr. and it wasn't a chain restaurant so the meal wasn't in mfp so i was really trying to pick something basic that i could guesstimate. then after dinner comes the flood of drinks etc... i actually just straight up left and told my husband if he wanted to stay out its fine but with everyone adding one pressure on top of the other plus having an 8am workout booked for the next morning i was ready to scream. i was really proud of myself for leaving but it is such a burden sometimes but i don't have regrets because the rest of the week i feel really great and look good too!",0,0,0,0,0,1,0,0,0,0,
81,sprained my thumb falling off my bike last week. haven’t been able to even tie my shoelaces properly since then. feeling super restless and my mental health needs the exercise soon!!!!!,0,0,0,0,0,0,1,0,0,1,
82,"if you don't feel like your therapist is a good match, jump ship. it's all about compatability and someone you really feel you can talk honestly with. though i will admit it's not for everyone.

i agree though, the gym...well moreso cardio is where i go when i'm really struggling. i'll just keep doing cardio until i'm too tired to worry, care, be angry, whatever. back when i was having family issues i'd regularly do 10 mile walks at 15-20% incline on the treadmill just to escape for a little bit.

we're all here too if you wanna talk to any of us knuckledraggers.
reps for your dad. stay strong brother.",0,0,x,0,0,0,0,0,1,1,
83,i find running to be so therapeutic for me. this was my first year in az and it was so hot i just couldn’t run. now that it is cooler i run about 5 miles every other day and it feels like my brain gets time to process and digest. when i wasn’t running it just seemed anxious.,0,1,0,0,0,0,0,0,0,1,
84,"maybe commit to a shorter run than you're used to. once you get going, you might feel up to your normal routine. 

but hey, as someone who suffers from anxiety, sometimes it's okay to just wallow. tomorrow's a new day.",0,1,0,0,0,0,0,0,0,0,
85,i used to sign up for races to make sure i was always training. but now it is so routine for me i don't need races as an incentive to stay committed to running. i do enjoy an occasional race but the physical and mental health benefits are enough for me now.,0,0,0,0,0,0,0,0,0,1,
86,"okay guys i know someone since middle/high school and she’s now a fitness and nutrition coach. 
she told me about her program and saying it’s flexible and if it doesn’t work out for me, she can change it on the spot. she’s also willing let me split it to pay it in breaks. 
i never fully thought about it nor didn’t know information about these kind of programs. 
she’s offering for 12 months, which she originally said 1100 but is putting $900 for me if i join program “now ish”. she’s also really willing to pay in split payments as well. but prices on her website is expensive i think and now wonder if i heard her right cause my head was spinning due to being overwhelm and anxious.  
i’m just super hesitant of putting the investment in this program? i don’t want to commit something that’ll end up not working for me esp for 12 months. 
also fyi, i’ve been meaning to go back to pt to, you know even with under insurance, it still cost money
 thanks for input.",0,1,1,0,0,0,0,0,0,0,
87,"i would advise against it (i mean, unless money is no obstacle then by all means, why not)

so i also had a traumatic experience when i was younger  and almost drowned. didn't step into the deep end of the pool until recently (young 20s). i took a course that was about 3 months long, but took place weekly. the first few lessons were rough..trying to learn as an adult is harder plus i would have bad panic attacks in the pool.

i would say most people in my course started getting the hang of it after 4 lessons, for me it was about 6. at least for the basics (floating, kicking, treading). then the rest of the course, after we all got the basics was focused on right technique, and making sure we could swim an entire length of the pool. 

one of the biggest reasons i'd advise against it is how tired you'll be, which makes me question how effective this accelerated bootcamp really will be? as a beginner, it takes time to build the right technique. swimming looks easy and effortless when watching videos but let me tell you, it is tough. everyone in my class, some of whom were really fit, were tired after 1-3 laps which to a more experienced swimmer, is nothing.  but as an absolute beginner, i can't imagine how tiring it would be to swim for 36 lessons over 4 days. it's similar to other exercise, where even though swimming is easier on your joints, you still need to take breaks and allow your body to recover.",0,1,0,0,0,0,0,0,0,0,
88,"i went gym. not too much after having a rocky last few months with mental health. 

i replied to a potentiallt really good job offer

i asked for a cute girls number from work for the first time and got it. 

i think i did good today",0,0,0,0,0,0,0,0,0,1,
89,"need advice bad. sorry for the long comment lol. 
i am a 20 year old, male now around 134 lbs, 5’5. so, in september i went on a major calorie deficit and changed my eating habits that were really bad, and also doubled down and went to the gym everyday except sundays as rest days, up until today. i always eat 120g+ protein each day and incorporate many foods fruits veggies, chicken etc. and since september i’ve steadily increased the cals i eat, i try to aim for 1900-2000 cals a day now. and i’ve lost about 60 lbs most of which was in first 2-3 months of getting myself back together. i should state too that over this past summer i was going to gym 3-4 times a week and was slowly seeing results but not losing any weight. but anyways, as of recently like late november up until now, i’ve been experiencing extreme fatigue in my life also tiredness, having weakness, trouble doing everyday tasks like opening the door or lifting things that i normally wouldn’t, and being depressed. and at first i wasn’t sure what was happening, especially this past month has been really bad with all these symptoms. but i’ve still brought myself to the gym each day (except sunday’s still). and i’m not seeing any results, i recognize i’m also not pushing myself enough in the gym and the workouts i’m doing are completely stagnant, i haven’t brought up the weights really at all, and i haven’t increased the sets since like november. so i’m not sure what to do, i don’t know if it’s over-training or under-training but if i’m under-training i don’t understand why i’m have the symptoms i am having. please any advice is welcomed just need help trying to figure out what i should, i don’t know if i need a rest period, or just gotta push harder at the gym?",0,0,0,0,0,x,0,0,0,0,
90,this is so bad i feel like there’s a legitimate issue with his mental health. they aren’t just simple mess ups those are borderline he needs to get a checkup.,0,0,0,0,0,0,0,0,1,0,
91,"burnout is one of those things where it's too late to deal with it by the time you're experiencing it.

you can do a deload (chop your mileage by a third, and do nothing but your favorite runs at an easy pace)

you can spend some time on a bike or swimming or hitting the gym to take away from running.

you can think of willpower and dedication as a credit card. every time you push yourself to get through a workout, you're making a charge to that credit card. if you make more charges than you earn (your body's inherent ability to recover from stress is your job), you end up paying a bit extra in interest, and you have to cut back on your spending to pay the card off. if you keep making charges until all you can afford is the minimum payment, you run out of motivation to train.",0,0,0,1,0,0,0,0,0,0,
92,"don't have an eating disorder but i was a tubby guy and starting to slowly bulk now. i think following /r/leangains advice on keeping the surpluses quite reasonable (200ish cals) and staying between lyle mcdonald's body fat% ranges for cutting/bulking took a lot of the 'worry' out about blowing up again. 

it's a pretty common concern tbh, one you just have to work through after a couple successful bulk/cut cycles to give you the confidence that you know what you're doing and what you won't 'relapse'.",0,0,0,0,0,x,0,0,0,0,
93,"&gt;i’ve been rooting for djokovic but if this actually happens i may have to rescind my support for good

was organising a superspreader covid event in the middle of the one of the worst months of the pandemic last year not enough for you? https://www.theguardian.com/sport/2020/jun/24/novak-djokovic-left-isolated-as-adria-tennis-tour-acrimony-rumbles-on or how about socialising with genocidal military? https://www.aljazeera.com/news/2021/9/21/djokovic-sparks-controversy-after-meeting-drina-wolves-commander",0,0,0,0,0,0,0,0,0,0,
94,"i am very self conscious and do not like doing things in public like running or going to gyms, it causes me anxiety. i ordered and recently received a rowing machine which i've setup in my garage. it is a full body, low impact  workout which uses a flywheel so the harder/faster you row the more resistance it creates. the downside is it cost $900 usd ($1300 cdn) and i was on a wait list since june to receive mine. i see it as one of the better purchases you can make since you're investing in yourself. it's a great workout and i actually look forward to using it! 

for anyone wondering which machine its a concept2 model d rowing machine. the site lists its max weight at 500lb.",0,1,0,0,0,0,0,0,0,0,
95,"my father was 100% service connected disabled and i know how long an hard he fought for it. i also know disabled vets who game the system by letting their health get so bad so that theyll get the max amount, they actually are beyond recovery. i also have worked as an adminstrator for this population for 20ish years. the stress and dispair associated with the process is a factor to be considered when we're talking about mental health. and i can tell you from my own experience in the system and as a patient, doctors look at someone like him, who fight for their health and dont give in, differently.  its like oh you go tot he gym and you work yoi must be fine. they have no clue what it takes to mentally to fight for your life on a daily, hourly basis. thats all im saying. im not blaming. it is what it is.

idk. im not giving up. yet. but i know first hand what he was dealing with. if it could break a person like him, his will to carry on, it is all i am saying and more.",1,0,1,0,0,0,0,0,0,0,
96,"1. manage my depression and anxiety
2. for fun - love biking, hiking, and lifting weights. used to play roller derby and miss it. i also get a lot of satisfaction/feels of accomplishment from finishing a hard workout. 
3. love being strong af, can lift all the furniture, and know this will help me in old age. i want to be one of those super buff 70 year olds (currently 36 and not so buff in appearance).",1,1,0,0,0,0,0,0,0,1,
97,exercise is more of a mood stabilizer. it for sure isn’t a cure for depression or mental health issues. this is common sense tho.,1,0,0,0,0,0,0,0,0,1,
98,"i for myself solve the problem by not having an actual ""goat"" at all. they didn't play against each other in their prime, so comparing them is pointless, because we will never know who would've outperformed the other if and when they would've faced each other...

also at times when jordan was playing, the science behind nutrition and fitness wasn't even half as good as it is nowadays. kareem was an exception, and probably lucky. 

and also also; i know lebron never knew his papa really, but jordan had a loving father, who was murdered at a time when he was playing. that is devastation to a person's mental health (speaking from personal experience). 

these are 2 factors that i think are a big reason why lebron's longevity is what it is, and why jordan never lasted as long, and eventually didn't get as many titles.

all that being said, my wild guess is that with the science of nutrition, training and fitness we have today, jordan would've easily averaged somewhere between 35 and 40 points a game in my opinion. that doesn't reinforce any 'goat' argument for him, but jordan's peak even at that time was f****** insane.

 lebron to me is the greatest of this decade, kobe to me was the greatest player of 2000-2010, and mj to me is the best from 1990 to 2000. simple. no ""goats"", just greats. each in their own era.",x,0,0,0,0,0,0,0,0,0,
99,"i want you to imagine really quickly the worst that could realistically happen, realize that you would survive just fine, and then go to the damn gym. 

if you can't still, then i would seek the assistance of a mental health professional, as it is significantly interfering with your quality of life.",0,1,0,0,0,0,0,0,1,0,
100,"&gt; why not get assistance with her mental health back then? 

how do you know she's not getting assistance since then?

&gt; she has done all of her press conferences since 2018. she cannot just decide which tournaments she can or cannot do them

maybe she has hit breaking point after a very long set of restrictions, bio-bubbles and a very difficult pandemic. everyone has a limit.",0,0,1,0,0,0,0,0,1,0,
101,"i think if he were playing at a school where basketball was more important that probably would have happened, but stanford isn't exactly under a microscope even on campus. and he went to hs in minneapolis, which cares way more about high school hockey. his one year in college they also didn't make the ncaa tournament, so how much scrutiny were they really under?

you're probably right that the flip from best guy on the team to worst is a trigger here. a lot of guys struggle with that transition who don't have underlying issues. anxiety causes you to constantly compare yourself to others, so he may have been much more focused on how he stacked up to his peers and how he was perceived by coaches/execs than fans or media. he was likely acutely aware of how tenuous his position in the league was. combine that with the constant travel, lack of usual support structure, and lack of anything else to think about or spend time on (e.g. school), and it's not hard to imagine getting overwhelmed.

there's also the reality that most mental health issues emerge or worsen in people's early 20s. like, i've had anxiety/depression issues since i was a kid, but i didn't have panic attacks or require medication until i was out of college.",0,1,0,0,1,0,0,0,0,0,
102,"talk with your therapist/counselor at school about it, they will be able to help you understand if your family situation is impacting your swim performance/motivation.",0,0,0,x,1,0,0,0,1,0,
103,"i run...because gravity works. (looking at you, butt.)

i run...so i don't commit homicide.

i run...to gtfo of the house and office.

i run..so i don't have to actually speak to anyone for 30-45 minutes at a pop.

i run...because, at my age, i still can. (fuck you, aging. we're gonna fight.)

i run... because, like you, i have one ""house"" to live in, and i don't want it falling apart around me.",0,0,0,0,0,0,0,0,0,1,
104,"yessss exactly. one of my friends in the real world is doing this shit right now and she was talking to me and was like ""i would literally pay a million dollars and will do anything to weigh what i did in college"" and has been doing all these drastic diets and going to back to 1-2 orange theory classes a day and i was like ""babe you honestly need to go to therapy, i am worried about you and you aren't listening to anyone except for your asshole inner monologue""

frequent exercise isn't a bad thing, wanting to lose weight isn't a bad thing...desperation at a tight/impossible timeline and then basically sacrificing yourself for an aesthetic is definitely a bad thing",0,0,0,0,0,1,0,0,1,0,
105,"as someone with adhd i used to be like this until i started accepting myself for how i am not how i “should” be. 

if something is boring i do something else. if i’m tired i rest. when you find yourself getting bored look to try something new - pause your gym membership and buy a class pass or sign up for a short training program. there’s no reason you can’t dance for 2 months, lift weights for 3, bike for 1, and on and on. 

the best exercise is the kind that will happen. and your health isn’t just physical it’s also mental and emotional. dreading and being bored are not because anything is wrong with you, it just means you need to find something new that you can look forward to. take an adult karate class or find an adult dodge ball league or follow along to a video at home in your pjs - it’s all great. 

you know that movement brings you joy but routine doesn’t. just follow your joy without judgment and i’m sure you’ll find you stop having long breaks and instead just have new fun ways you’ve learned to move.",0,0,0,1,0,0,0,0,0,0,
106,"i second this, i started doing yoga when i was depressed and it helped me out immensely. it's very much linked with meditation, so it's amazing for the body and mind. i also really love adriene as an instructor, she has such great energy and doesn't take herself too seriously, great for a beginner!",1,0,0,0,0,0,0,0,0,1,
107,"hey there! 
i get it... i really do. it sounds like you've put in so much work, and you should be proud of that! seriously, it's not easy. 
i think sometimes our bodies take a lot longer than we want to know that they are safe and can truly recover, which can be frustrating. 

i will say i cut out all exercise in october (if it sounds scary, trust me, i was terrified) and had one recovery cycle in november. i've had a ton of almost-cycles since then, which as you know or will learn, recovery cycles can be really long and irregular. i did the provera challenge early january and had a withdrawal bleed about 5 days later. 

you've already done so much. please don't give up on yourself now! it sounds like you've made a lot of changes with your exercise routine, but you are still doing a lot. it's hard to go cold turkey, but you might want to stop exercising altogether. i had the hardest time with letting go of my lifting routine. it was my stress-reliever, my anxiety-reliever, my me-time, my fun-time, my favorite hobby. i cut down to 3x a week and then to nothing but yoga and walking. my anxiety wasn't great at first, but i actually learned coping mechanisms instead of running to the gym. i learned how to face my emotions and my bad-body image days, and started building a sense of self-esteem that extended beyond my lifts at the gym. 
i've learned so many lessons that i am so grateful for. i'm not 100% there in terms of recovery because my cycles are long, irregular and sometimes non-existent, but i'm almost there, and while this totally sucks, i'm grateful for everything i've learned which will hopefully make pregnancy and motherhood a little bit easier to ease into. 
it's hard, it really is. you've really come so far. i would maybe ask yourself what more you might be able to let go of. feel free to dm me too!",0,x,0,0,0,1,0,0,0,0,
108,congratulations on your 10 miler and being cancer free. running has saved my life too. suffered with poor mental health off and on my whole life. running always makes it all better. you know something is so good when you can't find the words to describe why. running is that beautiful. i wish more people would stick with it long enough to understand. i still remember my first 5k. just as i was ready to drop out my mom was there cheering for me. later the race organizers treated everyone to a free spaghetti dinner. that's what i love about the running community. always good memories with running. thanks for sharing and you are strong and brave my running friend!,x,0,0,0,0,0,0,0,0,1,
109,"i started to run before the start of pandamic. ran barely 1k. by the end of 2020 i got in the best shape of my life and i was preparing for a marathon witch got postponed. during that period my mental health got much more better.
during 2021 i managed to finish the marathon (awfu time, but got it done) and ran two ocrs eith distances 13 and 26km. each time it got better.",0,0,0,0,0,0,0,0,0,1,
110,"&gt;that there's an assumption that to be healthy you need to count calories.

i would say you're unpacking it too many steps. 

to reach specific physical goals - be it weight, physique, strength - calorie counting is a useful tool to get there efficiently and without damaging your body. 

it's helpful to think of fitness as a hobby. it is ok to make fitness a hobby. many people make fitness a hobby because it is healthy. it can even be healthy to have fitness as a hobby, but not necessarily so. health itself may not necessarily be the goal, although it can be a motivator and a nice bonus. 

you're right, many people who are already 'healthy' have goals that they are counting calories to help them achieve. and even when their goals are healthy, while it might make them healthier in the long run, the goal itself still is not necessarily connected to health. a healthy person dropping 5 kilo wants something else, maybe to fit into an old dress or to feel better about themselves naked. a healthy person trying to get some arm muscles might want to be stronger so she can pick up her kids or to have a gun show to flash on a whim. i would argue that they are getting healthier, but for reasons that are unconnected to health. 

conversely, lots of people take their goals and their calorie counting to extremes. i think we can agree this is often problematic. people can have a goal of reaching an unrealistic weight, of reaching an unrealistic physique, of cutting an unhealthy level of calories. they may have started because it's healthy, but in the end, they are actually making unhealthy choices and possibly damaging their bodies. 

eta that i'm wondering why you're preoccupied with fitness culture when you're recovering from an eating disorder. isn't 'fitness' something your doctors would want you to steer clear from while you focus on your health goals?",0,0,0,0,0,0,0,0,0,0,
111,currently cutting with a goal weight in mind but i'll call it early if life stress tells me that making things harder than they need to be by also not eating nearly enough is a really bad idea,0,0,1,0,0,x,0,0,0,0,
112,"yes, “going to the gym to practice basketball while refusing to practice with the team because he says he can’t practice basketball because of mental health issues.” good fucking lord man this is not difficult to see that he’s clearly bullshit and everyone knows it, so he’s getting called out.",0,0,0,0,0,0,0,0,0,0,
113,and then giving an interview stating that he would be devastated to miss out on playoffs. if only there was a way to avoid such anxiety????????? fucking what the fuck. what rhe *fuck*,0,x,0,0,0,0,0,0,0,0,
114,"if you don’t want traditional therapy, maybe look for some self-help books or forums to help you work through some issues. 
 
it sounds like you restrict and binge on both methods. also, at this point, it seems like intuitive eating won’t work for you because your hunger/fullness cues are off.

so that leaves you to tracking your macros. i think right now, you just need to know your starting point. don’t change anything for two weeks.  continue your same eating habits and exercise habits. track your food and weight for two weeks.  track accurately. weigh everything. don’t rely on estimates or eyeballing amounts. if you binge, track it. don’t beat yourself up. just track it and move on. you’re just gathering data at this point. then after a couple of weeks, you’ll hopefully have a better idea what direction to go it.

disclaimer:  this is just a suggestion, just something to consider. this may not work for you. i’m not a doctor.  seek therapy if you think you have a problem. good luck to you!",0,0,0,0,0,1,0,0,1,0,
115,"tbh: i cried like a little bitch and go through cycles of not eating/would binge eat italian food like i was homeless for a week or two. 

after a bit, i realized that i’m still responsible for my own life and life doesn’t stop because i was sad. i kinda forced myself to get back into a routine/meal prep. with all the extra free time, i even went harder at the gym and picked up some more hobbies (hot yoga, rock climbing). 

the endorphins are good for you and getting back into a routine helps you keep your mind off of it and move on. 

hope this helps and you’ll find someone better, don’t worry.",x,0,0,0,0,1,0,0,0,1,
116,"i’m right there. been doing it about 1.5 yrs now. was killing myself smoking for the last 18 years and sitting in the couch. wife convinced me to go. i was doing bare bar thrusters to start and could barely lift my arms after a wod. i had to drive 4 blocks cause i couldn’t walk home i was so tired. now i jog to the box and a brisk walk home, or jog depending on the workout. my strength has improved tremendously, but my stamina sucks cause i’m still getting over smoking for all those years. my weight has stabilized, i weigh the same but my body has rearranged itself and i’m replacing fat with muscle. it’s a journey and a lifestyle change, and it’s damn sure worth it. 

edit: grammar",0,0,0,0,0,0,0,0,0,0,
117,"did you use a therapist to help with the acceptance part? where there any mental exercises?

i was able to see a therapist right away, for free, because of the nature of the incident. i had 4 very fruitful sessions with him during some of the worst time of my illness. this was 2months + ago and i thought i was okay. i am okay mentally, except for the working out part. i have considered getting a therapist, but i am well functioning otherwise in my life and the threshold to get free therapy in my country has riven incredibly since the lockdown last year. wait times are over 3 months, if you get accepted. and i am very sure i wouldn't. i also can't afford a private one :(",0,0,0,0,0,0,1,0,1,0,
118,"(1) try to run somewhere else? - it's not ideal or necessary, but maybe it'll make it easier for you if you're away from local eyes.  


(2) get comfortable that non-runners are always secretly envious of people who are out there running, even the fat runners (we have those in our ranks too). it takes a lot to get out there and run, most non-runners don't have an opinion that matters and 99% of runners know we all run our own runs and don't worry about what every other runner looks like.   


seriously, just go run. run with someone else if that helps, but run. your anxiety can't own you if you act in spite of it.   


good luck.",0,1,0,0,x,0,0,0,0,0,
119,"dude i know exactly how you’re feeling. honestly the jelly legs comment is spot on. just a couple things i do to keep me from getting anxious like that. i warm up pretty well all the way up before my events can’t be anxious if you’re sweating 😅, ditch the caffeine the prework out there coffee all of that is out the window for me. and another is i do more “mock” races in my training. i’ll focus on how i want to run the race and it should follow over when you actually run the race. the jelly legs went away the more track meets i started to attend.",0,1,0,0,1,0,0,0,0,0,
120,"5 months ago i stopped going to the gym due to overtraining and stress, sort of feeling burnt out. was not feeling motivated to do anything at all, not even going for walks, and on the days that i was, i couldn’t do anything because it would overload my body. 

since then i gained almost 36lbs and i am struggling so much to lose weight, like i have never in my life. 

my calories are so low, and i’ve started going back to the gym with a 4 days split, upper/lower, but nothing. 

is it normal i am not experiencing any weight loss, despite being in a calorie deficit that should make me loose 1.6 lbs per week? do i just need to wait for my metabolism to kick start again? what are your suggestions?",0,0,1,1,0,x,0,0,0,0,
121,"same here! well, i've cut out 99.9% of my drinking - special occasions (a friend's wedding) or something i will have 1 glass of bubbly to celebrate. otherwise i've cut down to probably a few drinks per year - and i used to have 5-7 drinks easily on a night out. 

i started really seriously working out at 29, and at 30 i realized it wasn't worth it to me to keep drinking as much. alcohol affects my sleep, and i also wasted many days being hungover. ""wasted"" not just from a fitness standpoint but from a life standpoint (nope, i didn't get laundry done, or buy groceries, or really do any adulting those days). then around 31 i really started dialing in my diet/nutrition and that's when i more or less swore off alcohol. wasted calories - 1 drink wasn't enough to get me buzzed and any more to get that buzz wasn't worth the hit to my calorie budget nor my wallet budget! 

to each their own, but i've found i have much better mental clarity, and i realized i was also using drinking as a coping mechanism for mild social anxiety. it's pushed me to really come into my own now that i think about it.",0,0,0,0,0,0,0,0,0,0,
122,"you’re 23, i think part of this is just coming to terms with your body as a woman (ie. you’re not a teenager anymore!) but you should not be looking at the mirror and feeling disgusted over 10 extra pounds! before you try for weight loss or strength training or whatever, see if you can speak to a counsellor or someone about your body image. feelings like these can so easily spiral into an eating disorder and body dysmorphia.",0,0,0,0,0,1,0,0,1,0,
123,"my instagram focuses on mental health, and overall wellness. if those are things that interest you, feel free to give me a follow :) @nats.wellness",0,0,0,0,0,0,0,0,0,0,
124,"today i conquered my first mountain!

this day is very meaningful to me as for the past 5 years i’ve been struggling with many different things and i feel like those were a pretty large hills leading up to this mountain.

migraines, a car accident (which led to pt twice for shoulders and it bands), family stress and changes as well as overall depression. i also stopped wearing a shoe brand that i had worn for decades. i tried another brand and another brand after that and finally landed on the sweet spot with hoka.

last summer i tried to conquer this particular mountain and while i came close, i didn’t feel the way i feel right now either physically nor emotionally.

i took a photo of the canopy at the turn around, halfway to the 7 mile point. i’ve seen it before, just a few weeks ago in fact. however, i didn’t finish that run the way i wanted to and i was disappointed in myself for not attaining the goal that i had set out to accomplish. i knew i could do it, i just hadn’t attained it, yet.

my husband waited for me near the end point after his run and encouraged me with text messages and cheered me on, as i went by him and turned around to finish the last part of the run. i had initially set out to run 7.50 but, this was just sprinkles on top of that!

my pace was pretty decent. i did stop and walk to eat some cheerios during the wall on the way back.

i had my hydration pack, but, i need to fill it up higher next time since i’ll be tackling longer runs in the future. i actually ran out of water by the end of the run. i took salt tabs as i have been during the warmer season. i had a pretty bad headache this morning and ate some cheerios and blueberries before taking some headache meds, before heading out to run.

i spoke to god during the run and listened to some christian music as well as some classic rock. i said hello to every single person. even the bike riders that zoomed by without warning. all the army guys were friendly as they were finishing their runs. they always encourage me as i pass by them.

oh and the weather in maryland this morning was in the 50’s which is much cooler than the past few weekends. i like running in the 40’s, i heat up so quickly otherwise.

i’m very happy with this run. i feel like i actually am making progress that i can see and feel in my training. yay!!

mountain conquered

long run7.71 mi

13:03 average pace

1:40:36

my pace was pretty consistent throughout the run!",1,0,1,0,0,0,x,0,0,1,
125,"true the sad thing is that a lot of these guys just don’t know when to stop, or blast huge cycles for long periods of time and ignore health markers.  alpt of them could run moderate cycles and still look awesome and do it much safer, but then again your right body dysmorphia kicks in and all logic goes out the window",0,0,0,0,0,1,0,0,0,0,
126,"not invisible, i'm sure they knew and thought it was a good excuse to use their mania to forgo the guy who would dampen it.",0,0,0,0,0,0,0,0,0,0,
127,"i'm pretty rigid about it and seeing great results as i'm just starting my first cut after a 2-year long battle with depression that saw me get pretty flabby.  while reading about phul, i guess the reason why it's structured the way it is (1/2/4/5)(according to some article i read) is because your muscles absorb more protein / grow faster for about ~2 days after you workout.  with the way that phul is structured your muscles should basically always be growing at an accelerated rate.

regardless of if the above is true, i've just plopped it on monday / tuesday / thursday / friday and my social schedule has suffered way more than anticipated by not having weeknights open (who the fuck are my friends?!), but i still go to events, clubs, and have time to game and help people with code on the weekends.

life is good, down 14% body fat (caliper measurement, don't @me) after 17 weeks.  about 7% bf% left to go.",1,0,0,0,0,0,0,0,0,0,
128,"i aggressively maintain my sleep schedule-- 8 to 10 hours, every night. i will sacrifice what i must to achieve this, no matter whose feelings it hurts. 

i eat a small balanced meal every 2 to 2.5 hours. no matter what. equally non negotiable. 

good music helps my energy levels as well. but some days (few and far between now) the depression is so bad that my workouts just have to be a bitter struggle. always worth it in the end. 

anyone and anything that tries to play fast and loose with my self care is promptly removed from my life or put in check.",1,0,0,0,0,0,0,0,0,1,
129,"how do you guys psychologically handle body changes when bulking?
i'm very prone to cellulite and seeing my dimply thighs and butt is making me feel pretty anxious and even slightly distressed on occasion and wanting to start a cut right away. however, i'm no where near the amount of muscle i want to have gained...",0,1,0,0,0,1,0,0,0,0,
130,yes! i had it band issues and have never been more anxious in my life than during that time.,0,1,0,0,0,0,1,0,0,0,
131,"this is the first week of getting back in to my normal gym routine/training split after taking a break for a couple of weeks. i was quite happily lean bulking but i fell off track for a while due to feeling unwell and my motivation just seemed to decline at the same time, which sucked. after a lot of moping around i think exercise is actually what i need to get my mind in the right place again. i’m going to increase my cardio in the hope of boosting my mood and incorporate more bodyweight exercises which i’d neglected previously. here’s to getting my physical and mental health back on track 🙌🏻",0,0,0,1,0,0,0,0,0,1,
132,that’s perfectly fair - i don’t have kids and i still am crippling my entire life and destroying relationships with my climbing addiction - mostly because of how physically unavailable i am because of climbing and it’s time requirements,0,0,0,0,0,0,0,0,0,x,
133,"after my daughter was born i went through a similar period. anxious even on toprope. time heals a lot of things, but i also started to do toprope fall training until i was happy to explode out of the wall again. much later i started to work on my lead head. all in all it took quite some time.",0,1,0,0,1,0,0,0,0,0,
134,definitely let me know how it goes! remember too that aerobic development means playing the long game—there’s really no such thing as too slow. consistency is the most important thing. repeating weeks or backing down mileage for a week or two really costs you nothing. what you really want to avoid is taking a month or two off due to injury or burnout.,0,0,0,x,0,0,0,0,0,0,
135,"it's 3am and i got back from the gym like 4 hrs ago and i still can't sleep. think my pre-workout is still rumbling around in there.

rip my sleep schedule.",0,0,0,0,0,0,0,0,0,0,
136,"i get how my post makes it sound like i’m a bit obsessed with the scales and the magic number. i’m really not. honestly 59 is not my magic number, it’s more how i feel and look at my current weight, i just kind feel like shedding another 1-2 kilos is where i want to be. i’ve also been a runner for years so i know my weight has a direct relationship with my running times and how i feel during a run. running is so important to me as it’s my mental health space where i go to de-stress. 

thanks for your comments, i appreciate it.",0,0,x,0,0,x,0,0,0,1,
137,"&gt;idk if he was overrated. pistol was a killer but honestly his personal struggles got the best of him.

he was depressed and an alcoholic, and his mother committed suicide. he also had a heart condition about which he was completely unaware. 

what would be serendipitous is that those basketball drills his father insisted on may have saved his life. people with pete's heart condition frequently die before reaching adulthood.

you can’t make this stuff up!",1,0,0,0,0,0,0,1,0,0,
138,"i don’t think you know how validating this was 🥺 thank you! yes, the no-walk rule is outrageous, unfortunately my country rarely listens to science when coming up with rules sigh. will try to do more yoga! i’m going to take a short break from calorie counting and just focus on my mental health for a while before i get back into the physical health focus, thank you again :(",0,0,0,0,0,x,0,0,0,1,
139,"i feel like there's almost too much to list.. been running 4 years, 39m.

mental benefits: built confidence by proving to myself i can do things i always thought were impossible for me, hitting milestones of a mile, 5k, 10k, half, and now working on a marathon. each of those milestones have been equally satisfying.

i also run without music or podcasts so i can let my thoughts be free. helps tremendously in dealing with my naturally pretty high anxiety, keeping it under control. 

physical benefits: i'm in the best shape of my life at 39. i've always been self-conscious about my body, and still am to some degree, but i'm legitimately in very good shape now. and i just generally feel better overall. i'm on no medication. my doctor never has any homework for me at my yearly and always just says to keep doing what i'm doing.

i also love exploring my surroundings, and running is one of the best ways to do that. seeing your town or city on foot is so much fun.

anyways i could go on and on. long story short, running has indeed changed my life in many ways and i will keep on running as long as i possibly can.

i'm glad running has been good to you too! keep at it and thank yourself everytime you go out. be grateful you have the ability to run.",0,1,0,0,x,1,0,0,0,1,
140,"i went for above body weight squats (155lbs..i weigh 148) for the first time on monday this week. second set, third rep, i went down and had to ditch the bar onto the safeties because there was no chance i was coming back up with it.  

the last time i failed a squat (at a lower weight) i unloaded the bar, frustrated and embarrassed with myself, and moved on to a different lift.  

i'm failure adverse by nature. i'm someone who actively avoids anything in which i might not be good or might fail. it's a huge flaw and i've been actively trying to work through it now that my anxiety is at an all time low (thanks to lifting, interestingly enough).

this time, when i failed, i just nodded my head like ""yep, that's a thing that just happened"", unloaded the bar, reset it, loaded it back up, rested 5 minutes, and hit 3 more sets at the same weight.

i just keep telling myself that i'm going to fail lifts and i have to be ok with that. there's literally no way to find out how strong i can get, or how heavy i can lift, if i'm not willing to push to failure.",0,1,0,0,1,0,0,0,0,1,
141,"she told them to 'go back to their 3rd world country' then after that she cried that she was dealing with mental health issues and all of the woke mob on twitter defended her.

this is the same moron that got angry about a photoshoot of australian olympic athletes not having any diversity in it even though two of the athletes were indigenous.",0,0,0,0,0,0,0,0,0,0,
142,"for me the best part is it’s mostly empty at the crack of dawn. all the equipment is available. this especially helped when i first started out and had a bunch of gym anxiety; made it easier for me to practice compound lifts.

i get an energy spike afterwards too. but the downside: i find my lifts are better in the evening, maybe just more calories in my system at that point.

✌️",0,1,0,0,0,0,0,0,0,0,
143,"yeah. worry about body fat % and how you look in the mirror, not the number in the scale. i am barely taller than you (6ft1) and 225lbs with six pack abs (although i do powerlifting with crossfit just once a week) and if i'd drop under 200lbs i would fall into depression lol.


also, vegan proteins are pure bs.",x,0,0,0,0,0,0,0,0,0,
144,just being in the water is awesome for my mental health too - my cares float away :-),0,0,0,0,0,0,0,0,0,1,
145,for folks who run anxious or over-think it can be very focusing.  the way stimulants will cause people to either be super-patient and chill or twitchy and loud af.,0,1,0,0,0,0,0,0,0,0,
146,"have no support system to vent too... i had been feeling great and really pushing myself at the gym (i’m a gym beginner), got an app to creat structure, finally felt like progress was being made. i was going to the gym 6 days a week. so happy with the routine. i am now stuck at home and trying my best every day but going crazy... you see i have a history with eating disorders. my family is always suspicious of any changes i make to my body, and how food and exercise effect my mental health. i just want to complain about everything for a second without anyone panicking. and i wish that if i did vent they would help me stay motivated me continue instead of telling me to take a break and not focus on my body or exercise (which is what just happened). i know they just want me to be happy and healthy… but i really wish i had someone yelling at me to kick my bum at home, don’t give up, and go for a run every day whenever i complain about the gym being closed.",0,0,x,0,0,1,0,0,0,1,
147,"you can't directly compare eras in that way.

unless you truly empathize and put current players in ***their*** shoes, instead of only comparing the trailblazer generation's 2k three point &amp; quickness ratings to today's current players. 

imagine it the other way around. 

imagine wade in jerry's era. without trainers, with a shit diet, cramped flights, with only a pack of cards and cigars to entertain the guys. imagine wade getting drafted to korea or vietnam before, or during, his playing career. he'd need his green book to make sure he could get a night's rest or a meal in some of the cities he would have to visit, so he wouldn't get accosted by the klan or dirty cops. 

imagine the toll wade would've had to deal with back then; imagine his children being born in that era! and the effect it would have on him. imagine his bubbly personality getting ground down by racism and inequality and injury and the struggles of his kids being born in the wrong era. without therapy or safe schools to out his kids. 

imagine wade in flat top converses, without trainers helping him rehab and fix his terrible biometrics... [wade [literally didn't know how to run correctly when he entered the league](https://www.espn.com/blog/truehoop/post/_/id/25570/how-lebron-james-and-dwyane-wade-run).

wade would have been out of the league in 5 years in the 50s, 60s, 70s. wade's ankles and knees wouldn't have held up at all. he would've been at best the gale sayers of basketball in the 50s or 60s or 70s. 

jerry west's peers revere him in a way that wade's peers do not, look at anything bill russell or wilt (or elgin) has every said about jerry. he is held in the highest of esteems by two guys considered top 5 ever. jerry's peers had no doubt jerry was the best guard in the league for a decade. 

wade was considered the best sg in the nba for what, *maybe* 2-3 seasons? wade's page in the history book does not glow brighter than jerry's, just because he was born in an era where people could fix his injuries *and the way he even fucking ran incorrectly*. 


it's so goofy how people take 2k ratings and old tape and directly compare them to modern day, but never do it the other way around. the foundational groundbreakers get so disrespected based on today's talent evaluation that it's insane. ""oh jerry was slow, he wouldnt be special today."" west and oscar and russell shouldered an anxiety level that might have broken a lot of current players. 

steph curry would have been 130 pounds, with paper ankles, hated by dark skinned *and* light skinned people... would have been a complete footnote in jerry's era. steph curry wouldn't even have a wikipedia page today if he played in the 50s.",0,0,x,0,0,0,0,0,0,0,
148,"running hasn’t cured my anxiety, but it has significantly helped it. there have been a few times when i have gone for a run during a particularly bad bout and it’s like actually giving in to the flight part of fight or flight helps alleviate and counteract it. i can definitely feel a difference when it’s been a while since i’ve gone out for a run, and my husband has even started asking how long it’s been since i ran and if i need to go run whenever he notices my mood taking a turn for the worse.   
i get even more of a boost when i’m able to run outside, especially in the sun. i know that’s partly from the effects of nature and sun, but i notice more of a boost from running in the sun versus walking for an equivalent amount of time.",0,1,0,0,0,0,0,0,0,1,
149,"my moms cancer is coming back again and it’s in small places over her body, so surgery isn’t an option.  not good man.  had an angry-intense arm sesh yesterday because of the news.  it’s really strange that i used to train with high intensity years ago, training hard and angry in my sets but was relaxed and focused in between sets.

as much i’d love to compete again, i just don’t if i have the heart to do it.  getting old changes you even though, ironically, the best bbers in the world are in their 30s or so.

i hope y’all are having a good day.  i’m stopping my tren e cause of having major sleep apnea.  should’ve stayed on deca for the duration of the cycle.  i have a few more weeks and could blast npp hard but the news of my mom has me drained.",0,0,1,1,0,0,0,0,0,1,
150,"if you zoom out past weight control, the ""move more"" part of the equation becomes much more important for improving cardiovascular health, mental health and depression, immune system, blood pressure, fighting cancer, improving sleep, joints, skin, even just the amount of energy you have.

basically if you just eat less without exercising you're leaving a lot of health benefits on the table next to the uneaten food.",1,0,0,0,0,0,0,0,0,1,
151,"i've dropped my distance dramatically in the past 1.5 years due to burnout/grad school, but plan to run my first marathon in october. i did a half just before my huge decrease in mileage. right now i'm comfortable with a 5k distance or just over; i've continued with very short runs and 5k races only during this time. 

so 5.5 months out, my training plan looks like just over 400 miles. is this a reasonable total to get my mileage back up in this time? my concern is that it seems low.

as a side note, i'm using the nrc app for the training outline, and making modifications from there. so these miles are a combo of distance, speed, recovery, etc.",0,0,0,1,0,0,0,0,0,0,
152,"insomnia is a medical issue, see a sleep specialist. 

not exercising because your sleep isn't perfect is a shitty excuse though. you just go anyway.",0,0,0,0,0,0,0,0,0,0,
153,"i have a friend who struggles with anxiety and depression. i talk to him on the regular and make sure he's being looked after. he made it his goal to come to the gym 10 times this month and me and my other mate are keeping him accountable. 

let's hope i have good news by the end of the month :)",1,1,0,0,0,0,0,0,x,1,
154,"sometimes life sure can give you fucking lemons.  got a new job last year that i have been enjoying.  the president and i get along very well and i have been really attempting to do my best to turn the company around and make improvements.  shortly into my employment i am diagnosed with cancer.  i have the cancer removed and have to take a few weeks off for the recovery from surgery.  i came back this week and the ceo just came in to tell me i am fired!  the ceo is the father of the president and he suffers from a really good dose of bipolar disorder.  so every once in a while he is completely off his rocker.  you know when it is happening because he will stop taking his meds and it shows.  he usually drives the exact same car to work every day, then one week he will drive a different ferrari every single day.  when he has these episodes he will blow millions of dollars sometimes.  the president and him got in a huge yelling match over me, but i think my time here is done.  wife is flipping out because she went part time so somebody is home for my kid who is 16 months old.  i hold an executive position and there aren't really a lot of companies looking for somebody like myself.  each company only needs one cfo.  so stressed out today, and what also is kind of a bummer is i can't take this frustration out at the gym.  i still have another month before i can workout again.  fml this is so depressing.

sorry for the rant, this has been one of the shittiest days of my life.  in all honesty though, it is really nice to have this community that listens and cares for each other.  i have sometimes been the person providing advice for somebody feeling down.  i really appreciate you reading this, even if you downvote me or don't respond at all, thank you for reading.",0,0,x,0,0,0,0,0,1,0,
155,"outlet for anxiety and depression, running helps me clear my head and settle down. my preferred method is soccer, but that’s harder to find a group to play with and not really happening at the moment during covid, so running is the next best thing for me.",1,1,0,0,0,0,0,0,0,1,
156,"i have friends (mostly from college and professional school), but we're all at an age where marriage and kids take up the lion's share of time outside of their careers (i'm one of the lone wolves in that i was on a similar career path, but without the marriage/kids, until i got sick). the last time i made a non-work friend would've been around 2008, or 2009(?). i ended up moving around a lot b/c of my career, so none of those friends live near me. there's been a lot of that ""out of sight, out of mind"" thing, which i underestimated when to take a job far away from where most of my friends live. i also didn't realize just how much time marriage and kids take up because i never got into that. i talk to some of them on the phone a few times a year, text some a few times a month, but even they themselves admit that they hardly get together with our mutual groups of friends that live near them b/c of their job and family responsibilities. the last time i made a new friend period (work friend) was 5 years ago. i was tight w/ a couple of them, but again they too are hard to get in touch with, which is why we mostly hung out at work (working 50-60 weeks during relative down times and up to 70-80 during crunch time is super unhealthy). almost all of my colleagues were smarter than me in anticipating they'd need support, so they got married before they got into this shit, or decided to work near their hometowns (sadly i do not have a hometown, although most of my friends are concentrated in the nyc/nj metro area, and then there's some spread into new england). 

but ultimately you're right, the fact that i have no new friends near me is definitely on me, although i've gone through periods of making zero effort vs. doing the meet up thing, joining support groups, etc. it's not healthy, i agree. it somehow ended up this way b/c i switched careers into working way too much (which ultimately destroyed my relationship w/ my fiance, and after that i've never met another women i wanted to marry, or even have a long-term relationship with). i needed the money, but having barely any time outside of work to even take care of basic needs like adequate sleep, making sure to eat nutritious meals, and getting some exercise wasn't conducive to leading a healthy life, let alone making friends, and it destroyed my romantic life completely. otherwise i probably would've gotten married myself, seeing as how all my other friends are married and spend the majority of their free time with their spouses and children. the stress from working so much, coupled with bad genetics and ptsd from childhood, ended up with my body activating an auto-immune disorder, so it's now even harder to work, let alone make friends. i tried making friends w/ other ppl in similar situation through the support group route, but i found that those ppl had the same difficulties i had in terms of just being healthy enough to function, let alone being able to make friends and spend time with them.

things started getting better last year when i reconciled with my sister and we started hanging out weekly for almost a year, but then something spooked her and we haven't hung out since february. then covid hit, and i've seen her once since february, at the end of last month.

i'm not sure what to do about this. like you said i have to go out and be weird until someone is gonna be weird with me, but especially recently because of the auto-immune disorder, covid, being unemployed, and the fact that most people my age are married or have sos with children and that's the primary focus of their lives outside of work makes it a tricky situation.",0,0,0,0,0,0,0,0,0,0,
157,"not to hijack but any tips for adult adhd? 

i just got formally diagnosed on friday, social worker told me i should have been treated decades ago lol. 

i eat fairly clean with at least 5 servings of veggies daily, run about 10 miles a week and kickbox.",0,0,0,0,0,0,0,0,1,0,
158,4. to improve their mental health. regular exercise has been shown to be as effective in treating depression as anti-depressants over time.,1,0,0,0,0,0,0,0,1,1,
159,"recovering from bed right now. three things that have helped me, specifically with running: 

1) getting lots of protein helps. a protein shake right after a run helped me keep on track for meals for the rest of the day.

2) make yourself a long-term running plan, like a 16-week 10km or half-marathon training plan (depending on where your fitness goals are at right now). even if you’re not training for an actual race, having the long term plan will help you both a) have running goals completely unrelated to your food, and b) give you a damn good reason to do the short run on short run day even though you binged the night before because, dammit, it says right here on my training plan that i’m only going for a short run today! (lol)

3) try to mentally separate your running goals from your food goals. this one takes a lot lot lot of self-talk, and i’m only seeing success with it after months of therapy for bed. an example of something that has worked for me is asking myself before i do any form of exercise “am i excited about doing this?” if the answer is no, or if the answer is “yes but i also need to push hard to punish”, i either don’t go, or i challenge myself to stay in a lower heart rate zone, or remind myself that i have permission to walk whenever and how ever many times i feel like it in my run. we run to feel good, because we love the endorphins. the second it becomes about punishment, force yourself to stop, slow down, wait until you feel excited again. force through the embarrassment of “if people see me walking they’ll judge me” or whatever else is going on in your brain. self-talk is hard, but it’s really key.",0,0,0,0,0,1,0,0,0,x,
160,"decreased athletic performance is probably one of the least disruptive symptoms. it's known to cause severe birth defects and issues to the child while nursing (hence why women on it are required to have pregnancy tests every month and use two forms of birth control if sexually active). it can also cause episodes of suicidal depression and intestinal bleeding.

but if you have acne that nothing else can treat, it's pretty much the option of last resort.",1,0,0,0,0,0,0,1,0,0,
161,"i do the same and go 6 times a week to the gym. ofcourse my schedule is way differrent than most people but without those extra 30-40 mins of cardio i wouldnt be able to keep up my cardiovascular endurance and low percentage body fat. im 210 lbs shredded since the time i started. i used to be 150lbs 5.8ft.

&amp;#x200b;

keep it up its doing wonders to your physique and your mental health",0,0,0,0,0,0,0,0,0,1,
162,i started having lunch at my desk and then clocking out and taking a 30 min walk around the block. it's amazing how something so small has such great benefits to my physical and especially mental health.,0,0,0,0,0,0,0,0,0,1,
163,"great from april to september, i slacked most of october due to injury and burnout… but we’re back!",0,0,0,1,0,0,0,0,0,0,
164,"fucking dom nailed this one, ""the day you started lifting is the day you became forever small because you will never be as big as you want to be""

i started seeing a therapist once i was 205lbs and had reached 315lb bench, 450lb squat and 215lb ohp and still thought i was skinny af. hasn't helped too much but at least i don't have shit calves.",0,0,0,0,0,1,0,0,1,0,
165,"the best gift you can give yourself is the gift of appreciating your natural shape and genetics. i am a personal trainer and talked honestly with a lot of women about their body and their desired looks. it's extremely typical for people to wish they had another shape. it's honestly a psychological thing that isn't going to be fixed by years attempting to train it away. it is something that you can come to peace with and even love.

i assure you all the apple-shaped ladies wish they had your shape. 100% guarantee. and if you were born an apple-shaped lady i would bet it extremely likely that if you saw someone with your exact body you'd think ""damn i wish my fat distributed like that"". the most important thing is how you feel in your body, your health, how you talk to your body, feeling good in your workouts and skin, and that won't happen just because your butt fits a certain measurement. and honoring how your body looks at a health bf%.

measurements can change and fluctuate at any time so it's really helpful for long term well being to not be discouraged by them. the psychological experience of it is also malleable and trainable but it takes practice. i know from my personal experience i feel as good or even better and sexier in my skin than ever.... even though years of injuries and mental health issues mean i have less muscle mass, strength, and overall fitness by a long shot than i did a few years ago.

it's not worth it to get so lean that it's unhealthy due to hormonal imbalances, keep that in mind. be honest with yourself about your body's signals if you choose to try to lean out more long term. it can be hard to recover from something like that if it happens. if you cut more and get to the end stage of it and still aren't satisfied it's really time to focus on the mental aspect of it (which i think is important honestly for almost anyone to work on as so many people struggle with their physical image in some way at some point these days). &lt;3",0,0,0,0,0,1,0,0,0,0,
166,"try to stop focusing on bad moves and focus on your success instead. i'm into volleyball for 1.5 year now and sometimes i have those nasty thoughts. just realize that while you hate yourself, you're not fully focused on the game and you will just keep making more errors.
i think it's ok to be bad but it's not ok to play whitout everything you have.

understand why you failed your receive or your spike and next time you will succeed. you can't expect to success every time, in volleyball and also in life. if it helps, professional players also make mistakes sometimes. i'd like to become pro so i feel it's okay to fail sometimes cuz they fail too.

btw, my brother is a professional handball player and he had an interview with a sport psychologist (something like that). the psychologist said that you can fail at training in order to be used to fail (so you don't feel frustrated when failing). it's still bad for the team and for yourself but it helps to move on into next point.

i hope it will help you :)",0,0,0,0,1,0,0,0,0,0,
167,"it could be hydration, fueling, heat, humidity, exhaustion, muscle soreness etc. but your title stands out to me: when you say you feel every inch of fat on your body, do you mean that your legs feel heavy while you run or that you feel uncomfortable/unattractive in your skin? if the latter, the intersection of ""getting fit"" and ""looking fit"" can be really hard to get a handle on.

it sounds like you might be trying to pr/match your current pr on every run, which isn't really good for your physical or mental health. are you following a program? it may not be best for you, but i find i do better when (a) i'm working towards a fitness goal rather than an aesthetic goal (b) i have something telling me to build up my fitness goal gradually rather than going full throttle out of the gate.",0,0,0,0,0,1,0,0,0,0,
168,"question on cross training: i've been running on a regular basis as my primary exercise. generally do ~30 min 3x week, sometimes do some 5k races but nothing too serious - primary reason to run is for exercise/energy/mental health.

recently i picked horseback riding up after a 15 year hiatus (rode as a preteen/teen). i ride hunter/jumper. i found that beyond being generally rusty, my legs and core are weak, and my balance is not as great as it used to be. i usually run on pavement and relatively flat surfaces, so my calves seem okay but my thighs/butt/stomach are weak.

so, to help with riding (form and safety) i'm trying to add some weight training in... and juggling all this is confusing and hard.

i realized running for me is probably mostly aerobic exercise. can i run and ride on the same day? what do you do first - aerobic or strength? 

i rode first one day, then went running and was dying. my legs/core were sore from riding and i was generally tired. i completed my run but felt like crap after. is it just because i'm out of shape, or should i not be doing both in one day?

do i need to take complete rest days (i.e. days where i do not run, do not ride, and do not weight train)? 

and i've heard that mixing running and riding is not good because they're ""both bad for the knees"" and because ""running tightens the calves and makes it harder to extend your leg down in the saddle."" this is coming from non-runners who honestly seem kinda aerobically out of shape themselves, and so i'm kinda like... shrugging it off as crap. but thought i'd ask here - am i hitting my legs/joints too hard here? i feel like if people can do triathlons and their bodies hold up, i can do casual running and horseback riding together. i feel like some people just hate running themselves and go around telling other people not to run for no real founded reason.

thanks for any advice!!",0,0,0,0,0,0,0,0,0,1,
169,"drink a little red kratom tea before bed. as a chronic insomnia sufferer i can vouch you will sleep great and wake up refreshed. also, running for 20 mins is better than nothing on busy days.",0,0,0,0,0,0,0,0,0,0,
170,"okay /r/fitness i have a weird problem. i have been trying to cut to 180 from 210 right, and i’ve done well enough to get to 200 even, so far. my problem is that i’ve been getting light headed every time i try to workout and it’s really throwing me off.  i can’t really finish my workouts or even get to the same weights i’ve been accustomed to.

a couple things i think might be the problem is that i take a 200mg caffeine pill like 3 hours before my workout. i also have a condition called 
pectus excavatum (which is pretty mild compared to others i’ve seen) that might be messing me up also. i sometimes get tunnel vision after i do a heavy set of deadlift or squats. last thing might be that i’m just plain not eating enough. my calorie goal is around 2,500 and so far for breakfast and lunch i’ve eaten around 1,100. 

welp that’s about it, thanks in advance!",0,0,0,0,0,0,0,0,0,0,
171,"i’m definitely not a therapist, so maybe that would be a good place to start, but perhaps at the age of 12-13, you were driven by some future goal … playing in high school, college, etc. and now that you realize your profession and your greatest accolades may not come from a physical feat, you’re less motivated? maybe setting a goal may be a driver for you? something like training for a half marathon, a full marathon, triathlon? if you can find the true source of your motivation at your younger ages, perhaps you can find a way to tap into that again?",0,0,0,1,0,0,0,0,1,0,
172,"yes!
the phenomena of millenials who were the former gifted kids who ended up really fucking anxious and depressed because the message was you are smart and talented and as long as you put in your best effort your life is going to be great only to have adulthoods deeply marked by the global recession of 08 that we have still not recovered from is well studied. 

i feel this one deeply, i was the (asian american) gifted singer who first lost that and then found science and thrived only to have a severe disease take that from me. now i am working on putting my passions into something i actually care about and love and directing that personal success is so important lesson that marked my childhood into the idea that community success is vital and important. thank god for therapists is how i explain my 20s. 

in every area we should be focusing on childrens wellbeing and a lifelong pursuit of both individual fulfillment and community betterment. people should not only sustain themselves but also do their part with their skills and talents to take care of one another. in gymnastics, creating burnouts with destroyed bodies by the time they hit adulthood is only harming them and their communities, and the ones who have come out of that system and advocated for change did so in spite of their circumstance not because of it. they make change because no one should have to suffer so greatly for success. simone and chellsie are amazing examples of this, as are many others. i think people like ashton who have done some harm themselves but are also clearly reacting to awful things are a good example of the dark side of this.  

people cope with shit in 3 ways imo, they rise up against it, they move on and find a different life to put their passions into (which is also good and valid and can be wonderful and important!) or they react in a strongly negative way to trauma. in reality i think all of us are some mix of the three, there is no one who is all in any category because humans are more complex than that. i also think there are second, third, and 20th chances, but when harm is done harm is done and that has to be acknowledged and attempted to be repaired. 

td;lr society has harmed us all in some way, the gifted child phenomena is one aspect that has harmed and continues to harm a countless number of lives and gymnastics is a great example of that. millenials are not the first or last but the first gen in which this specific phenomena has truly been studied.  change is all we can do to limit its effect.",1,1,0,0,0,0,x,0,0,0,
173,"bro bro bro, i think you have a misunderstanding. the ""high"" you get from running isnt a mental health benefit. if anything, its a mental health detriment. you are not supposed to experience constant lows and highs throughout the day. a stable mood is whats good for your mental health. your assumption is correct that the ""high"" will eventually fade to some degree as your body gets used to it. but nonetheless,  regular exercise is still good for your mental health since it will help you control your stress hormones and keep you agile/mobile for your daily tasks. and that benefit will not fade over time.",0,0,0,0,0,0,0,0,0,1,
174,"take it day by day. always focus on each rep, do not think or worry about what’s coming next, and when i say this, i mean like try not to think about the next rep as much.

i always train because i want to get better. i want to run new prs, i’ve had this stupid barrier of not being able to break 4:30 in the 1600m. my pr is 4:30 and this was almost a year ago. now, with so much training put in from cross country and now that i’m getting the necessary speed training to help me transition towards the shorter track races, i feel ready to break it. i want to go sub 4:30 because i want to. set up goals for yourself, and even if you miss your goal at meets, evaluate yourself from there, as in figure out what you did wrong (i might not understand how things work as a jumper, but as a distance runner, my problem was that i didn’t have the guts to run fast in the first half and potentially risk getting tired mid-race. i regret that now because coronavirus took away my spring season, so the next time i run the mile, i’m not gonna do the same thing again).

also other things outside of the training sessions can affect how you perform and feel. for a while, i felt demotivated because i had so much schoolwork to complete, and i fell behind on it and just felt really miserable. i also had a crummy sleep schedule which not only affected my performance, but also my mentality and therefore my motivation. have healthy sleep and meal schedules and keep up with school work without leaving things to do last minute, and you’ll feel so much better.

it’s hard to train especially during a time like this. it’s demotivating, especially for me since i train all by myself with no one to run with since my paces are a lot faster than even the #2 on the team. but i want to do better because i know i can. you can do this i know you can, you just have to stay focused, which is something a lot of people end up not being able to. i find it easier if i see someone i know on the team at the track, even if we don’t train together. just seeing a friend i know can help me raise my spirit and push myself harder in practice. don’t let anyone pull you down, you set your own goals and what you want in not only your event but also in life in general. good luck!",0,0,0,0,1,0,0,0,0,0,
175,"i had such a crappy workout today and it left me feeling totally defeated. it didnt help that so far my day had gone completely badly and i was stuck in a cycle of not being able to get anything done/paralyzing anxiety. i thought going to the gym would be my one good 'achievement'.... not so much. i couldn't do even have the reps i had planned, felt like i was gonna pass out or cry, i eventually just gave up on trying to follow my program, did the rowing machine for 5 minutes and then left. ugh",0,1,0,0,x,0,0,0,0,0,
176,"if you can afford it, go buy some workout clothes that make you excited to wear them. the clothes don't have to be form fitting lycra shit that hugs your every curve, unless you're into that, it can be a totally badass adidas tracksuit and some ridiculously colorful shoes. treat yourself, and set an intention to wear them while you go outside and move. just try to make sure they're practical for getting sweaty in.

then do that - wear them, go outside, move for half an hour. walk 20 minutes in any direction, turn around and walk home. work up a sweat. don't focus on speed or distance. just go outside, find some hills and walk up and down em. go drive out to a regional park or waterfront and move. pop on a podcast with headphones if it helps. park a half a mile away from a donut shop or cafe and walk to it, get a donut, then walk back to the car (this is essentially what just about every group bike ride is).

if you do this consistently, every other day (or more if you feel like it), you will notice an immediate difference in your mental health and you will very quickly start to notice a difference in your energy levels, weight and muscle strength.

educate yourself on getting in shape. it's not a black art or alchemy. we as a society are pretty sure we've figured out the best bang for the buck on getting fit.",0,0,0,0,0,0,0,0,0,0,
177,"i'm kind of in a similar boat. when covid hit, i was in the best shape of my life, but then- the anxiety of covid before the vaccines came around then job issues, mental health issues, a big move, grieving family members...working out and eating well just kind of got away from me. the worst was the last 6 months, where a combination of knee injury and my parents and in laws staying with us for pretty much 6 months straight (not overlapping, but still. it's stressful) made me stop working out entirely. i just got back to it a couple of weeks ago. 

i started small, real small for me- i just promised myself i'd do the 12-3-30 workout (where you walk at 12% incline for 30 minutes) at least 3x/week. i was moving my body but the impact level felt manageable. i then started signing up for group classes at the gym, so that it's on my schedule and doesn't feel like an option. i already feel better for working out consistently, and that in itself has been rewarding- being relatively chill about the intensity of my workouts and trying to ease back into it to maximize my enjoyment has really been my goal.",0,1,1,x,0,0,1,0,0,0,
178,"once i only found meaning living a goal driven life.  sadly, i found out what happens when the goal is achieved, or even worse, i fail.  me, i go into a downward spiral of depression and self-destruction.

after much therapy, i've learned goals are great.  but more importantly is living a value driven life.  i have to determine my core values, what's most important to me.  who the person is i want to be, the best version of myself.  and then take small steps every single day to move closer to becoming that person.  this could be something as small as clearing the dirty dishes out of the sink before bed, or as big as going out for a 13 mile run.

if you are relying solely on a big goal to drive you onward, rather than daily person growth in line with your core values, you risk a lot after that goal is behind you, and you will forever be tethered to some imaginary thing in the future, rather than enjoying the present moment.",1,0,0,0,x,0,0,0,1,0,
179,"hell yeah! it's not a replacement for everyone, obviously, but it's done wonders for me too!

i've got insurance but i moved to a super small, conservative, religious town and i'm a bi leftist atheist and i don't want to go through the trouble of sorting out the therapists who are going to bring that stuff into it.

exercise has been a huge boon for me! honestly, my gym was locked up for over two weeks and i could _feel_ the change. i was so frustrated and anxious and it drove me absolutely nuts that i couldn't get on a treadmill when i was stressed.

i hope you get to a place where you can see a therapist and get medicated if you still want that, though. you deserve awesome lifts and healthcare.",0,1,1,0,0,0,0,0,1,1,
180,"hey man, thank you for this. i think i have to introspect a little to figure out what's happening with my discipline/motivation. your comment about feeling overwhelmed by my own expectations definitely rings true.

but also, just the fact that you took the time to write this out is very meaningful. thank you for caring.",0,0,1,1,0,0,0,0,0,0,
181,"i'd lower the weight on those specific exercises. any pain that pops during exercises is not good. it's can be okay after exercise at rest. it might be an initial blow to the ego but chronic/life long pain is a large blow to mental health. once your lower back gets used to that volume you can increase the weight. unless you're training for a comp, there's no rush. progressively overload it and just like any other exercise your lower back will be able to handle it barring any actual issues with your body.",0,0,0,0,0,0,1,0,0,0,
182,truth. i’ve been a hawks fan for over 30 years. this fact drives 90% of all my self doubt and existential crises.,0,0,0,0,0,0,0,0,0,0,
183,"if he was an nfl player we would be talking about cte but there’s not really concussions like that in basketball. 

i think it’s obvious there’s some type of underlying issue. is it truly just emotional immaturity and he needs his come to jesus time to grow up talk? is it an addiction of some sort? whatever it is i do hope he gets it properly addressed before it causes him to lose his career.",0,0,0,0,0,0,0,0,1,0,
184,"ask yourself some tough questions!

why are you back? what are you looking to get out of the experience?  tailor your training to your objectives. 

as an example, i came back after returning to school, but i work 9–5 and have a kid now.  i was pretty low for a while because i couldn’t manage to follow a real, periodized plan—i just kept falling off the wagon.  i had to be reassess what i could accomplish, and what training would get me there.  i do a lot less distance, but at faster paces now.

i don’t know where your life is at—if you’re 23 maybe you’ve still got the space in your life to train like a maniac.  it’s just better for your mental health to make sure your training and expectations and objectives are all aligned with what’s reasonably possible in your situation.",1,0,0,1,0,0,0,0,0,1,
185,"this is such a thoughtful response and your experience is so inspiring, thank you so much!

>i focused mostly on strength and started building a cardio base for the first 3-4 months of training

this is what i'm planning for these first months of training, just building a base and refining my technique.

>most tri stuff was done in zone 2

i tried this yesterday for the first time and it was soooo painfully slow, but i understand it's fundamental for base building.

>check out the 80/20 level 0 or level 1 sprint training plan. they use the app trainingpeaks to manage the workouts. in the app, you can upload the workout from strava or garmin and it will give an idea of how well you completed the workout. it also allows you to upload the step by step workout to a smartwatch or bike computer.

so is it worth the price in your experience?

>i’d recommend getting a cheap ish (<$600) road bike and throwing some aero bars on there

are aero bars essential considering i'm a total beginner?

>if you’re gonna keep doing the gym and the yoga (you probably should), really pay attention to the amount of calories you’re taking in and expending

i'm already using a calories tracking app that takes data directly from my garmin to account for calories burned in physical activities. i'm not 100% accurate with tracking meals but it gives me a general idea of what my calorie intake should look like.

>imo nothing gives more motivation than paying for a race and telling family and friends about your goal.

in my personal experience telling a lot of people about my progress skyrockets anxiety levels because then i feel compelled to always do better and if i have a bad training day i get discouraged and afraid of judgement. so i love keeping my accomplishment to myself and mayyyybe sometimes my fiancé. but i know what you mean and i might consider signing up for a race next year!",0,0,0,0,0,0,0,0,0,0,
186,"of course it seems like a dumb kid move bc children inherently have a tendency to lack empathy and act without conscience.  it's up to parents to instill consideration towards others in their children.

he's not ignorant of the risk of spread either, that's why he's defiantly touching electronics knowing the warnings of transition.  he just doesn't believe the warnings and doesn't respect others.

his apology came after his arrogance gained nationwide attention even outside the sporting world.

it was a stupid thing to be sure.

i don't know if he's still as arrogant as he was before the; incident, but my suspicion is that he is knowing how disconnected these athletes are in their insular bubble world",0,0,0,0,0,0,0,0,0,0,
187,that i cant work out what is causing my shin splints and that my physio appointment isnt for another few weeks. just want to run with my jogscotland group to get out the house one evening a week because it was doing wonders for my mental health.,0,0,0,0,0,0,1,0,0,1,
188,"thank you so much for sharing your experiences, i’m glad to here there was a light at the end of your tunnel, so to speak. while i don’t have adhd, i did have a long history with an ed and came out the last few years a lot healthier and stronger and with a taste for athleticism. the transition to having to watch my diet now will be a little delicate to navigate because i don’t want to trigger my past calorie control self but i will have to now change my diet to reflect a more sedentary lifestyle. 

good luck to you, and i hope you still finish your triathlon! i’m waiting and looking forward to physical therapy.",0,0,0,0,0,1,0,0,0,0,
189,who said anything about anxiety i bet you live in a fuckin gutter ol dirty elbow boy,0,0,0,0,0,0,0,0,0,0,
190,they don’t want to get lit up by the lonely god jimmer,0,0,0,0,0,0,0,0,0,0,
191,"i’ve got it in my head now that if i don’t run then i’m not me so i think i will. 
i’ve attempted streaks in the past before but stopped because of the stiffness and pain. 
of course, that was before i learned about stretching and the torture device known as a foam roller. 
those days after my first attempt that i didn’t run, i felt depressed so i think running is more for my mental health than it is my physical.",1,0,0,0,0,0,0,0,0,1,
192,"^    ***please read [the faq](https://www.reddit.com/r/xxfitness/wiki/main), [the rules and content guidelines](https://www.reddit.com/r/xxfitness/wiki/new_rules), and [current frozen topics](https://www.reddit.com/r/xxfitness/wiki/frozen-topics) before [contacting the mod team](https://www.reddit.com/message/compose?to=%2fr%2fxxfitness)***. this comment is a copy of your post so mods can see the original text if your post is edited or removed.
>u/throwawaydumb_belle
hey y’all, i’ve been going to the gym since april but stopped around the beginning of august because i got busy. i stayed consistent with my diet despite not going to the gym and was still losing weight (no sure if i was losing muscle or if it was fat but oh well). throughout this time, i didn’t have much anxiety and while i’ve always struggled with depression, it was manageable. i started going to the gym again for about a 2 weeks now nearly everyday. i noticed my anxiety and my depression coming back in full force. moreover, i’ve been feeling insanely exhausted after going to the gym and much less satiated after eating. all of this is making me want to put gym on a pause again but i don’t think that would also be beneficial. any help?

*i am a bot, and this action was performed automatically. please [contact the moderators of this subreddit](/message/compose/?to=/r/xxfitness) if you have any questions or concerns.*",0,0,0,0,0,0,0,0,0,0,
193,"i’m an ent, so i deal with this often. here’s what i tell my patients:

1.	nasal saline irrigations (neilmed irrigation bottle is what i give to patients, but navage and other powered devices work well too) after you run and before any intranasal sprays (flonase, rhinocort, nasonex, astepro, astelin, etc.). this cleans out your sinuses, manually rinsing away aeroallergens. 
2.	first line for congestion: intranasal corticosteroids. i take flonase personally and it is what i most frequently prescribe. if you have a lot of sneezing, i find astelin (intranasal antihistamine) to be very effective at mitigating that symptom in particular. 
3.	oral antihistamines. second generation medications (zyrtec, allegra, xyzal) have relatively few side effects and good efficacy for allergic rhinitis. most common side effect is drowsiness. if one makes you drowsy, try a different one. 
4.	some patients, especially those with asthma and type 2-mediated/ectopic disease get a fair amount of benefit from the addition of singulair on top of these other medications. there is a black box warning on singulair for risk of increased suicidal thoughts. 
5.	some people (myself included) get a lot of nasal drainage from exercise-induced non-allergic rhinitis, or vasomotor rhinitis. if you have copious, clear, watery nasal drainage that’s exacerbated by running, this could be you. this often responds well to anticholinergic nose sprays like atrovent, but i believe is prescription only. 

tl;dr: nasal saline irrigations, flonase, zyrtec are a must. astelin, singulair, atrovent are helpful for some. if you’re taking multiple medications and still having breakthrough symptoms, consult your pcp or local ent for consideration of allergy testing and immunotherapy. 

legal disclaimer: this is not prescriptive medical advice, but simply a generally accepted pathway for medical management of allergy in the ent world. ask your doctor before starting/stopping any medications.",0,0,0,0,0,0,0,0,0,0,
194,"get yourself a pre-workout drink. i would say most days i don't feel working out and all i have to do is slam a pre workout. afterwards, i'm so wired i have to workout out, otherwise i'll basically have an anxiety attack lol. they sell premade c4 pre-workout drinks at walmart. those are pretty good and a good way to try it first without buying a tub of it.

trust me it makes all of the difference!",0,x,0,0,0,0,0,0,0,0,
195,"i think the place where op is coming from is that there are some of us who want to have a good setup where we can also workout with the box being closed. but not all of us can. and with the quarantine, this is just adding to the anxiety.  
well, at least that is what is happening for me.   
i actually changed my views to not look at those posts and further raise my anxiety. maybe it is just me.",0,1,0,0,0,0,0,0,0,0,
196,"hey, we had the same experience! i had covid for a few days plus isolated after to avoid being contagious. i was missing the gym so much and it felt like heaven when i got to go again on thursday. and i felt so much stronger too. thought i would feel a bit weak from not working out for a week, but i guess my muscles were yearning for a workout.",0,0,0,0,0,0,0,0,0,x,
197,then he falls asleep and has nightmares about the clippers. tough times.,0,0,0,0,0,0,0,0,0,0,
198,"fitness is a cure all. this may sound crazy but the gym is the only time where all my pain goes away. depression, inflammation, even the pain goes to 0",1,0,0,0,0,0,0,0,0,1,
199,"i see this same attitude towards cardio quite a bit, and i must admit i even began to absorb the message. but the past few weeks i've been reflecting on how exercise makes me feel. it's not just a tool to lose weight, it's something that can be truly enjoyable in and of itself. back when i was a regular exerciser, i'd spend an hour doing some form of cardio at the gym, and i'd feel extra happy and positive for the rest of the day. i struggle with depression, so this is a major plus for me. cardio makes me feel good, and it even sort of puts me in a meditative state while doing it. it's not a waste of time, and i'm sorry i ever began to believe it was.",1,0,0,0,0,0,0,0,0,1,
200,they've both had some mental health issues it seems as of late. they can relate pretty well. good matchup and hope the session went well!,0,0,0,0,0,0,0,0,0,0,
201,"i posted this on the discord too, but i’m still sad about it - i finally found someone to do food coaching with, since that was what worked for me when i previously lost a significant amount of weight. basically just someone to check in with once a week, track food (like, a written food diary, not calorie counting), weigh in, do a monthly measurements check. surprisingly hard to find at a reasonable cost! annnnnd we were just about to get started properly after an intro thing before christmas but she’s had to quit working for a few months because she’s having a flare of chronic illness 😢 which is absolutely fine and reasonable and i hope she recovers well. but god dammit! i was so excited things were on track 😭 

i am currently using macrofactor to track my food and checking in with a friend, but i know from previous experience that this is vulnerable to a) me getting too stressed by the calorie counting and b) me feeling i’m pestering/annoying the friend i’m checking in with - he’s currently also doing a cut so we’re supporting each other, and he is also just being awesome and supportive anyway, but his cut is 6 weeks and i’m going to be working on this long term (probably most of the year) so i can’t reasonably expect him to be my check in person the whole time. this is why having a neutral, paid-to-do-this option worked so well for me. 

all this to say, gaaaaahhhh! 😖🤪",0,0,0,0,0,x,0,0,0,0,
202,"same! i got into it in my early 20s, but struggled with alcohol and drug abuse for a while, so i quit. things went downhill from there, so i got therapy, got sober and got back to pole training, which motivated me so much to try other sports and now i’m lifting, bouldering, doing silks and pole and whatever else my heart desires and my body can physically take 😂🤌🏻",0,0,0,0,0,0,0,0,1,1,
203,"i always struggle keeping my mouth shut given that i'm not a mental health or nutrition or medical professional and what i say to a stranger on the internet who has no interest in hearing it isn't going to be even a little bit helpful, but there was this post in a facebook peakbagging group i'm in that made me so sad.

dude is asking for help with his diet to prevent inflammation, mentions a history of alcoholism, mentions he's gone from pretty much sedentary to *fifty races last year* and is signed up for 5 100 milers &amp; 3 200 milers this year... because i'm nosy, i looked him up on athlinks and like... dude is definitely going to hurt himself if he hasn't already.

like, i'm 1,000% sure the ""inflammation"" is overtraining injuries from replacing an alcohol addiction with an exercise addiction and ugh.",0,0,0,0,0,0,0,0,0,1,
204,i eat junk when i'm stressed/anxious/depressed and that's just happening too frequently past 2 years. any suggestions on how to kick this habit? tried going for walks but that doesn't always work. tried switching to fruits and homemade cookies but that only lasts so long before i'm back on the habit. what can i do to kick this forever?,1,1,1,0,0,1,0,0,0,1,
205,"there's a guy in a running group that definitely self harms via running - he appears to run at least one marathon a week, plus other long runs. he then posts in the group about how he had to run through intense pain (he hurts himself while running a lot and seems to have some kind of pain condition based on things he says, but i don't know details) and how much he hates himself. he hasn't gotten any sort of mental health support though, even with lots of encouragement.

i think there's a line with this. that guy is over the line. if you don't force yourself to run through injuries and such, then you're probably okay? but i think you should avoid relying too heavily on running, because then what happens if you are injured or ill? something to discuss with a therapist of some kind, i think.",0,0,0,0,0,0,0,1,1,1,
206,"its insane how my mood, energy, confidence and overall happiness has changed over the last 2 months while bulking. everything is great, not too depressed anymore, can actually feel my own feelings now. wow, amazing, its like a whole new life. i can actually feel im kinda lonely, like videogames doesnt do the trick anymore.

i was overweight when i started working out years ago. never really got lean enough to want to bulk, so always cut for most of the year and then binged in the summer holidays.. now im pretty happy, even tho my life still sucks, i actually feel like doing something about it.

welp, i guess this dry spell aint hitting two years. cougar invited me to her place friday night, wish me luck boyyysss :thinking: 


thanks for listening! kill your lifts - hit your macros - do the hard work!",1,0,0,0,0,1,0,0,0,1,
207,"should i be concerned? testosterone results. 32m-165lbs-5'10- lift 6x a week

in november 2022, i had

total testosterone- 794 ng/dl free testosterone- 140 pg/ml

i had a rough patch of depression and ptsd over the past year (sleep being affected primarily) i thought i would get my t checked again.

june 2023

total testosterone- 614 ng/dl free testosterone- 160 pg/ml

total lowered. free went up. all labs look normal. i run 2.5 miles a day and lift.

should i be worried about my total dropping. my free is up. not on trt",1,0,0,0,0,0,0,0,0,0,
208,"hoops will always be there for you... girls, jobs, whatever. when feeling down, look to the round ball action",x,0,0,0,0,0,0,0,0,1,
209,"i think his stuck in the realm between pg and sg. i watch him and i feel like his bipolar, yet to work it out.",0,0,0,0,0,0,0,0,0,0,
210,"not sure if you're aware, but dr. stuart mcgill co-authored a book with brian carroll called ""the gift of injury"".

brian was a world class powerlifter, had a wild injury that even an untrained eye could look at his x-ray and know his shit was fucked. brian started working with mcgill as a last ditch effort, and lo and behold made a full recovery.

i didn't herniate a disc myself, but i did suffer from a very severe back sprain. i'm talking very bad chronic pain around the clock for the first 8-10 weeks, and 8 months of being very limited in what i could do without causing a pain flare up that would typically last 10-14 days just from bracing too hard, or tossing a sheet onto my bed.


i'm still recovering, but am now always in a pain free state, just need to be careful with how quickly i start working with heavy weights again otherwise i risk reinjury, which i've had happen once already. 


what i'm getting at here is pretty much nobody in the world has had a spine as jacked up as brian's, and if he can make a full recovery so can just about everyone else with the right treatment, technique modifications, caution, and pacing. easy to lose hope or get discouraged, idk about you but the back pain i had really messed with my general mood and attitude, became very bitter, irritable, and pessimistic. all of which can trigger psychosomatic symptoms, and cause stress which will just prolong full recovery.



i believe herniated disc recovery is similar to back sprain recovery. restore any losses of mobility (ankles, hamstrings, quads, hip flexors), strengthen abdominals and reinforce correct bracing mechanics, and lots of mckenzie pressups.

the last part is taking it very slowly in the gym. over time tendons and ligaments atrophy, and afaik they don't have the same memory effect muscles do so they take quite a while to build back up to where they were. might take 3 months to get muscles back to peak strength, but could take 6-8 months to get the connective tissues strong enough to support the weight your muscles can move. after my initial recovery i was up to deadlifting 500 for easy reps in less than a month. all it took was one set of 135x10 5 count up 5 count down to re injure. that time under tension paired with the pressure from the lower back pump re-tore the tissue that had just healed. now i know next time when i'm doing 5count reps to start with just the bar, or even lighter to be safe.",0,0,0,0,0,0,x,0,0,0,
211,"just another thing people are overblowing tbh. most people supported him but a couple players made fun of him and got called out.

the perceived stigma on men crying or being emotional will always be more than the actual stigma (same for basic mental health issues as well). another thing is just that men are biologically less likely to cry than women. it isn't all a societal thing lol.",0,0,0,0,0,0,0,0,0,0,
212,"to help curb my drinking mainly, but
the runners high i get is such a great feeling, and my mental health has improved immensely!",0,0,0,0,0,0,0,0,0,1,
213,"my gym membership at a more “serious” gym in town (lots of people who do bodybuilding shows work out there) is $60 for 2 people. not bad! this is compared to the $120/month + $30/month i used to pay for 2 separate gym memberships living in a state w a much higher cost of living (i now live in the midwest). on top of that, i usually buy some kind of workout gear (leggings, barbell pad) monthly or every other month. a small price to pay for better bone health, heart health, and mental health support!",0,0,0,0,0,0,0,0,0,1,
214,"former hs girl tennis player here who (wearily) weathered 4 years of drama. not to scare you, but it made me stop playing for about 5 years; i recently picked it up again through usta toc in grad school and it has been exponentially more enjoyable. 

in my experience, do you best to be to not play favorites. 

if the goal of the team is to win matches or sectionals, or go to state, etc., then set up your lineup using a ladder with challenge matches so that the girls can clearly see where they should be and it’s not on you to “make the call.” that also lets them have an avenue to focus on improvement - they know they can challenge and what the requirements are to do so. 

however, if the goal of your season is to “show improvement” for all players, then the team needs to know this, be on board, and agree to support each other.

sending mixed messages about team goals is a death sentence, because it causes anxiety in the less strong players and creates a place for people to complain about their partners letting them down. i’ve been on both sides, even in college, and this is always terrible. 

also, if you’re trying to set up doubles partners, you could try an old trick from a teacher friend- have everyone submit a favorite partner and a least favorite partner to you confidentially. this can be redone a couple times as the season progresses/things change. that gives you a starting point, an insight into any potential problems, and lets you get a feel for how each player views their abilities in relation to others on the team. girls especially know exactly where they think they should be. it’s your job as coach to put those expectations in context, but this gives you a good starting point for both relationships and for perceived tennis ability.

edit: if you have any other questions, feel free to pm me.",0,0,x,0,0,0,0,0,0,0,
215,"sure, but why when he was ‘ramping up’ in brooklyn did they mention mental health? just say his back was injured?",0,0,0,0,0,0,0,0,0,0,
216,"i've fallen out of my workout regimen and for the life of me i can't get back in the groove. so frustrated and on the verge of depression.

worked out for a solid two and half years straight. feeling great, looking good. then the bulging disc started showing up randomly. no problem, just be extra careful and do the proper physical therapy. then out of nowhere the torn rotator cuff i had completely forgotten about rears up and starts crushing my over-head press, bench, and pull-up gains. constant pain made me have to cut back and find work arounds. then i developed some kind of planter fasciitis that no only killed my running but put me in crippling discomfort for months.

then i changed jobs, got fired, and started a business. the stress is unbelievable. every week i try to start my workout program and only get one session in before it goes to shit. it's been 6 months now and i feel defeated, terrible and pathetic.",1,0,0,1,0,0,1,0,0,0,
217,"every time i hit this phase i think “it’s not a phase” 
mental illness always plays a giant role in my needing vs motivation to go to the gym. take a break, as long as you need. you can still be active without going to the gym. you may find yourself yearning for it again :)
depression does that. when we do stuff we usually like it sucks all the life out of it, and it tricks us into thinking we don’t like that anymore. just take some rest from the gym don’t force yourself and ruin your relationship with exercise over it :)

best of luck to you ❤️",1,0,0,1,0,0,0,0,0,1,
218,"1 more week of marathon training before my taper! just have to survive super cold, rainy, maybe snowy weather this week and a 20 miler on saturday. 

can't believe i've made it this far in the training and still feel pretty good! now my anxiety brain is acting up trying to self sabotage but i'm working on quieting that part down",0,1,0,0,1,0,0,0,0,0,
219,"i think everyone goes through this.

imo there's two things that get me through these thoughts;
taking time off, and doing home workouts.

you don't *need* to go to the gym for a workout.
take a few weeks out from the gym and work on a calisthenics routine at home. give yourself a new challenge and goals. part of the dread of going to the gym in these phases is simply the monotony. humans strive for change and progression, so change up the workout routine.

theres really nothing like the comfort of working out at home. no travel there or back, your post workout food is right there, you don't have to share space with anyone etc etc.

and of course, you could just be over taxing your physical and/or mental health by forcing yourself to the gym. maybe you've over trained and your body is telling you to take a rest. take a week off and don't do any exercise at all. eat all the food you can, sleep as much as you want. get a full week of recovery. muscle doesn't start deteriorating until 3 weeks of being sedentary.

after a week of being a lazy shit, you'll be begging to be back in the gym, and you'll feel like a new person.

try the calisthenics out for a week, if that doesn't spark something, then take a week off. 

but one of those is bound to work!

gl",0,0,0,1,0,0,0,0,0,0,
220,okay yea that's the plan then. test the waters and adjust. i have adhd and i use the morning to relax in to work. i'm hoping i can workout 20m a day at lunch and have the endorphins carry me the remaining 4 hours of my workday. fingers crossed. thank you for sharing your insight.,0,0,0,0,0,0,0,0,0,1,
221,"good points. i am finishing the cut, so it's mostly a deload anyway. thanks! the issue being is that rest is lacking due to insomnia but otherwise i'm chill during the day (slightly tired though).",0,0,0,0,0,0,0,0,0,0,
222,yeah it's sad that kev is open about his depression and it really gets weaponized against him at times.,1,0,0,0,0,0,0,0,0,0,
223,"enjoying exercise isn't an adhd thing, it just helps with symptoms a little. getting the motivation to go to the gym is still an issue, along with all the other issues that go along with it. it is probably worse for ""gains and strength"" because being consistent is super difficult. i'm combined type, so hyperactive and inattentive and i have trouble at the gym just because it's boring to my adhd brain. i don't want to do a routine, i want to do something new and interesting.",0,0,0,1,0,0,0,0,0,1,
224,"couldn't even win by 20. will the vols recover from this deflated victory?

also, somehow, someway, our net will increase.

edit: on a totally unrelated note, anyone know a good therapist? bonus points if they respond positively to constant crying.",0,0,0,0,0,0,0,0,x,0,
225,"when i first got back into running, i almost burned out because i didn't know what the hell i was doing. i had no training plan aside from running as fast as possible for one to one and a half miles and trying to beat my previous time. unsurprisingly, i improved very little after about a month (my strava records that month indicated a rapid plateau) and quickly become unmotivated. it's a miracle i didn't injure myself somehow.

i suspected something wasn't right with my approach, read some articles which suggested that the majority of my miles should come from easy runs (more generally, anything other than trying to pr every time). it sounded counter intuitive, but i wanted to stop hating running and started taking most of my runs slower.

since then, i've improved my single mile time by roughly two minutes and have built up the endurance to run multiple 5ks and 10ks at a pace that i'm happy with. i use the easy miles to explore my neighborhood (and college campus surroundings) and most importantly no longer dread exercising. 

but honestly i’m not chasing times, it’s entirely for fun. sometimes i run with other people and it’s a nice social activity. if i’m not feeling it on any one day, i step outside and jog for a while. no fixed routes, no time trials, no pressure, just head off to somewhere and come back — i always feel better afterwards. i used to turn to video games as my stress reliever, but addiction and the health issues accompanying sitting in a chair for hours wasn’t worth it. 

so tl;dr easy miles and easy runs are the best thing that i've ever incorporated into my routine",0,0,0,1,0,0,0,0,0,0,
226,"just go even if uncomfortable. do what you're comfortable with while you're there and over time you will get more comfortable as you acclimate to the gym. a lot of the fear is probably worrying about doing something wrong without knowing it and being judged for it. simply spending time in the gym will teach you what is right and wrong, by observing what other people do (make sure not to stare though). just do machines at first if that's all you're comfortable doing. it can feel like everyone is watching you when you use free weights, but they aren't. everyone is busy doing their own workout. once you go regularly for a while you will no longer have anxiety.",0,1,0,0,0,0,0,0,0,0,
227,"well this is less ""advice"" and more just what worked for me, but i was relatively recently diagnosed with adhd and taking medication for it made staying consistent with my workouts and eating healthy significantly easier. turns out my brain was craving the instant dopamine of sitting at the computer and eating junk food all the time.",0,0,0,0,0,0,0,0,1,0,
228,"what's ""after exercising""? the benefits of strength training are cumulative and continuous. working out once doesn't cancel anxiety or depression for x hours any more than lifting once doesn't make you strong for x hours. i've studied these benefits enough that i continue strength training whether i think i'm gaining or not, and this perspective takes a lot of the mental pressure off for me.",1,1,x,0,0,0,0,0,0,1,
229,"he looked completely checked out on that og game-tying shot. for a guy dealing with depression, that must’ve really sucked.",1,0,0,0,0,0,0,0,0,0,
230,"that recipe looks decent, and i'm starting to think i just waited to long to cook the parsnips and they were ""old."" (un)fortunately for me (but not the planet - food waste), the rest of the parsnips i have are now off so i will have to wait to try this recipe for next time i get parsnips. but thanks for the tip! ps how much is a knob of butter? :p 

you'll be glad to know that i'm a strict running-and-hiking-only for strava. ;) 

yeah, there's a lot going on in the world that is causing anxiety and sleeplessness for many. i can't imagine being in europe and closer to conflict just to add to all the turmoil and chaos of the last two years. i have been guilty of doom scrolling, but also have been waking up a lot more and unable to sleep even when exhausted. i need drugs, man! haha we'll see.",0,1,0,0,0,0,0,0,0,0,
231,"eh to each his own i guess. i go run or bike quite a bit. i just cut out on the normal nyc scene and all the buzz about outdoor dining, but not like i'm sitting home depressed and paranoid and not stepping out at all. i do see close friends and do activities like going out to golf, play tennis, go hiking, and so on. just about anything you can with just your circle  i'm just following protocol and limiting unnecessary exposures. 

luckily (or i guess i'm paying for the luxury so perhaps it's not really lucky... ) i have a nice private terrace, so i spend quite a bit of time outside just reading or grabbing drinks. i do invite close friends over and have a small gathering or watch parties, but i don't see the appeal for me to go sit on the sidewalk seating when i can just chill at my apartment terrace with close friends. not like i'm going to interact with strangers nowadays at restaurants or bars nowadays anyways. 

not depressing really. just that friends circle got a bit tighter.   different style of life but getting used to at it. it's not that bad.  i've done military service and all that, and this isn't anything near depressing like those boot camp days.

i'm not trying to be all freaky about it, but at the same time i've had a couple of close friends' family members pass away from the virus... so i just don't want to take it lightly. just doing my part.",0,0,0,0,0,0,0,0,0,0,
232,"newbie here so i may not have the specific advice you are looking for. i think just getting in the gym and getting started is a win. be consistent and do what you can safely do in the beginning. start with cardio to get your heart rate up, then move over to the machines while you learn your body and proper form. working out will really help with depression....it’s nice to just turn that brain off and focus on bettering yourself!",1,0,0,0,0,0,0,0,0,1,
233,"pull your shoulders back, give your back a slight arch, and get tight. your legs should be driving into the ground. you should have a tight grip on the bar. push the bar up above the pin, pull it out over your chest, and bench. 

&gt; i dislike benching, i get anxiety every time i do it, what if i'm doing it wrong and will hurt my shoulders for the rest of my life?

be confident in your technique. watch bench press tutorials from reliable coaches. chad wesley smith has a good ""pillars"" series on youtube. greg nuckols has a written bench press guide that discusses nearly everything that goes into a bench.

you aren't going to instantly wreck yourself for life that easily. 

&gt;  drag the bar across the pin thingies

don't do this. 

&gt; i can only do 60 kg 5x5 flat incline bench,

are you doing a flat bench or an incline bench? there is no flat incline. 

also, do something like 5/3/1 for beginners over 5x5. 

&gt; i can't seem to progress on bench press despite how much i literally gorge myself on food like a bear.

stop that. you can't cover for bad programming with more food.  you're just gonna get fat. do 5/3/1 (or any other reputable program) and eat at a slight surplus.",0,1,0,0,0,0,1,0,0,0,
234,"do the exercise that you're actually excited about! it sounds like yoga *is* helping you get stronger, and because you look forward to it, you might be exercising more often than if you were just strength training.

i do think there are specific times when people should do some exercises that they're less into, if those exercises are meant to correct injuries or imbalances or help them progress in their chosen sport (e.g. i like running much more than i like hip and glute strengthening exercises, but i do clamshells and donkey kicks sometimes anyway because they help me avoid running injuries). in general, though, i think that people doing the activities that they enjoy and will stick with is much more sustainable and better for their mental health than forcing themselves into things that they don't like as much.",0,0,0,0,0,0,0,0,0,0,
235,"that is incredible and inspiring. i had a very similar path as you. in january 2019 i was the heaviest i weighed and happened to come across a post on reddit about intermittent fasting. i had never heard of it before but decided to start it the next monday and and haven't stopped for 3 years now. i ended up losing 65lbs in 9 months. anyway, part way through my weight loss i was on the treadmill (hated running) and i was thinking about how i had never run more than about 1.5 miles straight before, so i wanted to see if i could run 3 straight. i did and with relative ease. 2 weeks later, i tried for 6 miles straight and did it. i just kept tryin for higher mileage and doing it. i signed up for a half-marathon that same november and ran a 1:49. i decided i was going to run my first marathon the following fall. i researched more formal plans and wanted to do a sub-4 hour marathon. i got 10 weeks into the training plan before the marathon was cancelled due to covid. i decided to run the same one the following year in 21'. i went about 3 weeks before i realized i had lost the motivation (partially from covid depression) and i also realized it was too hard training for a fall marathon because it was just too hot to train throughout the summer. i slowly gained the motivation back and started my formal training yesterday for a may marathon and a sub-4 hour time. thanks for the inspiration.",0,0,0,0,0,0,0,0,0,0,
236,"hey, so i totally agree! i’ve been a female trainer (don’t let the username fool you) for years, i’ve personally experienced this &amp; seen it with my clients. 

there’s a lot of info out there and some things work really well for some people like keto or crossfit and for some people, they’re not into that.

everyone is different &amp; finds their own healthy lifestyle  that is sustainable. 

i promote that on my instagram page &amp; youtube channel. i went through the fad diets, the cardio bunny phase, eating disorder, weight gain, injury, you name it, i’ve done it!

it wasn’t until i got injured a few years back &amp; put on weight that i seriously looked at my lifestyle &amp; how to create one that works for me. 

long story short, i gradually lost the weight through mindset &amp; physical training but in small achievable goals. 

i’ve kept the weight off for well over 3 years now &amp; i still eat what i want &amp; train consistently. 

sometimes i follow a bodybuilding plan, sometimes i’ll switch it up &amp; hike instead or just walk &amp; yoga but it works for me. and that is the key! it’s finding something that works for you &amp; compliments your lifestyle.

if you or anyone would like to see what i promote, you’re more than welcome to message me and i’ll send you a link to my page.",0,0,0,0,0,1,0,0,0,0,
237,"thank you for the reassurance.  i have never let anything prevent me from working out; in fact i usually turn to lifting and running as a way to cope with hard times.  i have never ""let myself go"" for so long and even though i've made small improvements, i was getting worried that it was going to be a permanent change.  

to make matters worse, i'm not sleeping, so i'm tired and craving sugar (and worse yet, giving into those cravings) all the time.  
 i hope i can get back into my regular lifting schedule soon, especially since i'm in my early 30s and know it'll take my body a little longer to bounce back.

could i pm you about your counseling sessions? i'm not sure what to expect (what we'll focus on/how it will help), so i think i'll be less anxious about the process if you could tell me a little about your experience.",0,x,0,0,0,0,0,0,1,1,
238,well it’s gotten waived for injury in the past. we had a player that was here for 6 years cause of injuries. the only question is if the ncaa counts mental health as an injury. obviously idk what you all went through but i personally would count it. never know with the ncaa unfortunately.,0,0,0,0,0,0,0,0,0,0,
239,"i can see that. i've definitely been in some toxic work environments and i really only stayed for the money. i guess i'm just a bit jealous that money is no issue for ben and he can call the shots here tbh. 

so yeah if not a clinical problem i can empathize a bit with ""y'all don't want me? fine i'm gone"". again i wish i had 10s of millions already banked to make the decision easier. hell even 10s of thousands and i might have done it. 

if he truly is fucked up i'll eat my words sure and while i'm empathetic it is a struggle. you gotta believe that the reason he doesn't have a market isn't just because he's a bad shooter on a big contract. it's because he sees some adversity and shies away. for $40 million you want a competitor who gives a shit about getting better.

there's a common phrase that says your mental health isn't your fault, but it is your responsibility. it's not a crutch to lean on to explain away your issues. players like demar and kevin love have spoken openly about depression and overcoming it. or rather working with it. i'd like to see the same for ben if it's really a thing.",0,0,0,0,0,0,0,0,0,0,
240,"so because it’ll take six months to get into a new doctor you’re just never going to go to the doctor again? i’m really not understanding the logic here. start the process now. get a new doctor. what’s the worst that can happen, things get better and you just have a better doctor? most of your posts really seem that you prioritize aesthetics and being lean over all else, including your health and that’s concerning. a good doctor can hook you up with any specials that you may need including mental health professional, and they can also just help you understand how to incorporate diet and exercise in a way that’s not detrimental to your health like what you’re doing now is. i hope this doesn’t sound harsh, i’m not here to judge and i think that you contribute a lot to this community, i just noticed a lot of concerning comments that you’ve made and i would never want anybody to go through what i went through.",0,0,0,0,0,1,0,0,1,0,
241,"i hear ya. i think many people here have experience some level of this at times. fitness and diet can be a lonely journey. 
my workplace has a small gym. i go after work and have it to myself most of the times. for the most part, i do enjoy it, but sometimes it gets quite lonely. especially during the winter, it's dark and cold, the building is empty, i'm usually one of the last ones out. it was depressing sometimes.

it almost made me want to sign up for a gym. take some classes, see and talk to other people on the same journey.",x,0,0,0,0,0,0,0,0,0,
242,"it isn't an excuse to say that he's a better player than he's playing, but love might have serious mental health issues. never been depressed, but i've been stupidly obsessed with non-career things that have really destroyed my performance- again, that isn't an excuse, but it is a reason why his performance might be down.",0,0,0,0,1,0,0,0,0,0,
243,"take it from someone who has struggled with their body weight all their life: giving up on being healthy is not a good idea. it's okay not to have abs or muscles as big as the next guy's head. but trying to stay in balance will do you a world of good. 

i personally don't love running either. i do it because it makes me feel healthier when it's done. it also helps relieve my immense amount of anxiety and can temper my depression a bit. 

maybe if you can't convince yourself to run, you should look for another exercise to help keep your body and mind in a healthy place. i've recently mixed in biking because my feet have developed plantar fasciitis from running too much; it could be a good place to start.",1,1,0,0,0,x,0,0,0,1,
244,"gym anxiety for the first time this year fuck!

&amp;#x200b;

calmer now but had unbearable anxiety last week, last two times at the gym i was already on edge but had two men approach me both days in a row, and normally i would think nothing of it or even forget after a couple of hours but i already stressed and was put too much over the edge. kept up the gym habit to get rid of the stress too lmao

&amp;#x200b;

it is monday now and... i am nervous to go to the gym as if i am a beginner again. not horrific anxiety but i feel so uneasy and going to go at night hoping for fewer people. i am so nervous wtf i already often see the girl whose car i hit in the parking lot too...that is fine but i just want men to leave me alone. i look like a sweaty angry rat too so idk why it happened",0,1,1,0,0,0,0,0,0,1,
245,i also recently switched from a suicide cut to more healthy weight loss. the difference is huge,0,0,0,0,0,1,0,0,0,0,
246,"still conflicted over my personal opinion of my own fitness goals/journey, but it's been about a month since i even facetimed a friend so the seasonal depression is probably hitting. i'm not doing less of the usual ""eat right, light some candles, take baths, journal"" etc ""self care"" methods than i was before, it just seems like it's less effective now.

on the one hand, i'm ""cavalier"" for lack of a better word about all the crossfitting i do. it's just /my/ thing, i am 9/10 times good about keeping my mask on the whole wod so that it's covid safe, sometimes i get a tiny kick out of lifting a progressively heavier weight. i don't care what anyone else thinks, but a part of me is expecting disapproval because my social circle pre covid is apparently introverted homebodies who don't exercise and would never understand. i power cleaned 100 lbs on my last class (5 months ago, it was more like 35 lbs) and have defined back muscles now. i wish i cared more.

on the other hand, the longer covid goes on the more  i wish i wasn't into fitness and was just a happy homebody. i think its the social pressure too - i can't talk to anyone else who desperately misses fitness competitions, group hikes, and carefree picnics because i literally know no one else who even does. sure they ""sometimes"" want to go out, but then i feel like i still can't talk to them because in a perfect covid free world, i want to go out daily. i'm probably secretly a control freak who has adopted this way of thinking to cope. /deep sigh",1,0,0,0,0,0,0,0,0,0,
247,"i just eat and drink.. through all of december tbh. it's danish tradition to go ham. christmas dinner and christmas lunches and an abundance of alchol. i don't see the point in worrying about calories or whatever. i don't track anyway. i was trying to keep my protein high, which definitely won't be a problem with christmas food. if i do gain weight, so what, that drops off after christmas no bother. i just go back to normal eating habits and working out. i think it's terrible that people have anxiety and can't relax about food in fear of gaining weight. christmas is stressful enough, which is why food and drinks are so important to enjoy!",0,1,1,0,0,1,0,0,0,0,
248,"i’m in a workout rut. i’m very burnt out by my current routines. i had a steady routine since january, and i started doing tls but i already feel over that. 

i took about two weeks off from the gym due to vacation and life and i’m dragging ass trying to get back into the routine!!",0,0,0,1,0,0,0,0,0,0,
249,"i had such an awful fucking shift and staff meeting this morning. i wrote it up on r/nurses in pretty language because it made me feel better. but it was just seriously the pits. and on top of already feeling like the pits. and now i haven't slept since 11:30 am yesterday. guys that's 28 hours. and i called in because my kids will be fine without me. and i am going to take an edible and eat...something....a food...and sleep like the dead. and the whole time i'm sleeping, i will be haunted by my babies crying because that's what haunts my dreams at night when i'm anxious. and i'm not going to the gym (even though i legitimately feel like i could do it right now...might not be able to drive back) and idgaf.",x,1,1,0,0,0,0,0,0,0,
250,does her book mention anything about her mental shift between 2016 and 2017? she was just so noticeably different in her demeanor i've wondered if she spent time working with a mindfulness coach or sport psychologist. as a therapist myself that sort of thing just always fascinated me.,0,0,0,0,1,0,0,0,1,0,
251,"it's an illuminating read and i wish there was a bit more of this stuff published about the umpire world, because as the briggs article alluded to several months in the telegraph, it's a very shady profession with the way the hierarchy is arranged. the way that tennis umpiring is organized is totally dysfunctional, but i have 0 faith that anything will change.

illuminating takeaways:

\- richard haigh breaking down how he approached the infamous shapovalov-sonego match in rome this year

\- lahyani and cicak sharing how they evaluate and think when grading umpires who are junior to them or giving feedback

\- what lahyani likes to have for breakfast on match days

\- higher-ups in all governing bodies repeatedly giving umpires/officials ""second chances"" after being previously suspended for harassment against lower-ranked staff 

1) confirming what we all knew about moscarella being allowed back to umpire (at a wta tournament, no less!) even after his suspension from catcalling a ballgirl

2) former itf head of officiating/also us open chief umpire soeren friemel being quickly welcomed back from his 1-yr suspension after harassment against a younger male umpire. note that he curiously ""left for personal reasons"" just one day before the 2021 us open started, before the news came out. like, even though he officially resigned from the itf earlier this year, the us open welcomed him with open arms and he's literally scheduled to be in new york and make decisions this year. **you can't be serious.** if he was the head of umpiring and he's the rotten fruit, then **no one else is safe**.

overall, just hearing and learning about the incredible amount of distressing situations that umpires are facing on court and behind-the-scenes (mostly from that telegraph article + some details from this one) makes me hope that those younger umpires who aspire to ""make it"" in this ""industry"" have their own mental health support. the toxicity in this profession is almost beyond repair. throw it away and start all over.",0,0,0,0,0,0,0,0,0,0,
252,"if anyone whines and claims you were just looking for a reason to be offended they can just shut the fuck up. they’re just whining and looking for a reason to be offended.

i’m white so i see my ethnicity represented in everything i do. that’s a privilege. i could imagine that my social anxiety would flare up even more in a group where i feel like i stick out, even if not negatively. 

nothing you said was anti-white in the slightest. 

being represented feels good. every race is equal after all, but that doesn’t change the fact that you can feel like the odd duck in a room full of people that share something you don’t.

like being the only short person in a room full of tall people, or the inverse. 

look, you find a good group of people to enjoy running with and stick with it. you aren’t in the wrong sport if it’s the one you enjoy.",0,1,0,0,0,0,0,0,0,0,
253,"i thought i read this was actually a bit of a myth? as in, he had mono but it wasn't as bad as maybe he initially said and his retirement also due to anxiety/mental health.",0,1,0,0,0,0,0,0,0,0,
254,"i'm not op, but i did fully recover from an eating disorder that involved binging and calorie counting and now eat 100% intuitively.

the way i made the transition was, like op said, not tracking at all. but i borrowed overeater's anonymous's and my ed counselor's advice for what ""sane"" eating looks like and kept a food journal.

basically, to consider yourself ""on track"" sans calorie counting, you eat 3 meals a day with no snacks. each meal should contain just enough food to get you to the next meal without starving. your plate should generally be 50% vegetable matter, 25% protein, and 25% starch. if you find yourself needing to snack, eat bigger meals. sugar is not a food; don't eat desserts most days.

by doing this, i achieved intuitive eating and a slim figure that feels effortless thanks to it being habit and not a weight loss attempt. if you view it as a weight loss attempt it's more exhausting i think.

do this long enough and it will sink in eventually. 6 months. a year. then for the rest of your life.

somedays i have to pinch myself because i still can't believe i lost the weight obsession after so many years of struggling. i suffered hardcore for 4 years, then spent another 4 years on a relapse roller coaster which ended when i got very serious about this plan. 

also, cook for yourself from scratch like 2-5 days/week.

edit: i know this means nothing, but for what it's worth i do have an nsca cscs certification which is for athletic training. got it last year in hopes of helping people avoid the path i took.",0,0,0,0,0,1,0,0,1,0,
255,"&gt; what kind of exercises i can do that are low intensity no cardio in order to turn the weight i gain into muscle as i gain it

the only exercise you should be doing is training your mind to understand that eating more is good for you.

given your difficulties thus far, strongly recommended you speak with a mental health professional as well.",0,0,0,0,0,1,0,0,1,0,
256,ya i’m starting to think the same. i used to have heavy anxiety but i’ve pretty much got over it. i have no trouble living the college lifestyle and being the center of attention when needed. it just sucks that my anxiety comes back in such a intense way after i start running (thought running was supposed to help with that stuff) anyways thanks. :),0,1,0,0,0,0,0,0,0,1,
257,"i would expect people in fitness subreddit to  be ""fitness people"". i was on a diet but it wasn't good for my mental health so i chose to burn my calories in other way.",0,0,0,0,0,x,0,0,0,1,
258,"yes to ""planning and thinking and researching everything to death."" i didn't even realize it until i read it here, but i absolutely fell victim to this kind of overthinking taking the front seat and pushing actual action aside. what's the point of planning if you're not going to carry it through?

i had to set aside the obsessiveness of it all while i built small, maintainable habits. now i can plan out my workouts/meals a bit more, but i don't let myself use the excuse of ""i didn't have time to plan out my workout"" to get out of going to the gym anymore. didn't plan it? who cares. get to the gym and plan as you go.",0,0,0,0,x,0,0,0,0,0,
259,"i've dealt with crippling fatigue most of my adult life, now 36. this has in large part been due to endometriosis and stress / mental health issues. however, i'm in a good place now and exercise has been a game changer for me. however, this has been built up over a number of years and the absolute key was having the slowest start humanly possible. i did one pilates class per week for about 2 years before adding anything else in. i was also trying to do a 20 min walk after dinner most evenings as well. since then i added in 2x cycles at the gym of about 30 mins. then after another year, i added in a second pilates class and upped the cycling to about 45 mins each go. i've just switched today to seeing an online pt who has set me a strength training programme which i tried out this morning. if i'd tried this earlier i'd have got burnt out and not stuck to it, but i've built up some basic resilience in my body which made it possible for me to do this. 

i had depression in my early 20s and got this solved in therapy. despite not having depression i can trend towards being inactive and sort of stuck, like i've come to a halt, everything feels hard work. so i have to sometimes use 'behavioural activation' techniques to get myself going again. it can be as simple as just jumping up and down and just forcing myself to get a bit more 'amped up' and active to get myself going on a task :d 

also hormones can come along and put me on my arse sometimes.",0,0,1,0,0,0,x,0,0,1,
260,"because this is how woke operate. she's trying to change the rules to her liking because she thinks her social influence (power) enables her to do so. she's also doing all this under the guise of mental health so anyone who questions her intentions comes off as a terrible person.

she did it in cincinnati last season when she delayed entire tournament for a day,  which encouraged her to try this again. i'm glad french don't give a shit about woke american nonsense.",0,0,0,0,0,0,0,0,0,0,
261,"you want him to develop depression and give up ?   

shit with that flair maybe you want.",x,0,0,0,0,0,0,0,0,0,
262,"need help overcoming fear of falling 

i’ve been climbing for almost two years now, indoors and outdoors. i can do 5.11 lead and 5.12 top rope. i don’t fall if i can take, it’s really debilitating my ability to push myself through difficult climbs and keeping relaxed and efficient with clean technique. i bail out instead of climbing whenever i think there’s a chance of falling on a move. i also have a history of depression and disassociating which the latter i do more when i get stressed climbing and makes the fear worse. any help of things i can do or books to read on the subject?

i tried doing some fall practice and the most i can muster is a couple of falls with bolt at waist level before i can’t do any more.",1,x,1,0,1,0,0,0,0,0,
263,"anyone have any thoughts to share about burn out (treating it, preventing it)? i'm training to lose weight and get in shape for a job opportunity and i ran a very strenuous routine for 3 months of 2x cardio a day (4-13 mile rucks, 30-40 minute runs) + gym every other day (5x5 bench/deadlift/rows) while eating 1600-1900 calories a day (5' 11"", 271lb male). i lost 40lbs during those three months, now down to 231lbs.

at that point, i took a break for about 3 weeks with little to no exercise and eating at maintenance. threw in two cheat days at the end of the break and got back on the horse three days ago. i'm back to the same routine as before with a slight increase in the cardio time per day and eating 2000 calories a day.

problem is, i feel like i'm already starting to experience the burn out i felt at the end of the last cycle. i haven't slept well at all the past few days and i seem to feel incrementally worse each day. the traditional advice of 'take some time off' doesn't seem to apply in my case, having just taken 3 weeks off. i also don't really like the other traditional advice of ""you're working too hard,"" because the workouts do not feel too difficult by any stretch.

is it possible i'm just not eating enough? i'm currently eating at roughly a 500 calorie deficit below my sedentary maintenance intake. garmin says my total calorie deficit after activity for the past 3 days has been 2047 / 971 / 1222. i have been craving carbs like never before - i can literally taste them in my mouth while doing cardio sometimes. perhaps i should adjust my diet to be more dynamic and aim for a 1k garmin deficit per day max? any other advice? much appreciated. deciding on how much to eat has given me a ton of stress the past few days, i guess because i feel guilty about failing and 'giving myself a pass.'",0,0,0,1,0,x,0,0,0,0,
264,"thankful to have found an amazingly supportive running group to encourage me and get me excited about running.  running for me has been as much about mental health as it has been about physical health.

i'm also thankful for having the ability to move.

oh, and i can't forget being thankful for living in an area with 4 seasons.  that way i can complain about 4 different types of weather throughout the year ;-)",0,0,0,0,0,0,0,0,0,1,
265,"my antidepressants really kicked in over the last week, and i finally picked up my running shoes again. today it's 29 celsius outside, and i still got in 2.5km. currently dying on the couch lol",1,0,0,0,0,0,0,0,1,1,
266,"my husband is a runner, i love cycling. but i’m new to cycling and don’t feel safe riding by myself. i’ve been riding behind my husband on his runs just so i can get out on my bike but i think i’m getting a little resentful in this arrangement. he runs 4-5 times a week, so i don’t get to go on actual bike rides with him that much. 

it just sucks because i know he loves running the way i love cycling so i don’t want him to not run this much obviously. we just don’t have enough time (and especially daylight) in the day to do both. 

i know i should suck it up and ride by myself but i have ptsd and just hate being in public alone. the good news is we ordered a stationary bike and it will hopefully be arrive soon, at least that way i can train a bit during the week while he runs (as opposed to riding my edit: brakes not breaks lol) so when we go on the long weekend rides i’m making some progress!",0,1,0,0,0,0,0,0,0,0,
267,sucks they are spiraling out of control.,0,0,0,0,0,0,0,0,0,0,
268,"hey guys, i really need some advice as i feel overwhelmed and unsure about what the hell to do with my life.

i’ll keep it quick, but i am so dedicated to my training and diet it is effecting my friendships and my overall life balance. i’m only 20 and all my friends love to drink and party (as i do as well) but i have stopped and gone full steam ahead with my fitness journey. 

i feel like there’s a constant battle in my head, a voice telling me that going to my mates birthday party is okay, seeing i haven’t drank in months and are dedicated e.g. the other side almost not allowing me to, and the obsession with the gym kinda taking over my decisions in life and making it hard to enjoy things. 

i want to be successful and training has saved my life but i know i only live once too. i’m sorry for the rant but i am a little unsure of what to do and was wondering if anyone has had similar battles trying to live a normal life and still enjoy things.

idk,i appreciate you all. much love.",0,x,1,0,0,0,0,0,0,1,
269,i can only assume that open 3's create urinal-like performance anxiety,0,0,0,0,1,0,0,0,0,0,
270,"i also run outside in a city. i was a serious runner years ago and am getting back into it again and am a little self conscious too. here's what i put through my mind- 

if i can't run for a long amount of time and am anxious about people nearby, they 1) don't care, 2) are out and about doing their own thing in their own world, and 3) could look like i'm doing sprints or just any type of running workout.

running is an accessible form of exercise, people start running for the first time every day, maybe even every hour.",0,1,0,0,0,0,0,0,0,0,
271,"in the pursuit of more biggerer biceps it's wise to optimise sleep and reduce general life stress, right?

so in order to achieve said goal, i'm going to try to reduce procrastination (which increases long term stress and deadline anxiety which reduces sleep quality). when i put off something i need to do, i will now try to tell myself that i need to do it for my gains. maybe that added motivation will yield life gains aswell, we'll see.

things i've done so far:

* set alarms for the same time every day, to reinforce circadian rythm
* develop the habit of absorbing sunlight first thing in the morning (which i can do now in summer without artificial sunlight)
* try to get some sort of breakfast as early as possible, even though i hate breakfast, also in an attempt to reinforce circadian rythm

the procrastination bit is not going quite as well yet, as evidenced by me making this post.",0,1,1,0,0,0,0,0,0,0,
272,"i agree with everyone else that your best bet is to not expect too much and build back gradually. also, it feels like what you’ve been through emotionally since you swam last deserves acknowledgment. let yourself sit with the possible pain of a big move, a pandemic, and what sounds like some depression. you deserve a lot of compassion and a nice gentle pace. you’re not just rebuilding your lungs and muscles, you’re rebuilding your headspace ❤️",1,0,1,0,0,0,0,0,0,0,
273,i don't have any experience of surgery but won't something like mobility and flexibility focussed workouts be helpful? to minimise soreness post surgery. plus they are gentle and they'll help you relax incase of any pre-surgery anxiety,0,1,0,0,0,0,x,0,0,0,
274,"how in the hell do i lose weight? i lost 60 kgs by eating very less and running and it worked for 10 years up and down, now that im trying to eat ""right"" nothing is happening. everywhere food is there and the more i eat the more i crave more when i eat.

i gained weight because i fell unwell and ate alot after that plus went on a drinking binge month or two due to falling into a mad depression stage in my life 

gotten better and been trying for 2 and a half years and im still obese and practically the same weight with one cheat session from 7 to 11 pm on saturdays",1,0,0,0,0,1,0,0,0,0,
275,"the most significant change, with walking, has been an improvement in my mental state and clarity. until last week, i had worked out everyday in quarantine, which involved getting outside and walking. i took a break because i was so burned out but i'm forcing myself to get back out there. i have been feeling too depressed and unmotivated without time outdoors. i live alone and need exposure to something other than myself lol. 

i have lost weight but i've also been tracking my cal intake more consistently than before, so that may be more attributed to cico. i wish i could say that i've noticed a difference in composition but i haven't. i've definitely lost muscle in the months i've been away from my fitness studios. 

ps - i, too, despise jogging lol.",1,0,0,1,0,0,0,0,0,1,
276,free transfer year? covid lead many to feel disconnected from schools and programs? i can go on from here ...,0,0,0,0,0,0,0,0,0,0,
277,"need help boys, my stress levels are at an all time high [147/93 bp high]. dont know the career i want to choose. i was sure i wanted to be a dentist, but ever since i started working at a dental office i dont think its the right fit for me. i dont feel smart enough to become a surgeon and get through the med school grind/science classes even though i have a 3.7 gpa right now. im losing my fucking mind and its making me not even be able to study and ive been like this all semester. 

idk if im depressed or just cant get out of my own head but when my mom asks me “well what are your passions? find that and go from there”, i cant name any passion. ive lost motivation to go to the gym or track my macros even though i still do it but only go through the motions. are physics and chem just bullshit classes that i have to get through or should i seriously consider another career?",1,x,1,1,0,0,0,0,0,0,
278,"sounds like he is straight up bipolar, the rapid-cycling variety. or perhaps bpd is more fitting now that i think about it.",0,0,0,0,0,0,0,0,0,0,
279,i don’t have too much experience with running but i do other cardio for my mental health. i find that just 20 minutes at a medium pace on my bike (equivalent of a jog) is enough to keep my mood up from going in the dumps. mind you this is the only physical exertion i do in a given day so your experience may vary. i imagine that actually getting exhausted and tired from trying properly will net greater mental health benefits.,0,0,0,0,0,0,0,0,0,1,
280,"i’ve been in the exact same situation as you, even down to the medication for anxiety. i actually checked your username to confirm i didn’t somehow post this and forget about it, lol.

what got me out of the rut was actually a couple of things...

1. i decided that i was bored with my routine. i had been going into the gym and predominately doing different variations of the same lifts for 12+ years. i joined a club hiit gym. this is the most important part. i changed my routine completely. it was something new, even down to the environment. it made it seem a little more exciting.

2. the other (unintended) thing that has kept me consistent is that i actually have to schedule my classes, and missing one means i don’t get access to what i just paid for. so it’s the financial commitment and scheduling that keeps me going even when i don’t want to.

3. these workouts are instructor-led. so there’s really no cheating or skipping exercises. the whole class will be doing the movements and it helps me not slack off.

i know this isn’t financially practical for everyone. these kinds of gyms/classes tend not to be cheap. but if you can afford it, having something like this that is led by someone else and is scheduled at specific times can lead to more consistency and commitment. a trainer would be a good option as well because it also involves scheduling and commitment.

try to set up a mechanism that puts workouts more rigidly into your schedule: even if it’s setting a workout time with a friend. i found that what really worked for me was this mix of scheduling and financial commitment.

there are many classes that fit this description. i know orangetheory is one that is nationally-available. but it could be anything from crossfit to cycling.",0,1,0,1,0,0,0,0,1,0,
281,"oh yes, the poor multimillionaire, good looking, athlete is gonna be so lonely in what many consider the best city in the world",0,0,0,0,0,0,0,0,0,0,
282,"27/6'10""/265lb

its been awhile bb. like a long while. quarantine kicked my ass, i went from 275 to 225 and lost almost all my gains from not working out and depression. got a new job, new start to life, and im finally feeling ok with my body again. still want to compete one day. currently running 750test e/wk and 10mg rad140 everyday. 

pic is on arm day with a nice cialis pump 

 https://imgur.com/a/da18rxn",1,0,0,0,0,1,0,0,0,0,
283,"today was a big day, my therapist told me about something called body dysmorphia (no meme) and then suggested that i see a different therapist who has experience with the topic. i only have a fixed number of sessions per academic year so that means i won’t be seeing her again until the fall. she started tearing up and that made me real emotional and i stared lifting to hide my emotions so that’s not cool at all.

good news i met with the director and took a tour of my new program in the communication and speech disorders program and i love it. it’s everything that i wanted out of my pre-med program that they never provided. i’m happy and we’re all going to make it bros",0,0,0,0,0,1,0,0,1,1,
284,"from what i understand, the human brain has a limiter on happiness. 100% happiness is the limit for example. crack's effect is breaking the limiter on happiness and throwing the brain into overdrive so it can reach 150% 200% etc. if you smoke crack to the point of addiction, you lose the ability to create and feel happiness (without crack), although it can be regained over time. 

many people have obviously never done crack, but the expression makes a bunch of sense. homegrown white nba players playing on the pacers give pacers fans more than 100% happiness. its a great analogy.",0,0,0,0,0,0,0,0,0,0,
285,"fight at a nightclub in boston, pierce suffered lacerations to his face, neck and back.

he actually credited the leather jacket he was wearing with helping to absorb some of the impact of the knife. his teammate at the time, center tony battie as well as battie's brother, rushed pierce to the hospital.

he has also discussed, when trying to address mental health issues in the nba, that for while after the stabbing, he dealt with depression and basically ptsd since he had fear of large crowds.

i know paul has gotten some flack in his later days (""shitting"" himself in the finals, draymond's comments about how fans don't love him like kobe etc.) but he was a fantastic player in his prime and a fucking warrior for coming back from that.",1,1,0,0,0,0,1,0,0,0,
286,"i didn't say i wanted to have a pity party for him.  but basketball may not be just a game to him.  it may become his identity and an unfair measure of his self worth.  it may cause a lot of mental health issues for him.

it's easy to look on the outside and think that a rich person has nothing to worry about.  and yes, they have incredible advantages that are outright unfair. but that doesn't mean some of these kids won't have issues.",0,0,0,0,1,0,0,0,0,0,
287,"your body is exhausted, plus decreases in cholesterol can cause depression.",1,0,0,0,0,0,0,0,0,0,
288,"i lost my dad a few weeks ago and i'm still not done dealing with it. i havent set foot in the gym. i threw my diet out the window. i have an unhealthy emotion eating problem, and whike i'm not condoning it, i havent really cared. im setting my fitness back by a bit, but i can make up for lost time little by little as i learn how to function. emotional and mental health is just as important as physical health. focus on which one is going to help you deal the best. if training will keep your mind off your pain and give you an outlet, then force yourself on. but the best thing for you may be to take some time off and focus on other health. i hope you find strength and peace during this time.",1,0,0,x,0,1,0,0,0,1,
289,i have a long history of anxiety and depression. i finally started exercising regularly for the first time since high school (i'm 24). i've been doing cardio classes 3x week + some lifting consistently for the past 2 weeks and i'm proud of the commitment i was able to make. i find the classes to be fun and enjoyable but  i've been having awful bouts of depression like i hadn't seen in years immediately after exercise. what's up with this? does anyone else have this or has gone through something similar? it got so extreme i spent all of yesterday evening weeping in my bed immediately following my cardio class. like for hours non-stop. i don't understand.,1,1,0,0,0,0,0,0,0,1,
290,"i agree that megyn kelly is not being nice in this situation; she has a blunt, sometimes confrontational style that can be off-putting (speaking mildly) or demeaning (speaking harshly).  though imo it is fair game to point out osaka's statements and actions appear to be contradictory, kelly lowered herself by engaging in a war of words on twitter.  that's not the real issue though.  the real issue is a) naomi osaka has essentially said she is shy and does not want the attention and scrutiny associated with being a high profile tennis player but also b) osaka *chose* to take an action (posing in the sports illustrated swimsuit issue) that increases the attention and scrutiny she's receiving.  it appears she only wants the adulation of positive attention but to be treated with kid gloves when it comes to negative attention.

this kind of issue isn't unique to naomi osaka; every person who is a high profile figure has to deal with increased attention and scrutiny to some degree.  high profile women have the added dimension of often being defined by many men and some women based on their physical attractiveness.  some people desire the attention, others do not.  the people who don't desire the attention in many cases take actions to reduce their visibility, to make themselves less of a target.  they don't change their beliefs one iota, nor do they try to change their personalities, but they are more cautious about what they say and do publicly.

like most of us at one time or another, particularly during our teenage and young adult years, naomi osaka is idealistic, has strong beliefs, but sometimes says or does things without thinking about the consequences of her actions.  most of us are fortunate enough to not be public figures, and therefore don't face heavy scrutiny from thousands of people when we say or do something that is ill-advised or that appears to be contradictory.  but when someone is a high profile public figure who has indicated she has dealt with depression and mental health issues since 2018 (i'm guessing in part because she's been increasingly in the public eye and is uncomfortable with that), she can't expect there to be *no* reaction to her decision to pose in the sports illustrated swimsuit issue, sign on to have a documentary made about her, or agree to have a barbie doll made of her.

let me just note i have a lot of respect for naomi osaka's honesty regarding both social justice issues and her own mental health struggles.  it takes a lot of courage for any public figure, particularly an athlete, to be brave enough to speak his or her mind or tell the truth about his/her off-court struggles.  osaka should be commended for those things because most public figures (and most people in general) are not willing to admit their weaknesses and vulnerability to others (and in many cases themselves).  but i'll also note naomi osaka is being naive if she believes, as a public figure, that is ok for her to use the press to her advantage when she likes it while also refusing to talk to the press when it makes her feel uncomfortable.  if you are going to take the good, you need to take the (usually lower amount of) bad with it.  ironically, osaka's actions are going to *increase* the attention and scrutiny she receives.",0,x,0,0,0,0,0,0,0,0,
291,"it might be that your heart rate is just naturally higher than average. if you can run at a conversational pace, i.e. ""be able to talk but not to sing"" then run at that pace and forget about the heart rate.

alternatively just try to embrace the walk breaks. at the end of the pdf there are tables with suggested walk/run intervals for various paces. at 6 minutes per kilometer you would be running for 3 or 4 minutes and walking for one. one bit of jeff gallaoway advice:  if you're self-conscious about walking, take an empty water bottle and pretend to be drinking from it during the walk breaks:

[http://jeffgalloway.com/pdf/walkbreaks.pdf](http://jeffgalloway.com/pdf/walkbreaks.pdf)

this sub seems to have a weird obsession with ""you must run really slowly but never ever walk"" which doesn't make much sense. if you're concentrating on training your heart, your heart doesn't care whether you're running, walking, swimming or using a pogo stick.",0,x,0,0,0,0,0,0,0,0,
292,"i am really proud of you! you are really strong. i'm relatively healthy *knock on wood, but i am always making excuses not to run. just too hot outside/and unmotivated. but it has started to take a toll on my mental health. i need to run more for sure. i will be thinking of this post tomorrow when i go for a run. thank you, and i hope you keep on running!",0,0,0,1,0,0,0,0,0,1,
293,"or it's exposure therapy based on cbt in a safe situation since he doesn't have to play.  he can face the boos and get better at facing them in the future gradually. 

do any of you guys know how cbt and therapy works?",0,0,0,0,1,0,0,0,1,0,
294,"i was very skinny from an eating disorder and always received cat calls etc. last may i was raped while in france and i had a pretty abusive ex who would only use me for sex.

i gained 20kg in my recovery and started weight lifting. now my body is hot. how do i now overcome all the secual attraction? glare. glare angrily right in the eye as i pull a 70kg squat. subtly give them the finger. be ugly - wipe my nose, pull a thong strap out my bum, wipe away sweat from my underarms, snort, visibly show my mouth guard.

fake the most confidence and make it known that you hate people staring at you.",0,x,0,0,0,1,0,0,0,0,
295,"yeah i could honestly see it being that way.  with the whole stigma of it and especially with being a professional athlete.  


i personally cant believe him.  everything is always changing right the exact moment he needs it to.  i might be wrong and that might make me a shitty person but i would say no more shitty then if he truly is going through stuff and perpetuating the cycle of mental health stigmas.  i look at how calvin ridley(nfl) has handled his situation and think if thats how ben had handled it how much different people would see him.  


the biggest doubt i have in his story is that he *claims* eh told the sixers last year and before the playoffs.  yet the whole time he was fine up until doc and embiid made comments about him.  if he told them then wheres the receipts.  you're telling me theres not a single paper trail to back up his claim?   you're telling me he claimed to sixer officials that it was his back when he returned to the team when he was fined?  his off the field, totally not connected to the sixers, personal struggles have magically been fixed by moving to a team an hour away?",0,0,0,0,0,0,0,0,0,0,
296,"&gt;box gym is that if your machine/station is in use, you go do something else until it's available or find an alternative exercise. 

exactly!  i always wait. and i was on my second set when he arrived. he had to wait for max 1 minute. he wanted everyone who waited in the line to share the machine. 


&gt; i struggle with depression and anxiety and working out has made a world of difference for me and my mental health.

i'm so glad to hear it. one of the gifts depression has given me is an unhealthy suspicion of everything- *maybe it's just a marketing scheme*
it's so nice to hear real people say they get better :)",1,1,0,0,0,0,0,0,0,1,
297,my gym anxiety knows no gender,0,1,0,0,0,0,0,0,0,0,
298,"recomping can work, it probably just takes a bit longer to achieve your goals.  

i've been doing it for about 8 months because strict dieting is not really possible with my mental health right now. and i've gotten way stronger, muscular and even somewhat leaner during this time, while maintaining my weight. 

it does takes more time than proper bulking and cutting, which i am fine with. just depends on priorities i feel.",0,0,0,0,0,x,0,0,0,0,
299,well this game was fun to watch alone in my room and helped distract me from my raging depression for a bit.,1,0,0,0,0,0,0,0,0,x,
300,"gambling addiction

gotta be the best player so you can make the most money so you can gamble with it

big brain time",0,0,0,0,0,0,0,0,0,0,
301,"i run daily. normally its 13k runs with 1 day off a week. 

why? i believe every adult should do an hour of strenuous exercise a day. very important for my mental health too.

also doing it everyday it becomes engrained in your daily activities, like brushing your teeth. the days i dont run i feel off, my body and mind is set up to expect it daily. 

nothing wrong with time off, this week i did 30k runs inbetween days off. nothing wrong with recovery.",0,0,0,0,0,0,0,0,0,1,
302,"does anyone know of an app where i can track macros but not calories? i’m bad about not getting enough protein, but my mental health suffers when i’m thinking about calories all day.",0,0,0,0,0,1,0,0,0,0,
303,running can also be an addiction though which in itself is unhealthy even though running is healthy,0,0,0,0,0,0,0,0,0,x,
304,"i have a solution for you. instead of thinking about “i want to nail that spike.. or i need to perform well so i can play… i need to do a good pass.. or i will show them that i can do it” try to think about how your actions can help your teammates, to take the focus away from your own performance.

for example: “ i will give my setter a chance to do a good set… i will make it hard for the opponent to receive the ball/spike it over so my defensive have it easier and so on… 

it sounds stupid but for my performance anxiety it worked wonders. don’t think about yourself or the score think how to be of use for each teammate. this btw will also reduce tilting and will make you more humble and likely to apologise for not giving someone else the chance to do there best.",0,0,0,0,1,0,0,0,0,0,
305,"i feel like there’s quite a bit of unpacking to do, so i’ll do my best to start you off:

bmi is not a metric for health, and it is not scientifically backed, no matter what the medical community uses it for. it has it’s roots in racism, and when it was created, was never intended to be used for large populations, and certainly was not intended as a measurement of health. i would strongly suggest you look up the origins, learn about how bmi is used in the medical community, and find out how you feel about this on your own. finding a doctor that can have a clear, adult, honest conversation about bmi would be an excellent resource, but if i’m honest, i have found extremely few of those.

beyond that, i would love to understand how one would measure something like “metabolic age,” because the metrics used are what’s really going to really inform you. there isn’t, as far as i know, really a thing called “metabolic age,” in the same way that there isn’t really a thing like… “spinal age.” 

every person, and every body is different. i have a fairly high bmi, but i’m the healthiest i have ever been, and carry much less body fat than i used to. in order for me to reach the “healthy” bmi range for my height, i would have to starve. i’ve actually done that, and i did not look or feel healthy, and had many people asking me if i was “okay,” and if i “needed help buying food.” 

your body and your composition is unique. if you feel healthy, you can do all of the things you want or need to do in your daily life, and are happy with your physique, then i would suggest that there is nothing wrong. chronic illness or other issues like that aside, you are likely perfectly healthy.

please, do not drop your calories down that low. i do not know what your bmr is, but based on my own experimentation, i would expect it would be much higher than 1355 calories per day, and to go below your bmr is a terrible idea.

feeling weak, slow, or having little stamina could be a sign that you are not eating enough. if you want to grow muscle, which is the way that people “look toned,” you *must* eat enough food to grow that muscle. i would tentatively suggest tracking your calories, in order to find out how much you are actually getting, and to see what you need. however, if you have any issues around restriction, hang ups around eating “too much,” or shame around food, i would seriously recommend seeing a therapist first, before embarking on tracking caloric intake. keeping that counsellor around as you start would also be a great idea.

finally, i’ll leave you with this: once, in an effort to make a comfortable fighter jet seat, a massive number of pilots were measured and checked all over. then, the average of those pilots was used to make the seat. not a single pilot felt that the seat was comfortable. not one.

averages do not often work on an individual basis, and should very rarely be applied in such a way.",0,0,0,0,0,x,0,0,0,0,
306,"&gt; i have an eating disorder

&gt; dieting will inevitably lead to starving myself.

&gt; i never tracked calories too intensely because it was just too painful.

&gt; i never bulked consistently more than 2000 because the mental strain was just too much

no one can help with that. that's on you to change. you are not seeing results because you are not consistent because you mentally cannot handle gaining weight, even if it is temporary weight and beneficial to gain it.

assuming you fix what's going on in your head, you should then go back to basics. here is how you unfuck your progress and get back on track:

find a tdee calculator. input your height, weight, etc. set activity level to sedentary. then add 150 - 200 calories for the calories you will burn weightlifting. then add another 300 calories as fuel for muscle gain. eat 1g of protein and 1g carbs for every pound of bodyweight. the rest is fat. you will have to do this math and track calories and make a meal plan and stick to it consistently, and that leads back to the beginning of this post. you're not going to accomplish this without fixing what's going on in your head.

do an aesthetic bodybuilding program that hits all major muscle groups, evenly, twice a week. consistently. the program should stimulate enough muscle tissue to warrant eating a surplus, and that will minimize fat gain. once you hit a goal weight, cut carbs and diet back down to your original weight.

and fyi, the first 5lbs of weight gain / loss do not count and should not bother you and make you reconsider what you're doing and the sky is falling i gained 5lbs overnight! it's water. you can gain and lose that in a few days.",0,0,0,0,0,1,0,0,0,0,
307,i feel this. i've struggled with anorexia since i was 13. i'm in recovery now but i wasn't eating enough when i was running over the summer (mostly w/o realizing it) and that definitely made at least my first injury super slow to heal :/,0,0,0,0,0,1,x,0,0,0,
308,"i started running to get back in shape and little did i know that it would have such a positive impact on my mental health! sophomore year of college was really tough and i was in a really bad place mentally, but the summer after i picked up running and now i’m about to start my last semester of college and i can’t imagine a world without running. it’s such a great stress reliever. i’ve also noticed how it’s a mood booster! in addition to the positive physical effects, i use my time running to self-reflect: think about everything that’s happening, my friends, family, school, everything! it’s me time. i’m actually signed up to run my first half-marathon in 2 weeks and i’m so excited!!",x,0,1,0,0,0,0,0,0,1,
309,"this is interesting. i began running last year and trained by hr. i definitely got wrapped up in hr and it demotivated me to the point where i kind of stopped running.

why do you think polar is so keen on training by hr with issues like cardiac drift and caffeine affecting it?",0,0,0,1,0,0,0,0,0,0,
310,"hey bro. i've gone through something similar. i'll say a few things and i hope this helps you man

1) this is certainly some mild form of depression (not the basketball part, the life part). it's good you felt the need to post on it. i will say i have felt this way. think about what's changed in your life (have you gained or lost a ton of weight and were you expecting some sort of response and not getting it). or are you drinking/smoking/420 a lot? have you moved, changed jobs, etc. something has to have changed. furthermore last year was such a high for the raptors that what you are feeling now may be a low. everything you're feeling is normal as long as you aren't having suicidal thoughts. 

2) if you are having thoughts of self harm, seek medical attention asap. if that means psychiatrist, medication, etc. get it done. it may be worthwhile to have one or two professional therapy sessions anyway.

3) i've felt fantasy always gets me back into sports and the nba. it's never to late to join a league and on the fantasy subreddit, there are sometimes people looking for people to take over teams. this also forces me to engage with teams i personally may not normally watch (like the magic or wizards).

4) 2020 has already been a down year. lost kobe, trump continues to be an idiot, coronavirus... these are very real impacts to peoples livelihood.

5) you may be going through a mild form of a existential or ""midlife crisis"". yoh may feel lost or thought somethjng that has changed in your life woild make you feel one way but it hasn't yet. dig into that feeling and you may find out what really will make you happy.

hope this helps",1,0,0,0,0,0,0,1,0,0,
311,"hello fellow slow person!

when you're at that pace, you can probably make huge improvements by working on your form! i would suggest hiring a coach for a few sessions-- you can even find a local high schooler or college student who's on their school swim team to offer some feedback.

if you're taking breaks at the wall and that's slowing you down, getting one of those swim tethers to let you swim in place might be very helpful, it's basically putting yourself on the treadmill and i find it very helpful for working on endurance.

i would definitely recommend waiting to do a 70.3 until you're confident you can make all the cutoffs. when i did my first last year, i was borderline as to being able to improve that much by race day, and it was a massive anxiety hanging over my head all training season.",0,0,0,0,0,0,0,0,0,0,
312,the overweighted player vs the unmotivated,0,0,0,0,0,0,0,0,0,0,
313,"honestly, the vaccines were delayed in my home country, because the idiot bolsonaro didn’t trust science and buy the pfizer vaccines. what i saw was depressing. the vaccines arrived and it first went to 70+. the virus mutated and started attacking healthy 50/60 year olds because this is how a virus survive.
my dad who was a 59 year old ex tennis player and fan was in the icu because covid-19 caused his heart to get inflamed - miocarditis. luckily, he’s part of the 1% and got to get a private jet to get treated in são paulo and is alive. he was unvaccinated and almost died. the hospitals in brazil were at 100% capacity and people were dying left and right. my friends lost their parents. my 28 year old friends… it was not normal at all. i saw it with my own eyes. i know so many who lost loved ones - young people - because the vaccine didn’t arrive in time for everyone. i also saw hospitalizations number going dramatically down once people started to get fully vaccinated. i saw the us not lose 50/60 year olds because the vaccine arrived a lot faster for everyone. 

that’s how i come up with my conclusions. i’m at child bearing age and i haven’t had a single friend has the issues you are talking about - actually so many had babies are having babies post the pandemic. i had zero issues getting pregnant and actually had a much more chill pregnancy than when my first was born in 2019. i guess i was a first time mom then and a lot more anxious, but this baby is bigger and healthier than my first born was at birth.

i think there might be other reasons people are struggling than the vaccine. the pandemic really affected people’s mental health for example. mental health have a real impact in physical health. 

anyways, i have critical thinking skills i just never questioned that the fastest way to end a global pandemic is by herd immunity that is provided by vaccines. why did countries like australia and israel who had quick adherence and access to vaccinations less affected than those who took longer? 

do i still think it matters today if novak djokovic gets vaccinated or not? nope because we already have at least 80% of the world population vaccinated.",x,0,0,0,0,0,0,0,0,0,
314,fuck insomnia. so many half-assed or missed workouts due to lack of sleep,0,0,0,0,0,0,0,0,0,0,
315,"if i'm understanding correctly it seems your intention is to put on muscle so you no longer feel insecure about your body.  you have to get over this.  it is a necessary part of the journey, and you're not the only one who has walked that path.  the longer you delay the further away from your goals you are.  you have to own that, and make the conscious choice to overcome it.  from this point forward your journey will either have you languishing as you have been, or it will have you growing mentally, physically, and emotionally.  the choice is yours. 

those are harsh words but you gotta understand that a lifetime in the gym or pursuing any physical endeavor of sport entails a battle against one's own will more than anything else.  those fears you're experiencing are all in your head.  is someone going to pull out a gun and kill you in the gym?  is there a wide conspiracy to gang up on and assault you at that particular gym?  no.  so what's the worst that happens?  somebody makes fun of you?  probably won't happen for one, but even if it does- who cares? you aren't there for them.  you're there for you.  time and commitment are on your side if you use them to your advantage.  so much so that in as little as 6 months it's extremely likely that nothing they would have to say would even apply anymore. 

if you can't go there then just follow the tried and true route of safe, incremental exposure that a therapist would use to relieve someone of phobia.",0,0,0,0,0,1,0,0,0,0,
316,"thank you. that really sucks. i’m sorry to hear that. we all have struggles and things that don’t allow us to fulfill or wants. my mental stuff got me this overweight. i had a few rough years where i just wanted to never wake up and just end it all. it’s terrifying to think of now. i think the minute i do get hit, there’s a chance i will freak the fuck out but i’m praying it doesn’t happen and set me back physically and mentally.",1,0,0,0,0,x,0,1,0,0,
317,"you can fake the run but please get in open water and practise before a race and if not you shouldn't be racing at all. 

open water racing is a washing machine. you will get punched and kicked. you need to know how to sight. people die in open water racers and people have panic attacks no matter their confidence at swimming in a pool.",0,1,0,0,0,0,0,0,0,0,
318,steroids.  don't worry about it.  the drawbacks of taking that shit far outweigh the benefits. i know dudes that became suicidal because they fucked themselves up so badly from juicing.,0,0,0,0,0,0,0,1,0,0,
319,"also, op has stated she has a lot of trouble sticking to exercise on her own (due to/made worse by adhd) so you’re advice is likely not very applicable to her",0,0,0,x,0,0,0,0,0,0,
320,"thank you so much for the advice. i usually eat fairly healthy, lots of chicken ground beef, and some sausage, eggs, rice, noodles, potatoes, broccoli, and zucchini are all staples in my diet. i don't get as much fruit as i should but that's fairly easy to work on. so if i'm eating fairly healthy and i track my protein i probably shouldn't worry about calories right? i still might track just to be sure i'm on course but i'm not terribly worried about an eating disorder, i used to track calories when i was slimming down from being a bit chubby and i never had disordered eating. 

&amp;#x200b;

regarding having a good physique at my current weight, does this mean eating at maintenance and just working out a lot so that my fat is burned and that energy builds muscle? also is tdee calculators the best way to find maintenance?

&amp;#x200b;

it's good to hear that bike riding won't screw my recovery, because i love it. i know a lot of lifters dont do a lot of cardio so hopefully this will be helpful to me. 

&amp;#x200b;

thanks for the weight advice. it's hard to go with a low weight when everyone around you is lifting heavy but i don't want to injure myself so i will stick with what's safe.

&amp;#x200b;

thank you so much!",0,0,0,0,0,0,0,0,0,0,
321,what do you do when you feel like bodybuilding is all you have but you’re too depressed or anxious to eat?,1,1,0,0,x,1,0,0,0,0,
322,eating went to shit after an anxiety attack the other night. debating on stopping the jeff nippard power building program and do a mini cut and act like me eating less is on purpose,0,1,0,0,0,1,0,0,0,0,
323,"yeah i fail to see a new coach improving her that much if she is incapable of developing some degree of mental fortitude. i have panic disorder and can’t help but wonder if she is having a panic attack when she capitulates these matches. would explain a lot. either way,compared to the steely resolve, grit, and almost robotic nature of players like iga and rybakina—-who have complete control of their emotions, maria seems literal worlds apart. might take medication and intense training with a sports psychologist to get her to overcome her problems.",0,1,0,0,1,0,0,0,1,0,
324,"yep! i was fat as a kid, not morbidly obese, but fat enough to get teased about it behind my back in elementary and middle school. i was always the last to complete the mile in gym class, and usually was huffing and puffing and walking along the way. sports never really took. exercise was something i did once in a blue moon because my mom was on a fitness kick and took me with her (it never lasted long). i had some disordered eating habits that started in high school. overall, really not a picture of health. 

then, in my junior year of college, i saw a photo of myself one day and decided that it was time to start taking care of myself. i started calorie counting, and started actually exercising regularly, doing yoga and doing cardio at the gym on campus. it was brutal. it took me an embarrassingly long time to even get to running one mile on the treadmill; mostly i would suffer along on the elliptical. eventually, once i could run a treadmill mile without stopping, i started focusing on the 5k outdoor loop around campus. i tried to go a bit further without walking each time, and eventually i was able to run the 5k loop without stopping. i wasn’t fast, but i could do it.

someone told me that if you could run 5k, you could train for a half marathon. so, early senior year, i found a long 6 month training plan, and worked my way through it. it was a grind, but the sense of accomplishment at running further than i ever had before every week felt amazing. i ran my first half marathon a couple of weeks before graduation, and i crushed my time goal!

i ended up losing almost 30 pounds in that year and a half process. i set a life goal to run a half marathon in all 50 states in order to “force” myself to stick with running/exercise throughout my life. 

that first half marathon was 10 years ago. since then, i’ve run 17 half marathons in 16 states, as well as a full marathon and a few 5ks. i now routinely end up in the top 5-10% of my division in races. i’ve had two babies since then, but i’ve managed to stick with running. it is so integral to my physical and mental health at this point. and, it is so much easier than it was when i started! i promise you that it doesn’t suck forever.",0,0,0,0,0,1,0,0,0,0,
325,"okay, this is going to sound insane, but please hear me out. i'm going to do my best to be brief and feel free to dm me to further discuss.

throughout life (i'm 28) i've always had minor pain here and there that would come and go, but never anything major or that would stick. i've also never had a major injury in my life.

well out of no where (about 2-3 years ago) i developed bad chronic pain in my shoulder blade region. at first, i thought it was posture based, as i noticed it the most when gaming. but then, i noticed it happening in pretty much any scenario, with no concrete cause. it became debilitating to the point where i was worried gaming and working out (my two most consistent hobbies) would cause permanent damage.

i then saw multiple doctors and eventually ended up in pt. they identified a few ""lagging areas"" and i did specific exercises for them. i continued to get worse. at the time, i didn't even know that this was possible and they were puzzled. at this point, i was now getting pain down my left arm and tingling in my fingers. i even developed severe lower back pain towards the end. mind you, i went to one of the best pt clinics in my area and they really tried absolutely everything to help me. i was even working directly with the owner at times.

i then decided to reduce my pt appointments to just once a week, and eventually none, as we agreed that there's no reason for me to continue to come in since i was an expert on the exercises and could easily do them at home. my insurance also pulled the plug lol.

i noticed that the less i went to pt and the less i spoke about it/obsessed over it, the better i started to feel (still not great and far from 100%). i tried to be positive and just accept that i can't enjoy my hobbies anymore and just have to move on with life. i didn't mention this earlier on, but i of course got extensive spinal imaging and everything looked great.

right around this time, i accidentally ran into someone else's story that sounded just like mine (he made a youtube video explaining his situation). he explained that proper diagnosis and therapy changed his life and that he had tension myosis syndrome (tms). wikipedia will be your best resource and i've already went into too much detail lol. but essentially, you associate stress with said pain areas and your brain starts to regularly send pain signals to said area(s). the pain is real and is indistinguishable from pain that's due to a structural issue. but, there's of course no underlying issue, just your brain deciding to send stress to that area.

i admittedly didn't follow all of the protocol to treat it, but did my best to understand the treatment in its entirety. the doctor that discovered this has written a few books that people rave about and i wish i got around to reading them. again, read the wiki, but in the simplest of explanations - slowly return to normal life. start doing the things that cause the pain and stick with them as long as the pain is tolerable. continue to ramp up and prove to yourself that the activity (in your case tennis) isn't the issue. a very key part of course is also getting to the bottom of the stress causing it and confronting those issues head on. for me, i was just bottling up too many feelings in my personal life. i started being a lot more upfront with my feelings and opinions towards things and it really was essential to my recovery.

i've gone into far greater detail than i intended, but without ample detail, i sound insane, so wanted to at least set the stage. whenever i hear stories like yours, it kills me, because i know exactly what you're going through. good luck and i hope this helps you!",0,0,0,0,0,0,1,0,0,0,
326,"sometimes mental health is important, therefore i'm going to do shoulders and arms instead of legs today",0,0,0,0,0,0,0,0,0,x,
327,i started running this time last year because my lifting wasn't doing enough to help my anxiety so running became a last ditch effort to help me deal with it. and it's slowly become something i enjoy and due to several health issues i need to keep in shape and this is another way to do it. and now it's another tool in the toolbox to help me and something i enjoy...most of the time.,0,1,0,0,0,0,0,0,0,1,
328,"i started a cf box in 2008 and sold it in 2015 mostly due to burnout. then i took a 3 year crossfit hiatus which allowed all of my injuries to heal and helped me put on some serious muscle since i stopped doing 6 metcons each week and focused on lifting. 

around 2019, i met a little group of people at my globo-gym who were doing cf style stuff. we formed a ""friday workout group"" which grew to about 12-15 people each week. in 2020 covid hit and the gym closed down. so now i'm back into cf but i do a linear progression lifting program 4 days a week and 1-2 short metcons with my wife. the stress on my body is much less and i can focus on the aspects of cf that i enjoy instead of doing a coach's programming.",0,0,0,1,0,0,0,0,0,0,
329,"**complaint:** i ate a lot of beets for dinner. now every bathroom trip involves a panic attack before i remember the dinner beets. 

**complaint:** when my students ghost me for our online meetings. i sit here lonely in this google meet thinking of the many other things i could be doing. 

**confession:** running has been going really well and keeping me happy. and we’re not going to talk about the plantar fasciitis pain in my right foot. doesn’t exist. not happening.",0,x,0,0,0,0,x,0,0,1,
330,"i've been taking on a lot of new projects at work lately and my anxiety is out of control. my supervisor is nothing but supportive and i've been able to be really honest with him about my anxiety (i'm really lucky. i have a really really good boss), and he's helping me work through it.

that said, my anxiety is pushing my lifting to completely new levels. pr'd my deadlift a couple weeks ago and have been able to add more reps every week since then, and i pr'd my bench press on monday. 

now, i'm not saying that the anxiety is good or welcome in my life, and i'm definitely not content to let it hang around (even if working it out at the gym has been amazing for my numbers...). what i am saying, however, is that i'm so pleased with myself that my natural reaction to anxiety these days is to get myself to the gym rather than withdraw into the comfort of my house and a netflix binge like i definitely would have once upon a time.

anyway. life is a bit of a wreck but at least i broke my bench press plateau?",0,1,1,0,0,0,0,0,0,1,
