row_id,text,depression,anxiety,stress_pressure,burnout_motivation,performance_psych,body_image_eating,injury_distress,self_harm_suicide,help_seeking,exercise_coping,notes
1,"the ortho center i went to is the best in the state - every wall in the place is lined with autographed photos of pro athletes who were treated there. so that gave me confidence that i would be ok. they actually advised against surgery and set me up with a boot and physical therapy asap which is apparently the new thing to do for achilles ruptures or so they told me. 

so from knowing i was getting the best treatment i made sure to follow my pt instructions, do my ""homework"" exercises - basically just work the plan, you know? 

not going to lie, it was hard and depressing and i was scared sometimes of reinjury or of injuring my other leg.  that fear actually helped because it outweighed the impatience and frustration.

oh also i got a bike.  even though i couldn't run for shit for a long time i could still bike at a solid pace. so i guess i'd suggest looking for something you *can* do and focusing on that until you can start building your running back up.",0,0,0,0,0,0,x,0,0,0,
2,"the nba cares about players mental health compared to other sports. now each team is required to employ a full time behavior health specialist to look out for players.   

if you want to say ""well that's to ultimately get positive pr which then leads to more money"" then i don't know what to say because then your belief becomes unfalsifiable to which i can't do anything to convince you otherwise",0,0,0,0,0,0,0,0,1,0,
3,"i am so hungry all the time for this week for no reason. i’m trying to finish my cut i don’t have time for this. 

also i’m still anxious for no reason and not sleeping well. and wondering if my weird sore throat thing is from the mold in the ceiling i still have to live with for another month… which doesn’t help the sleeping thing.",0,1,0,0,0,x,0,0,0,0,
4,"ssri antidepressants? wondering about this myself for other psych meds; lithium and buprenorphine (partial-opiate) for me. there are a lot of human studies on ssris and sexual dysfunction, perhaps you could find some for strength functioning. either way its a hell of a lot harder to work out when depressed so ya.",1,0,0,0,0,0,0,0,1,1,
5,"like people have said, it’s either you have it or you don’t.
you have that mentality when you hate losing way more than you like winning.
when you win, *sigh of relief*. you did it.
but when you lose.. fuck! it feels like everything is falling apart.

btw this is not a good mentality to have. you damage a lot of relationships and your own mental health having this type of mindset. it’s a mindset that transcends just basketball. anything you do, video games, board games, friendly competitions, etc. becomes way less fun because you end up taking it too seriously compared to other people. and sportsmanship? lol fuck that weak shit. kobe may congratulate other players on a win from time to time. but i can bet you anything that he beats himself over it moments after he puts on the fake smile. and when you don’t congratulate and show sportsmanship, you look like an ass. 

you don’t have it if losing doesn’t hurt. a loss is 10x more bitter than a win is sweet.",0,0,0,0,1,0,0,0,0,0,
6,"i stopped weightlifting 5 years ago (pre pandemic i was getting back into it) but i went from being severely underweight to muscular and very healthy. i battled anorexia for awhile, getting to 40lbs underweight. i started recovery and used weightlifting to help me deal with weight gain.

i had more energy than i could remember having in years, i found out i could run long distance with practice, i found out with some work i could have a big booty, and i figured out that proper diet and lifestyle did a lot to make my ibs manageable! i miss my weightlifting days so, so badly. i felt amazing and looked amazing. heads would turn everywhere i went and guys who paid me 0 attention before wanted to hook up (i wasn't single though). women would also ask me for advice and compliment me when before i even developed an ed i would be insulted and accused of having one.

that was the only time in my life i remember feeling like a real woman. i've always been on the thin side and back then i had more pronounced curves. i dressed nicer because i was confident and i had a more womanly figure to fill out clothes. *sigh*",0,0,0,0,0,1,0,0,0,1,
7,"it's clear bill walton blames himself for a lot of shit that isn't his fault. he's called himself ""[john wooden's] worst nightmare."" bill won him 88 consecutive fucking games and two goddamn national championships. [bill walton legitimately believes on some level he ruined john wooden's life which is just goddamn insane.](https://www.gq.com/story/bill-walton-back-from-the-dead-interview)  

when ucla lost a game and broke their 88 game streak, this is what bill walton had to say about his performance:  ""a complete failure on all levels, particularly as a human being. a disgrace to the game of basketball, a disgrace to sport."" bill scored 24 points on 12/14 shooting. when ucla lost in the march madness semifinals he said this:

&gt; ""that failure has plagued me, and will, it is a stigma on my soul, and there's no way i can get rid of it. we could have, we should have won them all, and we didn't get it done. and when you're in that position, it's the worst feeling in the world. that's the timelessness of pain and suffering; the agonizing, the reflection and the endless questioning of yourself. when you're right there and it's there for you and the whole world is watching, and it's recorded as history that can never be changed, that is a terribly heavy burden.""

hilariously though, walton had this to say about donald sterling:

&gt;  ""the checks bounced higher than the basketballs when donald sterling took over. the basketball was awful, and the business side was immoral, dishonest, corrupt, and illegal. other than that, it was all fine.""

anyways, if you'd clicked the link i posted earlier you'd know that walton was like this  cause he struggled with depression at various times. it contrasts with the happy-go-lucky, silly, weirdly loquacious and evocative commentator we know now, but bill walton considered shooting himself at one point in time. he was always so hard on himself, and it's easy to imagine how that combined with the debilitating injuries he suffered as a pro could lead anyone to a dark place.",x,0,0,0,1,0,0,0,0,0,
8,"i did rec gymnastics at a really young age, then all star cheer from 3rd-6th grade which low key traumatized me because of screaming coaches. was level 2 because my family couldn’t handle the time commitment of higher and i had various back tumbling mental blocks at times (i’m convinced if i was a real gymnast i would just be haleigh bryant). did gymnastics for a little while after i quit cheer and was in the level 4 realm (or 5, i think it was right around when the levels were moving down one and 6 became optional?) i didn’t end up competing as i wanted to go do dance with my friends instead, but kept up tumbling and open gym for quite a while. so that was my tour through the cheer/gym/dance realm of sports

also, i am def a vault/floor girly despite loving watching bars and the idea of bars. beam always terrified me. couldn’t do anything more than a cartwheel on it without some major psyching up. i have anxiety, can you tell?",0,0,1,0,1,0,0,0,0,0,
9,"i have a lot of musculoskeleton problem, and pain is the worst thing that ruin your life.

i addicted to pain killer, can't sleep, can't think, can't eat can't wotk, can't do anything.
with 2 surgery, and some therapy it is ok now.

with every sport that push your body at limit, i know it would be worse than me, i just hope it worth enough.",0,0,0,0,0,0,1,0,x,0,
10,"you're right, but i don't think that makes me wrong. :)

guys having being overpaid for whatever reason (bad gm judgement, falling off more than expected due to age/health/team system/whatever) is an issue, true. and systemic one at that, considering that this happens basically every year.

 the fact that then can get bought out and signed by another team for way below ""market value"" (however we define that, i'm pretty sure it's easy to agree that lma and drummond, just as most recent examples, are nowhere near vet minimum players) is another issue, because nowadays it's **expected** to happen, which means that contenders borderline plan for this, and in doing that can a) sign a player knowing all along he'll likely be cut or traded by the deadline, just because they need to fill the garbage minutes with somebody, and that ""background"" definitely won't help said player to find the next team b) use undercutting buyout players as leverage in contract negotiations, forcing others to take paycuts under pretense of ""...otherwise we'll just get one of 5 ringchasing veterans who want to be here"" (oversimplifying obviously).

and even when b) doesn't happen directly, it affects players with similar but ""natural"" contracts, because their in-game value will be compared to ""undercutting"" buyout vets - and it's quite obvious many will be deemed as lesser players thanks to such comparisons, even if not by gms, but surely by overall public, which doesn't help with personal image and mental health.

// fwiw i have nothing against lma/drummond/griffin specifically, or them signing with these specific teams - i still root for lebron, so it's not ""personal"" for me - i just really don't understand why other players don't think this is a worrying issue.",0,0,0,0,0,0,0,0,0,0,
11,"i need help. i'm a very good player, with a terrible attitude on court. on the rare occasions where i can push past my ego andy extremely negative self-talk i can play at a 5.0 or even 5.5 level.

but, the reality is, is that my mental stability on court is so bad i regularly lose to 4.0 and 4.5 players. 

i've watched videos, tried to find online resources, but i haven't found anything that has helped. i love hitting the ball, but hate ""playing the game"" because i can't maintain a positive, or even a neutral, attitude on court. and this in friendly matches against people i know. i haven't played a tournament in years because i'm not wasting money to embarrass myself by losing plus making an ass of myself in the first round. 

if it would work, i'd give all money to a sports psychologist but unfortunately that's not really an option right now.

so, at this point i don't know what to do. i played today and went in with a mental plan and things still went to hell. 

sorry if this is a downer to all these new players within the chat. i've been playing for 20 years, and have too much of my self-identity wrapped up in being a tennis player. coming to the game later in life is great because you can keep it ""a game"" and not let it define you as a person. if you can believe it, im actually gotten much better on court as i've gotten older because i have worked hard to have a success career, am a father and husband to an amazing wife.

i just wish i could let myself enjoy playing the game with its ups and downs. 😔",0,0,0,0,1,0,0,0,0,0,
12,"without going into too much detail, i went and saw a therapist for it, which did help, but nowhere near as much as a combination of these three: 1. physical exercises you can do, 2. ""training"" you can do, and then there's 3. getting control of your mind/practice. 

to break down each:

1. physical exercises - look up kegels/reverse kegels. as with push/pulling in exercise, you must make sure the amount of kegels you do equals the amount of reverse kegels! be careful not to push to hard when you kegel, if for some unfortunate reason you are not using the pc muscle you think you are, the increased pressure can cause varicose veins in your junk, which are painful!

2. for ""training"" look up edging and the masters-johnson technique. the latter has evidence to show it ""cures"" up to 90% of people if used correctly. 

3. getting out of your head, both beforehand and in the moment. the mental side of ejaculation is massive. hence why sometimes you are shooting your load before the event even kicks off, because you are nervous. it is easy to say ""be less nervous"", rather than doing it. but you definitely can make it a reality - as others have said in this thread, a lot of girls don't care, you can please them with foreplay or work around it in other ways to maximise their pleasure. the more you think you are going to finish early, the more likely it is to happen. equally, thinking the opposite, ""i won't finish early"" is still focusing on the end game, meaning your entire mental state is thinking of it as a race still, always focusing on the end. you have to change your perspective and stop thinking about it at all. just enjoy the moment. of course, you will still finish quickly when you start thinking like that and it is easy to revert back to worry, but if you just let yourself enjoy the moment, your stamina will increase over time. 

pm me and i can send you some more advice which i got from a therapist.",0,0,0,0,0,0,0,0,1,0,
13,"couldn’t make it to the gym yesterday because of weather conditions. my anxiety has been high all week and not being able to go to the gym (my happy place) yesterday did not help!! i did a 35 minute incline walk at 12-13 incline on the single treadmill in my condo gym, and some ab work. 

that was good for helping me meet my exercise goals for the week (6-7 workouts) even though i didn’t get the mood boost of being at the gym.",0,1,0,0,0,0,0,0,0,1,
14,"*nba player is driven onto the streets struggling with mental health issues* 

r/nba: kelvin benjamin fat",0,0,0,0,0,0,0,0,0,0,
15,"**complaint:** my training plan is kicking my butt. everything is fatigued and i have a weird...pain?...in my ankle that i can't self-diagnose because it seems different every other day. i definitely feel like i'm not recovering, probably not getting enough sleep. i have to admit i probably didn't have the base for this.

**uncomplaint:** next week is a down week and i think i'm going to skip my gym day and schedule a massage. 

**complaint:** we bought our plane tickets for vegas in february and now the anxiety voice in my head is saying *but what if you can't goooo*

**confession:** i'm excited to be going to a live conversation with joshua johnson tonight because i am queen of the nerds.",0,1,0,x,0,0,x,0,0,0,
16,"couple weeks on antidepressants and ritalin have been a fuckin game changer. happier, more energetic, way more focussed and productive. 

occasionally still riding the ritalin when i train after work so i'm just zoned af. really amped up about everything. 

i'm excited about going work instead of gauging whether or not the morning bus would stop in time if i jump at a certain time. lying awake trying to not break down. 

antidepressants take my mind off sex so my libido lines up with my girl's now. takes me longer to finish during sex and not such a moody cunt so she's really happy atm.

seriously boys, it's so worthwhile to put time and money into your mental health as well as having a fucking yoked body. haven't felt this good in years",1,0,0,0,0,0,0,1,1,0,
17,"^    ***please read [the faq](https://www.reddit.com/r/xxfitness/wiki/main), [the rules and content guidelines](https://www.reddit.com/r/xxfitness/wiki/new_rules), and [current frozen topics](https://www.reddit.com/r/xxfitness/wiki/frozen-topics) before [contacting the mod team](https://www.reddit.com/message/compose?to=%2fr%2fxxfitness)***. this comment is a copy of your post so mods can see the original text if your post is edited or removed.
>u/weeniebeeniepanini
hit the 6 month mark at my gym, and have only added 4kg of muscle. im 5’8, went from underweight and completely sedentary, to having my metabolism checked (super fast)  addressing my nutrition, bouldering, pole, and strength training.

the thing is, i have pmdd, so for roughly 2 weeks out of every month my consistency with exercise drops as i put all my energy into just staying alive lol. could these drop offs really be what’s holding me back? i know you’re not supposed to centre appearance as a goal and it’s as much about mental well-being, but with this cycle i’m in progress is so slow that i can’t see any changes and it’s making me lack confidence that i’m ever going to reach the goals i want, especially when my hormones drop and i become despondent and dejected, seeing some progress, measurements changing or some visible toning up would be a motivator through these lows. 

in the absence of this reassurance that what i’m doing is working as a means of motivation, how can i better structure, or even mentally frame workouts, so that i don’t hit this plateau every time where it feels like my goals are an impossibility and that i should just give up? 
my trainer is male, so talking to him about this all i get is “i just tell myself to stop being a little bitch” which is obviously not helpful when you’re depressed.

i’ve been smashing glutes for 6 months and still have negative ass, please help a girl out !!!

*i am a bot, and this action was performed automatically. please [contact the moderators of this subreddit](/message/compose/?to=/r/xxfitness) if you have any questions or concerns.*",0,0,0,0,0,x,0,0,0,0,
18,"since going off birth control, i feel totally zonked and at about 85% strength the week before my period. i’m also more anxious and easily frustrated. fortunately, my cramps are generally bearable, and don’t start until right before my period, at which point my strength and energy has returned a bit. generally, i just do my best, and cut myself some slack. when looking at meets this year, i’ll try to pick ones that don’t fall on that week.",0,1,0,0,0,0,0,0,0,0,
19,"with the pt test, they take your height and weight.  if you are overweight, they will tape measure you to assess fat vs. muscle.  you also have to get a physical every year, but it seems the main focus of that is mental health.  they do take your blood pressure and other vitals though.  

most people probably don't get cholesterol or other labs just due to the generally younger age of the military. i'm not completely up to date on primary care guidelines, but screening for high cholesterol isn't usually done until you're a bit older.  for reference, i'm 30 and this year was the first time they did it routinely for me.",0,0,0,0,0,0,0,0,x,0,
20,"finding my favorites in every area. favorite healthy breakfast/lunch/dinner (mostly pescatarian), favorite way to workout (weightlifting), favorite workout that doesn’t feel like a workout (hiking with my dog and hand washing my car), etc. also always asking myself “is this sustainable?” (shoutout to the half size me podcast for that) has helped me drop the fad mentality when it comes to diets and setting strict timelines to weight loss goals. sticking with therapy to help balance my moods and mental health with physical health. with all of that i’m much more excited about the process and where i’ll be a year from now than 4 weeks from now.",0,0,0,0,0,0,0,0,1,1,
21,"**5/3/1 bbb beefcake w2d3**

**deadlift:** 10 reps @ 5\~6

**bbb squats:** 4x10

 **widowmaker**: 1x20 (felt my heart pounding on my throat and puked a little in my mouth, really anxious for btm/531 for hardgainers where they are actually programmed)

**dips**: 5x10 (paused at the bottom)

**facepulls**: 5x10 then 50 total rp

feeling good.",0,x,0,0,0,0,0,0,0,0,
22,"well here are my stats:  
5'2"", trying to lose a few lbs, (currently 121 trying to lose about 5), wanting to recomp, get stronger, look stronger and work on skills. dealing with disordered eating, depression, anxiety and add. would love a bud!!!",1,1,0,0,0,1,0,0,0,0,
23,"tokyo — imagine flying through the air, springing off a piece of equipment as you prepare to flip on one axis while twisting on another. it all happens fast, so there’s little time to adjust. you rely on muscle memory, trusting that it’ll work out, because with so much practice, it usually does.

but then suddenly, you’re upside down in midair and your brain feels disconnected from your body. your limbs that usually control how much you spin have stopped listening, and you feel lost. you hope all the years you’ve spent in this sport will guide your body to a safe landing position.

when simone biles pushed off the vaulting table tuesday, she entered that terrifying world of uncertainty. in the olympic team final, biles planned to perform a 2½-twisting vault, but her mind chose to stall after just 1½ twists instead.

“i had no idea where i was in the air,” biles said. “i could have hurt myself.”

biles, who subsequently withdrew from the team competition and then the all-around final a day later, described what went wrong during that vault as “having a little bit of the twisties.” 

the cute-sounding term, well-known in the gymnastics community, describes a frightening predicament. when gymnasts have the “twisties,” they lose control of their bodies as they spin through the air. sometimes they twist when they hadn’t planned to. other times they stop midway through, as biles did. and after experiencing the twisties once, it’s very difficult to forget. instinct gets replaced by thought. thought quickly leads to worry. worry is difficult to escape.

“simply, your life is in danger when you’re doing gymnastics,” said sean melton, a former elite gymnast who dealt with the twisties through his entire career. “and then, when you add this unknown of not being able to control your body while doing these extremely dangerous skills, it adds an extreme level of stress. and it’s terrifying, honestly, because you have no idea what is going to happen.”

the twisties are essentially like the yips in other sports. but in gymnastics, the phenomenon affects the athletes when they’re in the air, so the mind-body disconnect can be dangerous, even for someone of biles’s caliber.

after tuesday’s team final, biles described mental health challenges that went well beyond gymnastics, with roots in the overwhelming pressure to perform as one of the faces of these olympics and in the stresses of the pandemic year. her experience with the twisties is impossible to separate from those broader issues, and regardless, it’s irrelevant to the dangers posed by them.

biles had started to have trouble with some skills leading up to these games. fellow olympic team member jordan chiles, who trains with biles in spring, tex., said biles had been “giving us a little heart attack.”

biles performs some of the world’s hardest skills, including a double-twisting double tuck dismount off beam and a triple-twisting double tuck on floor. to execute those elements safely, biles said, “you have to be there 100 percent or 120 percent, because if you’re not the slightest bit, you can get hurt.” as a 24-year-old veteran, biles realized she might not have been able to regain that mental fortitude.

when biles mentioned that she had struggled with the twisties, former gymnasts flooded social media with empathy. some detailed injuries they suffered after getting lost midway through a skill. one person called the twisties the “the scariest, most uncontrollable sensation.”

“it’s like a nonserious stroke,” 1988 olympian missy marlowe tweeted.

ariana guerra, a former u.s. elite gymnast, dealt with the twisties multiple times during her career. at one point, she trained a double layout on floor and that same skill with a full twist during the second flip. she needed to warm up the double layout first and would worry that she would twist accidentally. the trouble spiraled, and soon, she couldn’t perform a simple back tuck without twisting. she worried about how the twisties could spread to skills on other apparatuses.

guerra would go to the trampoline and tell herself: “just a back handspring. just a back handspring.” at the last second, she’d pick up her hands so they didn’t touch the ground. that was the only route toward performing a flip without her body adding an unintentional twist. after practice, she would do backward rolls — a skill that preschoolers learn — in hopes of regaining that feeling of only rotating without spinning.

“that's how mental it was,” guerra said. it took about two weeks to overcome, guerra said, and she was in the midst of her preparation for an important competition. she thinks the twisties are more likely to surface during moments of stress.

melton had the same issue in which his “body, for some reason, just automatically starts twisting and you just have no control over it.” then, rather than focusing on technique, he’d start thinking about the twisties, which would lead to more trouble. at one competition, when melton saluted the judges and looked down the runway, he couldn’t remember which direction he twisted on his new vault.

for melton, the twisties turned into a recurring problem. he eventually tailored his routines to include skills that didn’t lead to getting lost in the air. “there was no point in trying to fight the twisties at that point in my life,” said melton, who recently retired from the sport.

earlier in his career, melton’s coaches would have him progress through basic elements — first a back tuck, then a back layout, a half twist and a full. but doing so took time. and at his gym, melton could use the pits to eliminate the risk of injury while he focused on working through the issue.

“but when you’re at the olympic games, you don’t have that luxury of training in a facility where you can take a day to do basics, re-control your gymnastics and go into pits,” melton said. “it’s tough when you’re at a competition and you’re dealing with it, because the stress of the competition’s weighing on you.”",0,0,0,0,1,0,0,0,0,0,
24,"would really appreciate some advice - i'm getting back into my lifting and cardio after the gyms finally opened here. i am 5'6, 140ish. i want to cut \~15 pounds. my workouts are 50 min lifting, 20 min cardio, and i run around a bit/up and down stairs.

however. whenever i try to eat less to actually cut, i have these god awful mood swings, lack of focus, lack of energy. how am i supposed to cut when i have this problem? i am a medical student so i need to study basically 8-10 hours a day and i can't afford these lapses..",0,0,0,0,0,x,0,0,0,0,
25,"running literally saved my life because of the same reasons. it's also been shown that cardo might help treat, or even cure some types of mental illnesses like ocd and schizophrenia.",0,0,0,0,0,0,0,0,0,1,
26,"ugh, so i have been terribly depressed due to the new office job and the gym closures and can barely do my bodyweight workouts twice a week.

i can feel my legs getting weaker and now i can't do shit about it because my runners knee comes up again just from walking, and squats make it worse. it started from **one** instance of trying to squat press too much weight plus retail work over 3 months ago. i thought it would get better with my new job and being off my feet but it didn't. i gotta make an appointment with a physical therapist/knee doctor now.

but for now i can't even work out my legs at all which are the main thing atrophying right now, which means when this shit is over and i have chicken legs because apparently i'm too weak to walk without pain at 23, i'll have to bulk up and get pudgy again just to gain muscle and get back to where i **was**. i know i will, i read the damn wiki.

i'm this close to just quitting fitness altogether because all it's ever done for me is make me feel worse about myself and caused me injury. i just want to fucking look like one of the guys in these transformation threads or at my university gym but i guess that'll never happen.",1,0,0,0,0,0,1,0,0,1,
27,"i think by the issue (especially with mental health) is figuring out how much info a team truly needs.

what is “all the info”? 

is it simply a note saying “ben has started seeing me on a regular basis to work on his mental health issues, there is a plan in place”?

is it “i believe ben has developed &lt;insert a specific diagnosis…with or without evidence provided&gt; . this is my detailed plan to help him through this”?

or is it “here are my actual detailed notes of my sessions with ben”?

 they need to bring in an arbitrator. a “neutral” or impartial mental health doctor/specialist that both parties have agreed to and can trust to act as a filter or can look through the notes and give a thumbs up or down without confidentiality being broken. of course that’s unrealistic due to a whole host of issues",0,0,0,0,0,0,0,0,1,0,
28,"when she returned, she had her most dominant tournament win ever at the rogers cup, made the us open final and won the following slam, the 1996 ao. so the attack didn’t hinder her form. what hindered her dominance were her eating disorder and mental health issues caused by her father’s illness and subsequent death (her words, not mine). 

her athleticism was always suspect and all of the subtle technical flaws in her game were exposed on grass. like henin, she never stood a chance at wimbledon. as for winning 25+ slams, that never would have happened. navratilova, evert, graf, serena or any of the big 3 didn’t manage to win 25 slams, please stop being ridiculous.",x,0,0,0,0,1,0,0,0,0,
29,"maybe i’m just tired!!! i’m cleared to do light lifting and walking. perfect for the at home situation. i’m not overdoing it and have been listening to my limits from my body. 

i am sleeping loads at night and 9-10 hours doesn’t feel like enough. i don’t think i’m depressed but perhaps you hit it on the head that i’m still recovering. 

i have a follow up chest x-ray in 2 weeks to see where i’m at. i think i’ll add more naps in. once i leave bed i don’t go back until the evening. and i need to tell my boss i’m still tired. she’s so understanding.

thanks for taking the time to help.",0,0,0,0,0,0,0,0,0,0,
30,sabalenka needs a way to manage her match anxiety that isn't slapping the ball out,0,0,0,0,1,0,0,0,0,0,
31,"had a weak day tuesday because squatting feels awkward as fuck. my office reopened so i'm sitting a lot more than usual so my hip flexors are tight as hell.

also, the fuckwits at my gym won't wear masks and the gym is disgustingly overcrowded because they bought out their local competitor's location but won't actually build anything there.

and they scammed me out of 70 bucks by converting my membership from their competitor over when i was already with them, resulting in me having two accounts and getting double charged. they admitted it was their mistake but will not refund me.

it doesn't feel like i'm truly getting stronger, i'm just upping the weight closer to my 1 rep max and it feeling more and more awkward. for a loose analogy, it's more like i'm ""overclocking"" a graphics card, where the headroom/potential was always there and i'm just inching toward it but never pushing beyond that. despite all these fucking protein shakes and chicken breasts and 4-5x a week phul workouts.

some fucking 20 year old is going from squatting the bar to 300lbs in a year yet my 23 year old ass took 6 months to go from 130 to 180 pounds and am always the weakest and ugliest dude at the gym. i'm just fucking depressed that i'll likely die alone in the current online dating app climate, which is kind of why i'm doing this :/",0,0,0,0,0,0,0,0,0,0,
32,"he's being smart. mental health is a popular, trending topic right now, so he's framing it as a mental health issue, and the reporter as the villain. viewers see everything in binary terms, black/white, good/bad, hero/villain, victim/aggressor. naomi osaka looks very young, she's soft spoken and gives off this shy persona. and the reporter sounds like a middle aged man, with a naturally deep voice, asking a tough question. it's easy to make it look like here's this big, older man, picking on this frail, young woman.

never mind she's a 23 year old professional adult athlete making millions of dollars. again, she has the right to feel however feels, and do what she feels is in her best interest. but framing this as villain/victim narrative is cheap and pathetic.",0,0,0,0,0,0,0,0,0,0,
33,"it's irrelevant whether you hear about it or not. there have been strides made with mental health awareness but it's still so important to be a ""man"" in sporting and black culture.

just look at draymond hurling absolute filth at the referee last game. being aggressive, threatening and calling him a pussy. he put the ref on display in front of everyone. all for a call that the got correct. 

green is an unstable bully and deluded asshole who throws a fucking fit every-time he doesn't get his way. 

yes, sports are high energy, intensity and competitive especially at that elite an echelon. some of this is expected, necessary and you need to be able to deal with it to some extent.  i can't imagine that's a particularly nurturing environment. especially with that much money and complacency floating around. 

all ill say is there's a lot that you don't hear about behaviours that go on behind the scenes.",0,0,0,0,0,0,0,0,0,0,
34,"look at thiem's presser the other day - https://twitter.com/i/web/status/1383870792195182593 - he looks done too. after an exceptional pandemic (and i think the younger generation are more open about their mental health struggles as well as having to face different challenges to those older- to be fair, even djokovic went off the rails), plenty of folk are suffering.",0,0,0,x,0,0,0,0,0,0,
35,"yeah, ultimately the answer is to eat less. but pretending that is super easy for everybody is dumb. that's just like yelling at a player to shoot 40% from 3. like cool, they can try and some will get there some won't. 

for zion, while he may not have said these exact words, he's pretty much has come out and said he gets really depressed when he gets hurt and has to go through the rehab process. he said he doesn't want his teammates or anyone else to see what he's going through it. i wouldn't be suprised if that affects his eating habits. sure he should focus on treating the mental health aspect and keeping his body as right as possible, but that's not always just a simple switch to flip for people.",1,0,0,0,0,x,1,0,0,0,
36,"no worries.

two and a half years ago, i literally broke the right side of my ass by being too eager to see change and not really knowing what the hell i was doing. not having it treated properly (which i didn't know what was really going on and i cannot fault my doctor for thinking it was less severe than it was) and having to continue working through it (i worked in a school cafeteria, which is a hard job with a lot of heavy lifting) only made things worse. then we had covid and months of lockdown where i was too freaked out and depressed to really do *anything* except eat my weight in hot pockets.

so i still have issues with it and it's caused some permanent sciatic nerve issues on that side.",1,x,0,0,0,0,1,0,0,0,
37,"i've become very strict on myself as to which fitness chicks to follow - if they make me feel bad about my own body, i don't follow or unfollow them. i no longer follow the 'bikini body' ladies and instead follow the more muscular powerlifters. yes i suspect a few are on peds, and i'm happy to see the ones that admit they have used peds in the past or are using peds rather than lying. 

at least the ped usage is a bit more obvious with the super strong ladies than with the bikini models who claim it's all weird exercises and shakes and 'good genes', and i'm more in awe of their strength than comparing their body to mine and feeling bad about my own. 

yeah, this does say a bit about my own self confidence and my need to compare myself to others, but your mental health is important ladies! your social media shouldn't leave you feeling inadequate, it should empower you and inspire you.",0,0,0,0,0,1,0,0,0,0,
38,if it’s mental health related wouldn’t the team help him out with that instead of just cut him? something isn’t adding up,0,0,0,0,0,0,0,0,0,0,
39,"well, the author stated that they've blown off breakfast, lunch, dinner, vacations, dates, and have ruined relationships and friendships, all just to get a run in - on top of feeling incredibly anxious when they don't get a run in... i think that's a pretty good way to disentangle a passion for running and point towards it maybe being an addiction. i'm not a professional though. i don't see anything in this article serving the purpose of trying to undermine the perception of being healthy and it seems like, from my point of view, people only read one or two sentences in the actual article and then got sensitive in these comments.",0,1,0,0,0,0,0,0,0,1,
40,"bench still moving up slow and steady, 215 for 5x5 today. 6 on last set amrap, maybe a 7th in the tank. started taking sleep/eating a lot more seriously and i feel a lot better. additionally, mental health wise i've felt the best i have in a long time. cya later lexapro :)",x,0,0,0,0,0,0,0,1,x,
41,"i know the short daily runs are of no physical use, but in terms of my mental health i find them invaluable. i'd probably rather ditch the race than the running streak (although it shouldn't be necessary to do either).",0,0,0,0,0,0,0,0,0,1,
42,"sorry, second post.

further [to this question](https://www.reddit.com/r/xxfitness/comments/nmue4c/daily_simple_questions_thread/gzqscml/) about amazon prime yesterday, i'm doing price comparisons for loads of items that i buy regularly (ivf supporting vitamins, greens powder, collagen water, dry cat food, laundry detergent etc etc) and am very happy with what i'm seeing, i can even set up regular scheduled deliveries for things that are a pain in the ass to buy at the supermarket because they're bulky or heavy (toilet paper, aforementioned cat food and laundry stuff).

this is honestly so useful for me.  i had been having lots of really negative  / anxious thoughts recently about how i'm going to cope when i have a baby and have to go shopping for all of this sort of shit on a regular basis.  i already feel mega tired on weekdays when i go to work, then the gym, then the supermarket and then come home and eventually end up having dinner at 8.00pm.  doing all that with a baby and while sleep deprived has been a future problem that i've honestly been really worried about.  having heavy items delivered to my home, and for free, and on a regular schedule is something i can check off my 'problems for future janie' list.

anyone have any bright, time / energy saving ideas that have 'amazon prime' as the answer?",0,0,0,0,0,0,0,0,0,0,
43,"i've asked a couple times on here but this is just killing me. over a month and a half ago i did a long run and after the run, i've had left testicular pain since. i've been to three doctor's and got std testing done (just in case) and it's not a hernia (from what they have felt and the ultrasound i got done) and every response has been rest and ice with pain relievers. which i have been doing since. 
i have not ran, i do walk a lot because i'm a server so i'm just on my feet working and it has not improved. just had an appointment today with a urologist and same thing rest and ice. 
how long does whatever this is take to go away? have any men had any experience? if i'm told to rest and ice again i'm going to flip. 
i've also been just really depressed and not myself with not running, also don't have much focus at work or in general. it's killing me",0,0,0,0,0,0,1,0,0,0,
44,"""fanatic"" and ""judgy""? no. i am the *opposite* of judgy, and i have had serious health problems myself. i know how hard it is to be obese, how hard it is to lose weight and change a lifetime of ingrained bad habits, and how hard it is to have multiple medical diagnoses that can hinder that in different ways. it's wonderful that you grew up privileged enough to have a varied diet and plenty of movement, but not everyone is so lucky. 

at different points in my life i've had to fight through gallbladder removal, hypothyroidism, diagnosed binge eating disorder, a herniated disc, and insulin resistance, in that order. don't you *dare* tell me that i'm ""judgy"" when my personal experiences make it so that i know how difficult things can be that privileged people like you think are easy. don't you *dare* call me a ""fanatic"" because i think that people who actively live a healthier lifestyle are people that should be looked up to. 

the only judgmental one here is you, judging the obese/formerly obese and those of us at r/loseit for having the audacity to try and learn to emulate the good habits that we weren't given.",0,0,0,0,0,1,0,0,0,0,
45,"and while cutting weight can make you faster to a point and in the short term, it also drastically increases injury risk and the risk of eating disorders which are huge problems in women's distance running, and means you are training under-fueled. 

for example, mary cain, whose famous ny times piece is titled, ""i was the fastest girl in america, until i joined nike"", and molly seidel, who has been very vocal with her eating disorder history and how she missed entire years and seasons literally not being able to walk due to her injuries. tina boone has also spoken out about her experience with this, as well as elise cranny and olympian jake riley. and trust me, there are many more. i even saw it as pretty common on my high school cross country team.

limiting calories inevitably hurts performance, but even if it didn't, the health impacts can be really devastating in men and women:  [https://www.runnersworld.com/uk/health/a33589189/red-s-relative-energy-deficiency-running/](https://www.runnersworld.com/uk/health/a33589189/red-s-relative-energy-deficiency-running/),  [https://www.trainingpeaks.com/blog/the-risks-of-relative-energy-deficiency-in-sports/](https://www.trainingpeaks.com/blog/the-risks-of-relative-energy-deficiency-in-sports/).  [https://ryortho.com/2020/04/red-s-accidental-under-fueling-and-the-male-cyclist/](https://ryortho.com/2020/04/red-s-accidental-under-fueling-and-the-male-cyclist/) 

i'm sure kara is speaking out about this because it is extremely common at all levels of competitive running, and frankly across the weight spectrum.",0,0,0,0,0,1,x,0,0,0,
46,"i have so many issues with this but i’ll address the most pressing ones. 

1) tom clearly believes marta’s greatest evil was team selection. when in fact, that was literally the only good thing she ever did well. if he believes that that’s where the cultural problems stem from, he has no understanding of how to actually address the issues of abuse that exist in the sport. that’s disqualifying

2) his team selection process wasn’t transparent because athletes obviously didn’t understand what was expected of them. myk, grace, kara, riley, morgan, shilese, i could go on. they all were confused about what they needed to do to make trials and the team. he also spent years acting like a dick and dodging questions from press about team selection until the one time he didn’t and then, oh wow, turns out he fucking lied. additionally, going by rank order isn’t realistic if domestic scoring isn’t reflective of reality. which it isn’t. obviously. also, skinner was justifiably left off the 2016 team just like theresa kulikowski was justifiably left off the 1996 team. it’s been 25 years, thomas. i was still in diapers when that happened. get over it. therapy is easier

3) jade didn’t outscore skinner all year because jade wasn’t doing her full difficulty because she didn’t need to. she didn’t even need to compete. she had her training plan and knew she was aiming to peak for the games. she didn’t have to peak at trials like everyone else. i was incredibly annoyed when jade decided to go the route she did, but brian carey obviously knew something we didn’t and knew they were going to have to take jade’s fate into their own hands. jade wouldn’t be an olympian if tom had his way. and that’s absurd

4) she’s implying that the people criticizing tom are mentally ill? fuck off with that bullshit

5) team usa is going to be competing in less than 12 hours. lori should kindly shut the fuck up and stop making this about her. because it isn’t. every ounce of her energy should be directed at supporting simone, grace, jordan, and suni. every fucking ounce. don’t get pissy because tom is getting called incompetent. because he is, in fact, incompetent",0,0,0,0,0,0,0,0,0,0,
47,"hey yall. i just signed back up at the gym for the first time in about 8 months. my reason for stopping before was some mental health stuff that got serious, and blah, cutting to the chase, i'm on antidepressants.

nbd really, but i really gained a bit of weight(about 20 pounds, and none of it muscle tbh...), my diet didn't change(if anything i'm eating a bit less than before).

my question specifically being, for those of you that are on ssris, did it affect your weight? should i be trying to cut more to lose it quicker and then try to bulk up? should i be concerned about the meds doing this much in this little time?",x,0,0,0,0,x,0,0,1,1,
48,"1. it was to say i did it.

2. in the process of training, i came to love the 21k distance and now i exclusively focus on that.

3. i run for mental health reasons and the marathon was too much and i noticed diminishing returns over a certain distance. when i commit to something, i go all-out as a perfectionist and if i start to lose motivation or if i don't achieve my goals perfectly, i get anxious and depressed and beat myself up over it. as the marathon training required more and more of my time, i became anxious and started slacking in other areas of my life which caused further stress and anxiety -- but i couldn't quit training because if i don't run this marathon i'll be a fuck up and not worth the air i breathe. so as the weekly mileage became longer, i threw myself at it harder, verbally abusing myself and becoming more depressed and just wanting to get it over with. i approach everything in my life this way and it's not healthy; i need therapy but nobody is taking new patients. instead i keep everything manageable and balanced so that i can put as much energy into my hobbies, work, and social life as i want without one suffering at the expense of the other. this is why 21k is a perfect distance for me because i can balance it with everything else.",1,1,0,1,x,0,0,0,0,1,
49,"earlier this week i failed for the first time during a squat. it was at a weight i'd worked up to over the course of a month, not a one rep max or anything, but a weight that i've been able to complete, not easily but not like i ever previously felt out of control. i had been working in on the rack with someone else who was able to jump in and help me, and if it hadn't been for that i would have really hurt myself.

i'm fine now, but i was pretty emotionally affected. i carry a notepad with me and track my weights each week, try to be super careful, but i just felt so stupid. sure it was embarrassing, but it was more like i could have really hurt myself and it was honestly a scary sensation. i had never experienced anything like this, like my legs just gave out and there was nothing in the tank all of a sudden. i've been losing weight so maybe that's what happened? i went back to the gym the next day and everything was fine (even joked around with the guy that helped me out, saying he wouldn't have to 'rescue' me today) but i ended up taking a few days off.",0,0,0,0,1,0,x,0,0,0,
50,ooof. i can’t imagine! running is the best therapy.,0,0,0,0,0,0,0,0,0,1,
51,"anyone talking shit about his work ethic knows nothing about zion. dude is a monster in the gym, and is legit fighting depression off the court because he wants to play and be healthy that badly. he went to oregon just for the isolation and to fully focus on rehab and working out in the nike gyms with elite training staff. 

he’s not off the court eating doritos and chugging dew while playing cod",1,0,0,0,0,0,1,0,0,0,
52,yea he hasnt handled this very well but being anxious due to a situation like this is completely normal.  it does not completely absolve you of your responsibilities and he has shown he is barely willing to do the bare minimum.  the sixers gave him the 8 mil they were fining him for one day of showing up in good faith and then he got thrown out of practice because he didnt want to face the media.  really hasnt been engaged or communicating since.  not a good look.  the fact his agent is attacking the team when they have done nothing but accommodate and try to help him during his mental health struggles kind of says it all.  if they weren't doing so it would be the biggest shit storm ever but they are still calling the sixers the big bad guys.  it doesnt make sense and frames it in a way that he just wants to be paid for not showing up.,0,1,0,0,0,0,0,0,0,0,
53,"**sampras**

basically his entire 1990 uso run. in his last four rounds, he beat: muster (defensive baseliner), lendl (offensive baseliner who’d made eight consecutive uso finals, and had a game designed to take down serve-and-volley), mcenroe (one of the game’s best serve-and-volleyers), and agassi (offensive counterpuncher with a game designed to neutralize any big servers). and he beat them all, four different game styles. 

1995 ao qf - he was really hurting after his coach collapsed and had to leave australia. went down two sets to courier. just kept acing courier by the fifth set and crying in between points. 

1995 us open final - agassi was on a 26-0 streak post-wimbledon. nobody had ever completed the summer sweep, winning all the major american summer hc events (since done by rafter in 1998, roddick in 2003, and nadal in 2013). and yet, sampras beat him handily. 

1995 davis cup final vs chesnokov - sampras’ worst surface was clay. by far. his serve was most neutralized on it and clay doesn’t really benefit attacking tennis. the team was blunted by agassi’s chest injury. and yet, he had a brutal five-set thriller, where he won a key match to help his team win. he famously started cramping on match point and collapsed right as the match was won. 

1996 fo qf - courier was a brilliant clay courter. sampras was not. so going down two sets to him was a death sentence, but sampras fought back and reached his first and only sf in paris. 

1998 wimbledon f - ivanisevic had a great game for wimbledon, and had sampras dead to rights in that second set. however, sampras flight back and won a five-set thriller that left ivanisevic devastated and resigned that he’d never win wimbledon (making his 2001 triumph all the more sweeter). 

2001 wimbledon r4 - the only match he ever played against federer. 

2001 uso qf - this is still considered by many to be the greatest us open match ever. every set went to a tiebreaker, there wasn’t a single break of serve, and it’s overall one of the finest sampras/agassi duels. 

2002 uso - his last hurrah, he wasn’t seen as a contender. but he trashed roddick in the qf, and jumped to a quick lead against agassi in the final. not the only time a 17th seed won a slam after some questions on whether he’d do it again, beating his biggest rival in the final. 

**agassi**

1991 fo f - heartbreaker for agassi, but a great battle between him and courier. 

1992 wimbledon f - grass was agassi’s worst surface. his baseline style wasn’t conducive to good results on grass. and yet, he beat mcenroe and ivanisevic to finally get his first slam. 

1995 ao f - only time he beat sampras in a slam final, and he did it in style with some remarkable grit in the third set tiebreaker. 

1996 olympics - he was in a massive depression after losing the 1995 uso final, but summoned it up to win a gold medal. 

1999 fo f - won just three games in the first two sets. down break point in the third, having just missed five serves in a row. he pulled back from the brink and won in five, getting the career grand slam he desired. not the only time a guy beat someone named medvedev to get a career slam. 

1999 uso f - todd martin isn’t a household name. in fact, most modern fans probably know him as the dude who fucked up djokovic’s serve in 2009. but martin was a sneaky competitor, who wouldn’t let any competition go down easy. and he pushed the best version of agassi to five sets, where agassi showed off his newfound maturity once again to pull it off. 

2000 ao sf - one of the best agassi/sampras battles, agassi was on the brink of defeat. he’d just lost two tiebreakers in a row (including a wash in the third set), and had to win one in the fourth to keep the match going. he did it, and completed the comeback. he’d go on to win, establishing a 27-1 record in the last four slams. 

2001 ao sf - five-set thrilled with hometown hero rafter. 

2003 ao - his most dominant run. 

2004 ao sf - safin realistically should not have had trouble against agassi, and yet agassi pushed him hard despite dropping the first two sets in tiebreakers. 

2005 uso f - you’ve probably seen this one, but still a remarkable fight from agassi.",x,0,0,0,0,0,0,0,0,0,
54,"muscle spasms, mental health, localized pain...

you really think there are zero things they could lie about?",0,0,0,0,0,0,0,0,0,0,
55,"to quote a good friend encouraging me through a similar situation: ""i'm increasingly of the option that no one is actually lazy. they're just in need of mental rest for some reason or another""

if you injured your leg, you wouldn't feel guilty for taking 6 weeks off to let it heal, right? give the same respect to your mental health as you do to your physical.",0,0,0,1,0,0,0,0,0,x,
56,"if the suffer is related to anxiety...

i used to feel this way and what worked for a warm up, get the heart rate high, then walk until the heart rate is comfortable and then start running.

for me heart rate and anxiety are intertwined some times so that mini cooldown before starting the real cardio was almost like a mental check that this is exercise induced heart rate not upcoming panic attack.",0,1,0,0,0,0,0,0,0,x,
57,"he talked about how he worked with a sports psychologist throughout the series and it all came together in the end and he managed to overcome his mental block.

seeing fans losing it when he sunk those free throws was hilarious. truly a great game 6.",0,0,0,0,1,0,0,0,1,0,
58,"hi, so i have to take a rest from lifting and working out in general for at least 1 month due to a shoulder injury. i probably made it worse by lifting more than 3 weeks with the injury. never expected this but working out can be like an addiction... can someone tell me how much this will impact my muscle mass? it sucks because i managed to go 6 days a week since february and now finally my abs were coming through, my arms looked bigger than ever and my chest looked much more defined. now i'm scared to loose all that progress.

also, should i still aim to hit my protein goals even though i can't work out?

i guess my best option is to just cut and get my body fat as low as possible and once i can hit the gym again do a clean bulk?",0,0,0,0,0,0,1,0,0,1,
59,"i don't think i've necessarily been in an exactly similar situation, but i definitely have dealt with anxiety and depression - sometimes i have episodes that last for weeks or months, and i find myself needing to utilize certain coping mechanisms to get through the tough times. i absolutely love music and used to play guitar a lot as a teen - i hadn't been playing regularly for a long time, but i've been having a pretty tough year, and recently, i made a promise to myself that i would play/practice for a minimum of one hour a day. i've fallen back in love with playing and more often than not, i surpass my daily hour minimum of practice, some days not even being able to put my guitar down (had a quiet day off at home today and played that thing for several hours). i would compare playing guitar and lifting weights as being similar in how they help me with my mental health - both activities i genuinely love and am passionate about, and i'm able to put all my anxieties and struggles aside during the time that i am playing or lifting.  it's either just me and my guitar, or me and the weights. everything else in the world goes away and i feel great.  i'm not sure if you would be interested in learning to play an instrument, but if you love music, perhaps you will consider it.  music is truly healing and being able to focus on something like learning a new musical skill is incredibly rewarding, makes me feel very good, and helps me to quiet down my anxiety. all the best to you and take care of yourself, xx.",1,1,0,0,0,0,0,0,0,0,
60,"living alone, i got hit hard with weight gain early in covid. i gained the 15lbs that i lost over 6 months and gained them back in 2 months. i completely lost the will to run or bike. depression and anxiety were a one two punch i didn't see coming.   
i was able to tell my friends on fb to be kind to themselves but was unable to offer myself that same grace.   
thankfully, my therapist could see things were off and probed the right way and everything poured out. when i closed out that zoom i had a script for anti anxiety meds.   
that was the start of the road to recovery.  once the anxiety was controlled i was able to muster enough to make better food choices, and slowly put one foot in front of the other.   
i started reading the words i wrote for others as messages of self love to me from someone else. it may sound silly, but someone else praising me feels good where doing it for myself feels self indulgent.   
please be kind to yourself, and know that i and many others on this thread are very proud of you. both for talking about this and for not giving up.  backslides happen on the trail of life, as long as we don't stop, we are making progress, every step counts.",1,1,0,1,0,0,0,0,1,1,
61,"i do agree with your sentiments. the big matches thrown away are mounting up… to the point that i don’t know people will ever fear playing him. they know he can’t serve, and they know he can’t serve shit out… as someone that never misses sinner matches, every time he breaks i know like 70% chance he hands it back straight away. any time he goes to serve out a set/match… like 95% chance he won’t… regardless of opponent, every match is always in the balance.

do you think sinner needs a full time sports psychologist to travel with him? would that fix the choking / unraveling from winning positions? he can get to 40-15 pretty easily, then next moment it’s at deuce and he’s broken. on the other hand, he’s great from 0-40 down… hit 3 clean aces in the blink of an eye… has to be mental.

and i do agree with some  of these journalists that he should beat lower ranked opponents “quicker”. (and save his energy and body). he also *has* wasted a lot of good opportunities this year… so some of those criticisms definitely are valid. but the delivery just feels sinister - especially when based off a poor davis cup performance of an irrelevant match. hope they were aiming for tough love and not malice… it’s just so harsh - he’s working hard and obviously trying.
there was a different comment in the media yesterday saying if sinner wants to become a champion, he needs to stop being the “good child”, because currently too nice (too soft) to win…

imo the disconnect is the serve. that damn serve seems to be getting worse day by day - as much as cahill and vagnozzi are prioritising working on it. and i still contend if he didn’t opt to serve first and have 3 double faults in the first game kill his serve confidence, he’d have won that qf vs alcaraz. i’ll never understand that choice when his serve had been poor throughout the tournament.",0,0,0,0,1,0,0,0,1,0,
62,"anyone else just downright strugglin right now? i truuuly spiraled the last few days, binge level eating all weekend, taking out a bottle of tequila (when i was trying to not drink this month), crying on my couch for a whole hour last night, having a real sad sad sad me party. the thing is, life should be good right now. i just finished 12 weeks of a strength cycle that highly paid off, i've made some steady body image progress, i have a job with good pay, i have family and friends, i've been hanging out with/getting close to an actually good guy who's been on my radar for 10+ years... and still here i am digging so deep into the big sad. i've struggled with mental health shit since i was a teenager so i should know better than to think it will just be fixed when things are going well. it just feels unfair because i'm finally getting to a place i want to be in life and my brain is like ""nah gurl, you're always going to be this way, sad and anxious"". not to mention with the state of the world right now, my ""feeling worse for feeling bad in the first place"" spiral just don't stop. i'm feeling a little better today and realize this is an issue that i can only fix myself but oof. life is just heavy. vent sesh over. thanks for the safe space to let it out, yall rule.",1,0,0,0,0,1,0,0,0,0,
63,"you may want to read the book: ""the inner game of tennis."" it focuses on the mental aspect of skill acquisition. specifically, it talks about the 2 ""selves"" within the athlete - ""self 1,"" the observer; and ""self 2"" the doer. ""self 1"" constantly watches what ""self 2"" does and makes judgements, and is always trying to do the right movement - ""i have to hold the racket just like this, and swing just like that, just as the ball comes right here at this time,"" and if anything goes wrong, ""self 1"" is overly critical (i'll never be good at tennis).

the point is, the overly-critical, overthinking self 1 gets in the way of self 2 from actual performance. when self 2 is allowed to perform without thought and judgement, performance improves. it's pretty touchy feely stuff from the book, but there's substantial evidence from sports psychology literature: less thinking, more doing leads to better performance outcomes, whereas overthinking the process (""i have to do it this way!"") and outcome (""i hope i don't miss"") leads to increased anxiety and tension, resulting in decreased performance.

so, what should you do?

try to let go of negative perception of your performance. that is, don't think about missing lay ups as screw ups. the book calls it ""non-judgemental awareness."" just be aware of how your body is moving and note the outcome. and make adjustments as necessary. i wouldn't focus on too many tips or form cues. i would try to minimize cuing. for example ""soft touch on the backboard,"" or ""jump high and leave the ball,"" or something simple. or try a visual cue, like top right corner of the backboard. keep it simple. really, just try to think less.

your body knows how to shoot and make lay ups. just let it do what it does, and try not to worry about it. and of course, practice often.",0,0,0,0,1,0,0,0,0,0,
64,"kind of depends on why you are going to the gym.  if it’s to change your body then you will start to see noticeable results after a 3-4 months of consistency in diet and exercise, maybe sooner.  once you start to see progress it tends to be easier to keep going.

from a mental health perspective it’s a little harder to say because “feeling better” is a pretty squishy goal and since it’s hard to remember how you actually felt even a week ago (at least for me), it’s hard to know your progress over time.  so i would say you should reframe the goal there a little bit.  maybe work on cultivating a sense of accomplishment or perseverance.  that will be much more evident after a workout and over time strengthen you mentally.  

the other major mental health benefit with exercise is that it brings you presence if you are doing it intensely enough.  similar to what meditation can do once you get good at it but easier to control imo.  i don’t have depression, but i do have an anxiety disorder and this has been the main benefit of lifting/exercise for me in regards to affecting my anxiety.  if you are lifting heavy or pushing to your breaking point with cardio it’s essentially impossible to think about anything outside of that exact moment.  and for someone with chronic anxiety issues that is a slice of absolute blissful nirvana.  you might find it to be the same.  if you are finding your thoughts wandering in the middle of an active set or cardio, you probably aren’t pushing hard enough.  at least that’s what i’ve found.",0,0,0,0,0,0,0,0,0,1,
65,"she has issues that can be detrimental to her - fine. mental health is important - fine. however her chosen method of dealing with this is to conflate her own personal anxieties to every player and feeling that somehow she is speaking for all other players.  wrong, wrong, wrong.  if she has anxiety issues due to a coming match those issues were not caused by the media, but having to deal with the media can certainly add stress.

she is doing a disservice to people suffering from mental health or extreme anxiety.  maybe she can take a page out of the williams playbook and confront a reporter who asks asinine questions.  take a page from serena and venus who wrapped themselves with their family.  their family was all they had especially in the early days when so many treated them horribly - and that included reporters, tv commentators, and so many who were not their fans.  the vicious racial and sexist gauntlet that they went through is wayyyyyyyy more than you have ever or will ever experience.  whatever they did was criticized and so they gave away very little in their pressers and guess what?  they were excoriated for doing that too.  serena was and still is labeled false.  ha!  naomi is in the big leagues now.  grow up and realize that just because you don't like something you dont threaten to stop playing as she did at the uso or in this instance by boycotting the press without a heads up that she was doing this.   did she consult with her pr folks, her coach, her parents?

i am all for change and speaking out, but you don't lob grenades at people and expect everyone to still fall at your feet.  sge is young.  i hope some mediation is going on behind the scenes.",0,1,1,0,1,0,0,0,0,0,
66,"it's also not hard to believe that someone like ben, who already got way more than his fair share of criticism and hate, might decide that letting the general public in on his mental health struggles might not be the best idea. want to know why the team didn't know before? because it's his personal business that wasn't affecting the team until it did, at which point he let them know what was going on. 

the further we get from all this the worse this is going to look for the sixers, fans and nba media. supporting mental health is cool until a team has the option to fuck over a player going through serious mental trauma; then the player's mental health issues are all made up and he deserves to suffer.",0,0,0,0,0,0,0,0,0,0,
67,"ugh, this makes me feel awful. i can relate in my own way….

i played professional tennis (mainly on the challenger tour), and had to quit due to repeated injuries/surgeries. i developed chronic pain in my back/knee, and was on strong painkillers for years to “treat” it. every time i tried to stop taking the medication i was prescribed, the panic attacks were insane (which was almost nothing compared to the physical pain opiate withdrawal involves, but still)….the way soderling describes it is pretty spot on. 

panic attacks, from any source, are awful. as opposed to a physical injury which can usually be fixed, mental illness feels helpless because you can’t really just “fix” it, and it does feel like it’ll never end. it feels like your brain is just spinning out of control &amp; your thoughts race…this manifests in heart palpitations, sweating, inability to eat, shakiness, and much much more. him begging doctors to knock him out is not uncommon at all. 

anyways, it’s a long battle and i hope he’s come out the other end",0,1,0,0,0,0,1,0,0,0,
68,"dieticians are an essential cog in the healthcare system in managing nutrition related *health issues.*  this includes but is not limited to: managing the nutrition of hospital patients with multi-faceted issues, managing food-related conditions such as celiac or crohn's disease, as well as treating patients with eds or obesity issues.  given the expertise required, and complexity of this job, i fully support state licensure and enforcement.

but i think there is also a space for 'health coaching' which may include advice about diet and food.  the general public is woefully uneducated about basic nutrition, and getting **basic** advice from someone with just a little more knowledge can be helpful.  the sticky wicket is how to define **basic.** i have no idea how to define the nuance, but here are some general examples of the way i think it should work.

* starting a new workout plan and need food advice? - health coach
* starting a new workout plan while recovering from bulimia? - dietician
* want to drop a few pounds before $event (wedding, reunion) - health coach
* need to drop weight before a planned surgery? - dietician
* looking to eat better to support a healthy active lifestyle? - health coach
* looking to eat better and be healthier while managing high blood pressure and crohn's disease - dietician.
* health coach gets a brand new client wanting a food plan for $goal.  before health coach creates and sells plan, s/he must query client for basic health status.  if client has $conditions, health coach is required to reject client and refer to a dietician, as health coach is unqualified to manage the nutritional complexity of this particular client.  

i have no idea how one codifies this difference into law and enforces it, but this is my idea on how it should work in a perfect world.  i hope people smarter than i are working to implement a common sense approach.

i am uneasy with the new florida law.  
first, as far as the woman who was shut down, her business was called consulting nutrition.  that name implies she is a qualified expert in dispensing nutritional advice.  she's not, she is just a crossfit coach.  the complaint filed by a dietician was fully warranted as this woman's business name was conveying an expertise that she did not possess.

second, the way i understand this new law, it is written to benefit only crossfit coaches.  i have a problem with the way crossfit has manipulated the legislative process to benefit its business.  if you are going to relax the qualifications to dispense nutritional advice, it should not apply to a single business or entity.

i appreciate the op.  interesting topic, and i have the feeling this issue will surface again, because food and nutrition is essential, and people are woefully uneducated.",0,0,0,0,0,x,0,0,0,0,
69,"it makes me feel good and helps me manage my mental health. if i ever feel anxious or depressed, i go work out. i try to focus on the positive emotional benefits of working out and that keeps me going back for more.",1,1,0,0,0,0,0,0,0,1,
70,"finally throwing in the towel on deathbench. two weeks on a 95% tm lead to failing my main sets day one and dropping my tm to 90% still didn't help, as i failed again today. just need to accept that i'm not advanced enough for the program when my form is breaking down by the time i get to my last few bench sets. 

guess i'm replacing it with nuckols 2x int bench because my squats and deadlifts are generally going well. sad it didn't work out because i really liked the accessory work setup, but i need to swallow my pride and just do something easier.",0,0,0,0,x,0,0,0,0,0,
71,"i’m all for owning up to mental illness. hell, i’ve been hospitalized for my problems. it’s tough to talk about. it makes it so much tougher when people use it a convenient excuse to recoup money they forfeited.

his mental health was too severe to sit with the team all season, but now that he’s filing a grievance, he can come back to the sidelines? when embiid and tobias told fans to cheer for and support simmons, he couldn’t make an appearance because of his mental health issues. but now that he’s expecting to get mercilessly booed they’re cleared? fuck ben simmons. he doesn’t deserve a platform, he doesn’t deserve that money, and he doesn’t deserve to play a game of basketball again",0,0,0,0,0,0,0,0,1,0,
72,"i do recommend working out actually, especially something with weights (that might be my bias, though, that's the thing i like doing). it's a great way to increase your appetite, even though you're using more energy. it's also just really good for your physical and mental health, and at least for me, has benefitted my self-confidence a lot. to prevent that from causing weight loss, i would count calories more carefully to make sure you're eating at least at maintenance, focusing on more calorie-dense foods (you can pack a lot of protein, fat, and calories in a smoothie!). it's really difficult to out-exercise your diet (that's a problem a lot of people have who are trying to lose weight in the gym!).

that said, big caveat! you're still growing, and your body is going to change likely into your 20s. i was a super skinny kid, very petite, (i remember thinking i would never reach 100 lbs) but in my late teens/early 20s i suddenly had big boobs and my hips just opened up out of nowhere. you can probably get a sense of where you're likely to end up by looking at your older female relatives.

i know it's really difficult when you're in the middle of it, but also try not be too discouraged about the process. your hormones are in flux and we don't have much control over how we grow. the best thing you can do is move in ways you enjoy, eat nutritiously in ways you enjoy, and set yourself up for a solid relationship with your body going into adulthood.",0,0,0,0,0,0,0,0,0,1,
73,"dude, you are way over anxious about this. my advice, just go bench and do it a bunch of times. maybe just put a light weight on the bar and practice racking it after each rep to get over the fear. 

if you have safety's they'll catch the bar if you miss the rack anyway. but i've probably racked a bar over 1000 times and never missed so badly i dropped the bar.",0,1,0,0,x,0,0,0,0,0,
74,"i don't know how to describe it, it's just a lot less mentally daunting for me to try to hit 15 reps in more sets of 3 than it is to do it in sets of 5, my body has this weird anxiety signal of telling me i'm going to fail and need to stop well before failure. it feels like sets of 3 would counteract this as i would have less of that fear of failing

5 rep sets or higher really psyche me out",0,1,0,0,1,0,0,0,0,0,
75,"i had to cut off a guy who has been treating me terribly and played me pretty hard (only used me for sex and is the first guy i’ve ever kissed/held hands/slept with since i don’t trust easy lol). i blocked him on everything and nursing a broken heart. yesterday i blocked him i had to lift that night and everything was so heavy. i got in my usual numbers with a pr on hip thrusts but my usual hour workout was an extra 30 mins. in between movements (deadlifts to bench to squats) i was spacing out heavy :(

i’m really hoping heart break gains are real. i feel like an idiot, but at least my diet and physical health are on point. now to focus a little more on those mental health gains :) ❤️

does it get easier? 

edit: thank you to all the comments and kind words. i’ve been reading all of them and slowly replying during slow moments at work. i love this community ❤️.",1,0,0,0,0,0,0,0,0,x,
76,"&gt; and i'm afraid i'll just come back to eating right and running in a way that will just cause me to relapse again :(

do it in a way that's sustainable! any plan is no good if you know you can't follow it through.",0,0,0,0,0,1,0,0,0,0,
77,"i hurt my shoulder right on my rhomboid playing basketball and re-injured it working out. it’s been almost 2 years and it’s never healed. i’ve tried everything from months off, physical therapy, ice and heat, cortisone shots and a chiropractor. 

i’m self conscious since naturally skinny and unable to workout. is there any way to build my chest without putting any strain on my upper back or under my right armpit where the pain extends?

thanks i’m advance for any advice!",0,0,0,0,0,1,1,0,0,0,
78,"ummm yes. and they all do it. so all of the pros are doing it to perfect their strokes and their fitness. but at the end of the day. the reason federer ended up with 20 slams and roddick 1 is the mental aspect. 

everyone talks about the reason serena wins is her serve and yes. the serve is great. but if see gets to the line and isn’t their mentally. the serve goes and she’s not firing off aces match point down. 

look at kim clinsters. coulda had tons of majors. but she spent the first half of her career choking.  players talk all the time about having to go to sports psychologist to help them with the nerves. 

but thank you for showing you don’t understand the game.",0,0,0,0,1,0,0,0,0,0,
79,"i had been out of treatment for my eating disorder for a year but wasn't happy. i hated my body, my relationship with food and everything. basically it felt like i had just gotten out weight restored but nothing else. i had started a new job that i loved and paid well. i knew about this gym that had just opened and was teetering on the edge of a relapse. i had come so far and worked so hard that i didn't want to give up. i hired a trainer at the new gym to keep me accountable and show me that there was more to the fitness world then just running on the treadmill. that will have been two years ago in august and i'm never looking back!",0,0,0,0,0,1,0,0,1,1,
80,"your psychologist hit the nail when he say cut off with him. keep telling everything what happend to you, he's your biggest support atm.

you're suffering again thanks to that tennis coach for being a complete asshole. denounce him for harassment, if you can. i think you should to sign a contract try to find a grey spot where you can do something about his behavior.

find another way to keep playing tennis, you love it and you shouldn't renounce to play it because it make you happy. there're others coach for you
.
when you're depressed, it easy to point out what is wrong in your live but never realise how many good things you have, keep in mind that.

what your brother say about that? do you have a best friend or gf to support you? always is welcome. 

i give you my pov, depend to you what to do next. be strong, because you're brave enough to do that.",0,0,1,0,0,0,0,0,1,0,
81,"**32yo f, 5 knee surgeries, am i doomed?**


im a 32yo f, current weight 148lb, and i’m 3mo post-partum. i chase my toddler around and pick up the house 24/7, i work as a nurse doing 12 hour shifts. i’d like to think i live a pretty active lifestyle. i’m currently recovering from my 5th knee surgery. r acl 2008, r meniscus 2012, r acl 2020, l meniscus 2022, l meniscus 2023. as you can see, i’m prone to knee injuries. i grew up doing competitive cheer for 10 years, and played 1 year of soccer  in high school. 


i’m ready to get back into the gym and start shedding some of this weight. it’s great therapy for me, and being healthy is important to me. 


i feel like i’m doomed though. i’m so scared of another knee injury. i stay away from running (which i love), and try to utilize the stairstepper and elliptical. 


is it possible for me to gain muscle in my quads/hamstrings given my knee injuries? i have veryyyyy little muscle mass in my legs. they’re definitely the weakest muscle group on my body, aside from core. 


i don’t really know what i’m looking for in terms of this post i guess. maybe words of encouragement, maybe someone who’s been in a similar boat can share their experience?",0,0,0,0,0,0,1,0,0,0,
82,"she's been a joke for a while. they need to filter this shit out early. i can't comment on the mto as that's just impossible. you can draw assumptions based on history. but the match point retirements have always shown she is a poor loser (didn't lose those games. she retired... pfft.) and an even worse winner.

on the other hand, she has some mental issues she needs to work on. you can see when she played those games with retirements that in the last few games she's playing through scenarios in her mind which make her play worse. it's like a world is falling apart mentality and it leads to poor decision making. her coach should be removed and replaced.",0,0,0,0,1,0,0,0,0,0,
83,"i got back into it after several years off due to quarantine. i’m nowhere near your level and i need to do some strength training too, but for me even a mile or two each day makes a massive improvement in mental and physical health. my goal for the end of the year is to build back up to 5k a day or so.

i can easily describe what running does for my mental health, because i feel it’s such a stark contrast.

if i’m feeling depressed or anxious or whatever, the world seems... physically imposing? if i run just a mile or two, suddenly i feel larger and everything actually *looks* smaller to me. i feel like i could run many miles and my confidence instantly improves, especially during recovery.

nothing else quite compares, i must agree.",1,1,0,0,0,0,0,0,0,1,
84,"nice of hunter cattoor to show up tonight. better late than never, the team functions so much better when he’s a threat for a 3 every possession. alleyne kinda disappeared after a hot start but he was great in brooklyn so it’s forgivable

nice to see the bench get minutes, i think that helped us down the stretch. ojiako wasn’t all that great but nguessan and maddox each had pretty decent showings. pedulla is showing that he’s a true freshman but clearly has a ton of promise and talent. speedy kid for sure

keve got better as the game went on and the rest of the guys clicked but he had some bad, bad shots early on. he’s shooting way too strong on east lay ups every time he’s posted up and it’s costing us. he also needs to stop shooting 3s until he can prove he can make them. i think he had an impossible task matching up against wahab but he did alright with it

storm did better tonight than in brooklyn especially in the second half, and he showed what he can do well with the efficient passing. but he’s still a problem. i think it’s a mental thing at this point, he’s coming off two brutal games and got a ton of criticism and visited a brutal maryland home crowd that clearly got in his head. i’m hoping acc play gets him in a rhythm but he cannot pass to cattoor like he did towards the end. complete no confidence move

i love justyn mutts",0,0,0,0,0,0,0,0,0,0,
85,"seconding that black-and-white thinking is also your cptsd at play. watch out for it, it gets me often!! 

and i wanna say “completely dismissing fitness goals” doesn’t mean you weren’t taking care of yourself. attending to your mental health, especially as someone w cptsd, is a crucial part of creating the conditions in your body necessary to get through the day, never mind something like losing weight, running a 10k, whatever. making it through that dark period meant you were taking care of yourself! and any time along the way that you went for a walk, did a stretch, ate some fresh fruits and veggies, stayed hydrated, or got a full night’s sleep along the way — that was you taking care of your physical body. give yourself some credit for that too. the diet-culture infused aspirations of fitness and weight loss hold us to an often impossible standard so i just wanna remind you of the importance of compassion and recognizing the small things you may have already been doing. with cptsd and grief to boot, these things are not small.",0,0,0,0,0,0,0,0,0,0,
86,"how is saying you know for sure someone has the ""yips"" (a mysterious  and not clearly defined thing which doctors can't give as a diagnosis) much different than speculating about anxiety, neurology, or whatever else?

something has to be causing the ""yips"" and the medical world doesn't know. therefore telling someone they have it opens up speculation.

we haven't  ""found out"" he has the ""yips"" anymore than we've found out he has a mental illness. 

they are both assumptions and so little is understood about the ""yips"" that mental causes for the yips are considered just as good as any theory out there.   neither psychology or neurology has a ""yips"" diagnosis, and neither knows which has more to do with the cause. 

the yips could be more of mental thing, and some athletes have said they have it more with increased pressure, and some go to sports psychologists about it.

edit : instead of downvoting for no apparent reason, maybe look at things like:

https://www.scientificamerican.com/article/why-top-athletes-suddenly-develop-yips-choke-under-pressure/

and :

smith am, et al. sports med. 2003. 

""..exacerbated when a threshold of high stress and physiologic arousal is exceeded. in other golfers, the 'yips' seems to result from severe performance anxiety"".

and :

marquardt. international journal of sports science. 2009. :

""...a number of specific factors seem to be involved in its development: anxiety, overcontrol, interference, and awareness of the problem.""",0,x,0,0,1,0,0,0,0,0,
87,"i'm no expert or experiencing this personally so i feel so preachy even writing this, but it's working well for my sister, who has struggled immensely with depression and we've found that the best thing is just maintaining the routine, even if she just goes for a 10 minute walk around the backyard (when she used to go running for like 2 hours)

just keep it as standard that you get up, get your gear on, get the sun/air/movement in, then, when your depression lessens, it's easier to jack it up for those periods. 

my sister suffers tremendously from guilt issues, which reading your comment leads me to wonder if they're more tightly linked together than i first thought. the guilt seems to make her worse, or maybe the depression makes her guilt worse, i'm not sure, but punishing yourself for not working out is just going to demotivate you more. 

i think you're doing a great job keeping up your routine in a much lighter form, you need mental capacity to take a bit extra care of yourself during this time, to be kind enough to treat your mental injury the same as a physical injury and you need to recover from it. 

once you've worked on your depression, like you would work on fitness, it'll be easier for you to manage and you'll get more time and energy back to ramp up your workouts. 

your body might also be missing the natural endorphin boost you used to get from the more intensive form of exercise, so it's certainly a very difficult place for you. 

are you working with someone on your depression? 6 weeks is a long time to be suffering from this xx even if it's just a friend of relative who you can have an open dialogue with, without feeling the need to ""solve it"" immediately, just to talk and understand your thoughts in a more tangible form instead of twisting and over thought in your head.",1,0,0,0,0,0,0,0,0,1,
88,"i started running at the start of covid lockdown (mid-march for my country). i’ve tried running in the past but never stuck with it more than a couple of weeks. honestly, i’m so glad i did. we have tough restrictions where i’m living at the moment and mentally i’ve been struggling with the isolation (6 months of various stages of lockdown). we’re only allowed out for 1hr of exercise a day and running has done wonders for my mental health. i always feel better after running and it’s nice to have a hobby/goal to work toward. it’s definitely a great way to keep your mind occupied. i felt the real benefits of running happened after a month or two - when i was actually able to run a reasonable distance. when i started i couldn’t run more than 500m, now i regularly run 10k. you mentioned runners high and interestingly i only experienced runners high when i first started. i don’t anymore, but i generally feel ‘good’ after a run.

running isn’t going to fix your mental health but it will help. i’ve always been an anxious person and i definitely have channeled my anxieties into my running. i constantly worry now about not achieving the pb’s or distances i set myself. so i can’t say it’s fixed my mental health, but at least it somehow makes everything easier to bear.",0,0,x,0,0,0,0,0,0,1,
89,"can't tell if this is satirical, so i will respond as if it isn't because exercise addiction and other mental disorders are a very real thing.    


go see a psychologist because a week off of training shouldn't send someone into a dark pit of despair.  breaks in training and diet are good for you. it's healthy for the mind and body to rest and chow down once in a while.",x,0,0,0,0,0,0,0,1,1,
90,"i've been a consistent runner my entire adult life (2008 to present). the only times i've ever felt any sort of depression were when i have stopped running because of pregnancy/recovery. i'm sure hormones play a part as well, but at soon as i am able to start running after having a baby, i go from miserable to level headed within a few days.",1,0,0,0,0,0,0,0,0,1,
91,"the point is not serving in combat. people get mentally fucked from being harassed and abused by their superiors (most of the time). and like i said i served in a non-combat role for a long while, and odd as it may sound people there had bigger mental issues than in combat units.

my point wasn't about battle at all but workplace dynamics. now, of course the army is a total organization so the workplace = your life basically. but i'm talking about situations in the rear, not life and death decisions. 

regardless of all of that i agree with you. he does appear to be fragile with low mental fortitude, because objectively his trials and tribulations are really manageable. but even if they aren't objectively hard, they can still be subjectively crushing to him, so i don't think it's fair people say it's not real just because the main issue for him is getting away from that toxic environment.

idk man reading about him coming to film sessions every day and basically talking to nobody and being ostracized but still going through the motions and seeing those people who think you're trash... man i can relate to that, it literally brought me back to my service because for a lot of people there that's exactly the situation, you have to show up every day despite not wanting to be there and people treating you like shit and just... wait for things to somehow change.",0,0,1,0,0,0,0,0,0,0,
92,"i do have some major anxiety in every day life too, that’s part of why i run.   it helps or it does some of the time.  but the dance anxiety the last two times was absolutely intense.  as in heart racing cold chills etc.  it’s fucking stupid.  i guess maybe i need to do some soul searching myself and work through some things.   i joke about my plan is to literally run away from my problems but that is sort of what i’ve done.  i haven’t managed or dealt with anything i just wear myself out so i have less every to put into being anxious.  i do some speed work but i’m pretty undisciplined and unregulated about it.  like i just run really hard sometimes...   

i feel like my 5k and 10k running has improved just running more miles while my half marathon has less so.  but based on what you’re saying that doesn’t make
much sense so i wonder if part of my problem is pacing and confidence.   i definitely try to not run all out on long runs and even my last half because i’m worried i’ll burn out early...  when there are fewer miles i know i can muster through more easily.",0,1,0,0,1,0,0,0,0,1,
93,i'm in a sling 2 weeks post rotator cuff repair surgery for a massive rotator cuff tear...feels like shit. seeing all these injuries makes me sad. so much mental anguish and anxiety come with soft tissue injuries for the athlete.,x,1,0,0,0,0,1,0,0,0,
94,"1) achieve a pull up. 

2) drink less alcohol.

3) take a long walk at least three times a week, preferably six or seven. 

4) read sixty books (the mind counts too!).

5) meditate daily, work up to fifteen minutes. 
  

i spent most of 2019 depressed, anxious, not consistent with working out and eating like crap. in september i made a big effort to reset my habits and it's been awesome. i'm back to working out consistently five days a week, making major strength gains, and my mental health is so much better. i'm really stoked for 2020!",1,1,0,0,0,0,0,0,0,1,
95,"it's common for people with anxiety to dislike getting their heart rate up.  exercise does **not** need to be long or exhausting for general health benefits.  try doing very short but frequent cardio sessions - for example, 5 minutes every 2 hours, such as running around the block or climbing a few flights of stairs, daily. it's over before you know it, and since you're by yourself, it won't trigger insecurities like in the gym.  short sessions are excellent for normalizing moods.   wear a heart rate monitor so it notifies you when your hr gets too high.  also listen to something fun. eventually, push your comfort zone and increase the exercise duration while decreasing the frequency. you can use a similar strategy for strength training.",0,1,0,0,0,0,0,0,0,1,
96,"reading this and the stats you posted on another comment, if those are right, you're very overweight, that could explain many of your symptoms, if you're dealing with mental health issues (not shaming, we all do or have done it at some point) it could explain it further.

i'm not trying to belittle what you're telling us, just saying that the low t could also be a consequence of where you're at. some nutritional deficiencies could also be in place, you have many things to address first before going into trt.

i personally did it in the past, and wish i tried other things first tbh since i probably could have recovered my endogenous production with enough patience and knowledge, but it was too tempting in that state of mind.",0,0,0,0,0,0,0,0,0,0,
97,clips have a sports psychiatry specialist. i think therapy is great thing to have in a professional sports organization where a lot of the game can be mental.,0,0,0,0,x,0,0,0,1,0,
98,"you do not look “flabby” or have much fat at all right now. your bmi puts you at medically underweight, so a moderate bulk is the right move for your health. the fear of gaining weight is mostly a mental health topic to work on with a professional, since it doesn’t match reality.",0,0,0,0,0,1,0,0,1,0,
99,"hi all. i used to post here fairly frequently. i used to lift 4 days a week, no cardio in sight. life changed, i got injured, followed by anemia, started running again instead, and got injured again. i haven't lifted frequently for a while and even cancelled my gym membership. well i had a complete mental breakdown the other day, i just havent been feeling myself lately and i need to change that. i went and joined the gym again on tuesday. two days in to lifting again and i feel really good. my numbers are obviously no where near what they were but i'll try and get there again, and possibly even get back on track to my 100kg deadlift goal. i need to keep running though, my sister and i have races planned. mentally struggling with eating habits too, my brain often drops in thoughts of losing weight even though i'm a healthy weight and i don't hate my body. anyways i'm back to stalking all your gains and maybe occasionally dropping a comment in here",x,0,0,0,0,0,1,0,0,1,
100,"i once was a 30-something unfit non-runner. at first, i couldn't run two minutes, let alone 10ks. so i broke it down into five minute increments. at first, i'd try and run for just five minutes. i'd try and run two days in a row, then rest a day before repeating. every time i repeated, i'd add another five minutes. so, 5 minutes became 10, 10 became a5, and so on. eventually, i was able to run nearly half and full marathons in really good times. then, for several years, life and stress/depression eating got in the way of maintaining my fitness. now, i'm a late 40-something unfit runner. i'm up to 25 minutes non-stop running, 5 minute walk then 15 minutes more running.  30 minutes here i come!",1,0,1,0,0,1,0,0,0,0,
101,"i don't think this requires its own thread, so i'll ask here. i have a question that's not exactly fitness related.

i am overweight, and was fired from a job after 2 months and quit another after 1 month in the past 6 months. i did not leave my house, or to be frank my bed, for about 6 weeks before university started. i have classes 2 days a week, and i managed to get myself to the school's mental health clinic and was promptly put on antidepressants and anxiety meds. i was getting 2-3 hours of sleep, either 0 to 500 calories (i tracked) or 1500+, and no movement at all. through therapy sessions and medication, i've been feeling a lot better and have managed to get some stuff done. both my therapist and psychologist insisted i join a gym, but they don't know much about exercise. they offered group classes so i could have social interactions. which i dread. especially since i'm overweight, slow and haven't moved in forever so i will be a weak link.

i finally swallowed my fear and signed up for a 7-8pm trx class. it has been hard, and i've been inconsistent with attending. at first i planned on going 2 times a week on mondays and thursdays. i've been going randomly, but have somehow managed the 2 times a week. i've been to this class for 5 sessions now. it's still very hard, and i have a lot of trouble keeping up. visibly so. but that's fine, i didn't expect to be able to do any of this. i'm looking at it as a win... and it's definitely improved my mood. the only problem i have is with the time. i am on a lot of medication, and i do not have the energy to stand after 5 pm. it takes a lot each time to get myself to the gym, and i reward myself afterwards with a beer (my therapist suggested it, lol).

**my goal is not to lose weight. my goal is to help my mental health.**

i'm trying to make this as easy as possible for myself. i've been watching youtube videos to see which class i might enjoy most. but, i also want to know: which one feels the best. which one helps with your mood. is dancing something to look at, even if i am really bad at it? or like a zumba class that's silly and fun? because trx has proven to be quite serious, and most people in the class are serious athletes. one girl does cardio+weights and then comes to this class to ""cool off"". that's basically 3 hours at the gym everyday!

i also feel silly asking my teacher for help. ""hey, i'm dying here, you know any other group classes that i won't feel like throwing up every time and will help boost my mood, also preferably the classes are in the morning so i actually have energy to come to class?""

i also truly truly really dislike aerobics classes, and the weather is pretty shitty outside so taking a walk means catching a cold.

so, i am open to suggestions. i have a few ideas myself: 

1. suck it up, give it time and continue with this same trx class - i will get better at it
2. try a yoga class (i've done one before when i was 13...) 
3. there's this ridiculously named class ""fat burning class"" ... i don't know what it's about, but most people in that class are big so... i'll fit in at least?",1,1,0,0,0,0,0,0,1,0,
102,"i'm aware of that. my mental health has severely deteriorated in the past months as a result of not being able to lift. i want the gyms to open, i just don't agree with his mentality of ""just let the weak people die hihi"".",0,0,0,0,0,0,0,0,0,1,
103,"&gt;i consider myself a little chubby right now at 147lbs 6'0""

you should probably see a mental health specialist to deal with your body dysmorphia.",0,0,0,0,0,1,0,0,1,0,
104,"running was my very first anti-anxiety medication. unfortunately, i loved it so much that i developed stress fractures in both shins, and running regularly again doesn't seem like a possibility. just be careful and listen to your body--don't push yourself too hard to deal with the anxiety that you end up getting hurt.",0,1,0,0,0,0,1,0,0,1,
105,"seconding achieving that on accident after injury, when i blew out my knee within a month i looked like that, but my body felt horrible. op, you need to remember that the modeling world is both rife with disordered habits, highly genetically selective, and the majority of supermodels have had procedures like skinny bbls and ab etching, etc. the regimen you’re looking for isn’t one that’s at all good for mental health, especially on someone who seems to not naturally have the genetic predisposition for that “look”. that deficit is too low for even me and i’m 5’3. you run the risk of your metabolism kicking into starvation mode and holding onto body fat for dear life at that high of a deficit. i’ve struggled with eds, as have a lot of folks on this sub, and this sounds awfully close to one. i don’t think anyone is trying to be judgmental, it’s okay to have aesthetic goals. i think a lot of us just hear warning bells in your language and are concerned for you. no one wants you to struggle with your body image, most of us know what that’s like.

&amp;#x200b;

edit: grammar",0,0,0,0,0,1,x,0,0,0,
106,"the national basketball association should just be about basketball. i don't want them to get involved politically. if you need issues with mental health, then go to a professional psychologist. don't count on basketball players.",0,0,0,0,0,0,0,0,1,0,
107,"video here: https://streamable.com/mlmyhn

my mental approach to the game has probably changed the most for me than anything else. when i first started playing, i mean, pretty much my whole career until recently in the pros, i felt like being honest about my feelings or my nerves about a game or whatnot, was like something i couldn't do and i would keep that all inside, and the anxiety and the nerves that would just build up more and more. and when i came to the mystics, we have a phenomenal sports psychologist who has helped me so much in navigating through the importance of being vulnerable and being open about my feelings and expressing those things to my teammates. and it's made all the difference. 

and not only that, but he opened my eyes to meditation, and it's something i do daily to just help me have 10 minutes of stillness and calmness and trying to help shape my mind. because we always have that little voice in our heads talking to us. and the more i can tell that voice either ""no, you're wrong. that's not a true story"" or, ""yeah, that might be right, but i can also do this and change that."" that's been huge for me. so, meditation has really helped me grow.",0,1,0,0,1,0,0,0,1,0,
108,"i dnf virtual mcm50k 2020.  was coming off an injury and could not train leading up to the race.  the longest run i have was 12 miles.  my legs seized up and joints wouldn’t work at 17 miles and i was barely able to walk at 19.88 gave up.  i was cursing myself in ways someone with serious mental issues would, severely depressed shit.  i have been injury prone since 2019 and haven’t been able to pr or complete anything due to constant injuries below the knee mostly in the feet.  very discouraged",1,0,0,0,1,0,1,0,0,0,
109,"help me out bbys. im only 18 but my test levels are 330 ng/dl, this is considered quite low isn't it? i'm constantly feeling lethargic, tired, can't focus, memory problems, lifts increase slow as fuck and cutting is a nightmare. i tried to push for trt but the doctors said that they couldn't do anything as i was above the minimum of 300ng/dl.

wat do",0,0,0,0,0,0,0,0,0,0,
110,"but we don’t even know that the coaches told the team about her mental health claims. she could have told them herself, and said that’s why she wasn’t apologising. she could have told another teammate, who told everyone else. she could have consented for the coaches to tell the rest of the team in the vain hope that it would make her look better. or, yes, they could have broken her confidentiality, in which case they did act unprofessionally. 

we literally do not know. if they have acted inappropriately then i really sincerely hope it all comes out with a thorough investigation, and they are then treated accordingly with due process. 

i’m just not comfortable calling for peoples jobs and calling them incompetent when we don’t actually know what happened.",0,0,0,0,0,0,0,0,0,0,
111,"tips for pre race anxiety?


i’ve got a run today, been up since 0430 uk time. 

i’m a slow runner and even slower than when i did the same race last year due to an injury last summer. i’ve worked hard to get to 1.20hrs for a 10k but it’s embarrassingly slow: i’m anxious about finishing dead last out of 800 people. usually it wouldn’t bother me but the worry started yesterday and won’t leave. any tips to get past it?",0,1,0,0,1,0,0,0,0,0,
112,"yeah i meant i’m just glad we didn’t hold him hostage till we got what we wanted or cut him.  it would be shitty to keep him at a place where he was clearly struggling, and it would be just as shitty to cut him loose while he’s going through such a hard time in his life.  even if he had suitors lining up as soon as he became a fa, i feel like it just would’ve been so detrimental to his mental health, going through that process.",0,0,0,0,0,0,0,0,0,0,
113,"oh boy, i feel like people are going to have a field day with this. most of reddit hates fat people unless they are actively in the process of losing weight...

i think one concern people have is with the increased potential for joint problems/injury with a high impact exercise like running. that being said, outside of elite athletes, i strongly believe the majority of people would be happier and have more sustainable habits with less emphasis on the scale. 

in terms of my experience i am not overweight, but recently gained about 20 pounds in bulimia recovery (from a bmi of 18.5-22 or 23). i was terrified that i would lose all my athletic progress and feel like shit. on the contrary, my fitness has improved dramatically (heart rate, vo2 max, etc) after months of stagnation, i have regular periods, and generally feel better. body image is not always great and i don’t have a “runner” physique but my health is more important. not saying everyone needs to go and gain weight -and again i feel like i am going to get flack for this, but running on a calorie deficit feels like shit imo (and that preceded the bulimia which is obviously not great for training). i say you do what is best for you in your health journey.",0,0,0,0,0,x,0,0,0,0,
114,"ja morant is a monster. wow. 

both teams can definitely play much better. warriors shot their worst 3-point percentage in the steve kerr era (18.4%) and turned the ball over 18 times. grizzlies once again got outrebounded and shot below 40% from the field and needed every bit of ja morant's masterclass. 

grizzlies haven't been able to defend the motion offense well and are getting roasted in the 2nd unit minutes so far, while the warriors haven't figured out ways to limit morant and the offense is clearly becoming very starter-heavy scoring (besides poole). interesting to see if the warriors try to outshoot the grizzlies now that gp2 is out or they still try something to defend morant like for example starting kuminga. grizzlies meanwhile got good minutes out of ziaire and melton in brooks' absence but might miss brooks' physicality moving forward with a possible suspension. 

such a devastating injury to gp2, he was playing so well and easily won us the past 2 games (game 5 against denver &amp; game 1 against memphis). huge loss on our side and it's just insane how avoidable that was. this season was really the first time he found a home in the nba and his season is gonna end in a playoff series that he had the best chance to shine. i just hope none of this happens again, got serious ptsd of that klay injury 3 years ago. i'm not even gonna rave about how dirty it was etc, it's just mad depressing that it happened.

tough loss on the road and now we wait until saturday for a game 3. bane is hopefully healthier for the grizz and they might get adams back (tough to say how much he'll play, clarke was -17 tonight though), while we can bank on klay getting serious rest after a rough showing the first two games and draymond's eyes to get better. plus, we really are capable of shooting better than 18% from 3. it's gonna be a long series (if it wasn't already going to be long) and hopefully we defend home court once again.",0,0,0,0,0,0,0,0,0,0,
115,"there's a younger guy at my gym that has recently signed up. i'm a pt but will always give advice/help for free when i'm on shift and i've sort of taken this guy under my wing.

he's struggled to gain weight in the past but since i gave him a programme and some nutrition advice he's already looking bigger and getting stronger. we were talking about supplements the other day when he mentioned that his goal is to get big and fill his shirt sleeves just like me.

it was a minor thing, and was probably just a passing comment for him but it made my day. mental health issues have been wrecking my gains this last year so it's nice to find out people still look up to me. 

not an exciting story but it's a nice reason to push a little harder in my workouts.",0,0,0,0,0,x,0,0,0,0,
116,"i kept running until about 25 weeks. i found my pace dropped hard by 10 weeks and i cut my distance short because i was anxious about overheating in the summer. i ran a half marathon 2 weeks before i got pregnant and pretty quickly into pregnancy found myself struggling with more than 2 or 3 miles. listen to your body, listen to your doctor. this isn’t the time to push it. just do what feels good.",0,1,0,0,0,0,0,0,0,0,
117,"this was pretty much what i was going to write. without running, i get depressed and then can no longer manage my anxiety. the endorphins from running help me manage my anxiety to normal, functioning level. i also use that anxiety as adrenaline to perform at work and exercise helps me keep the anxiety in check so i don’t panic at work. 
i started running 2007 and haven’t looked back, best things i ever did for my mental health. second best was limiting alcohol - the hangovers and sense of doom makes my anxiety unbearable.",1,1,0,0,0,0,0,0,0,1,
118,i find bulking better on average days but those days where my mental health and work are beating me down bulking is just shit. cutting you can just do nothing. easy. bulking you need to do things actively.,0,0,1,0,0,0,0,0,0,x,
119,"can someone help me?

so i'm 30 years old and i have a high body fat percentage, but an average bmi. i have no core strength and can't even lift myself off the ground. i've been doing high intensity circuit training twice a week for six months. i look the same and have gained 3kg. i feel like there is no point continuing.

some personal background, i have adhd and terrible focus, all my life i've despised exercising and i've literally been forcing myself to suffer every time i go the gym, but there's no results, so i'm wondering if it's possible to just be genetically fat?

i eat well, healthy home cooked meals. i love food and often cook from scratch: straganoffs, lasagnes, carbonaras, pizzas, stews and greek salads. it hasn't made any difference either. i really can't figure out what i'm doing wrong? do i have to just be miserable and eat chicken salad everyday? because i really don't want to if it means i'll just keep getting fatter anyway. what's the secret?",0,0,0,1,0,0,0,0,0,0,
120,"you know what you sound like all of the time? a lazy, self entitled prick who doesn’t want to put in actual work and thinks gear is going to be the answer. it’s comical how you’re coming at someone with that when that’s something you can’t even do. don’t knock real eating disorders or weight problems. that shit takes years to fix and the insensitivity you show towards something like that makes you a bigger piece of shit than you realize. especially when you’ve claimed you’ve had an eating disorder too. i’m well aware that i’m a hardass and come down on people whining and making excuses, but there have multiple occasions where someone talks about mental health or disorders and i’m the complete opposite. do you know why? because if someone has enough courage to verbalize that, it’s important to recognize and support that. do you ever think before you open your mouth? or are you too busy playing up a couple weeks of bunk gear like it’s having this huge effect on you when anyone worth their salt knows you’re full of shit? you don’t count macros, your diet and training is shit, and u/tetraggressive is being generous saying your physique is mediocre because it’s so insanely below mediocre that it defies description. do us all a favor, shut the fuck up, don’t reproduce, and get your dumb ass comments out of here. you’re not only a shitty person, but your blatant disregard for using gear is what gives it a worse name than it needs. i can’t fucking wait until you’re in here crying about sides and losing the couple pounds you somehow manage to gain while your dick doesn’t work anymore.",0,0,0,0,0,1,0,0,0,0,
121,"hey guys, i (23m) weigh 108lbs so pretty underweight, and i’ve been working out since august but stopped around october due to a lower back injury (i assume because of bad back squats form). i think i fully recovered weeks ago after visiting a physiotherapist and i’d like to workout again. i used to lift 44-45kg (3x5) on most compound lifts. i started at 20kg with the basic wiki program, really enjoyed it. 

i have a small gym setup to save some money (barbell, bench, rack, plates). i posted here and got really great advice on how to stert working out again and i’m so relieved that i recovered but now i’m very anxious about causing a long term back injury. i just can’t start working out. i bought bulking foods and protein whey to force myself to get started but they’ve been in the kitchen for a month and i still always walk out. will it help more if i join a gym for more variaty? i’d really appreciate any help and sorry if my english wasn’t very clear.",0,0,0,0,0,x,0,0,0,0,
122,i was so proud of pg when he publicly addressed his mental health issues in the bubble last year and seeking consultation from the team psychiatrist for his anxiety and bouts of depression. he was already dealing with coming off of a tough rehab offseason and then the bubble happened so i’m sure that fucked up with him mentally,1,1,0,0,0,0,1,0,1,0,
123,"i mean, that would make me sad...

serious note though: though you gotta be kind to yourself and make sure you look after your mental health on a cut. it can play all sorts of tricks on you – i've learned the hard way. sounds like you might need to reach out to someone you trust and let them know you're struggling a bit.",0,0,0,0,0,1,0,0,1,0,
124,"i find it nearly impossible to do any sort of cardio on adhd meds, i gas instantly. i had to stop them, because my focus was affecting me less than the depression from not exercising.",1,0,0,0,0,0,0,0,x,1,
125,"i'm just adding an update in case anyone was interested - the pool temp is down to 45 today (lol, i couldn't keep my head underwater anymore after it went under 60 degrees. i bought the wet suit - it's cheaper than heating the pool will be. i tried it out today, and it made an incredible difference. i was able to swim after being out of the pool for a few weeks because of the water temperature. 

i am hoping the wetsuit will last at least through the winter - the shop gave me some care and keeping tips to reduce the damage from chlorine. but it was great to get back in the water today, so i'm just considering it an investment in my physical and mental health.",0,0,0,0,0,0,0,0,0,0,
126,"day two of being back in the gym, i've lost quite a bit of strength and today i did my pull workout, couldn't lift half as much as i was before and it fuckin sucked.

mental health already deteriorated during the lockdown but i lost fat cause i watched my diet and was in a caloric deficit so thats something, just so disappointed i went from being in the best shape of my life to mentally and physically in the worst shape ive been my entire life",x,0,0,0,x,0,0,0,0,1,
127,"i'm starting to think he has the ""yips"". mental blockage. athletically he's still fast and can explode to the hoop, but it's without any nuance or skill where he can finish or hit shots like he used to. his dribbling has gotten worse. he's dribbling high up to his chest and losing the ball more than usual. it's like the '96 monstarz took away his talent. he needs to see a sports psychologist or something.",0,0,0,0,1,0,0,0,1,0,
128,"i'm a 5'2"" woman who lost 100 lbs. in my late 30s, over the course of 3 years. i'm now 40 and 150ish, so on the high end of 'healthy', but i have stellar bloodwork and i found that i can eat what feels like enough and maintain my weight.

1st year i counted calories and walked, lost about 30-40 lbs. second year i transitioned to paleo and lost maybe 15 more, but had tons of energy and did a lot of working out. 3rd year i switched to low carb and started weightlifting and lost the last 30ish, but around the lower end my body really began to rebel against low carb with a lot of hormonal problems like insomnia and weird periods.

now, i do a martial arts class 3 times a week that is moderate intensity because its fun. i eat things i like* with a few tweaks here and there. and my weight has been constant for almost a year. at this point the tweaks i'm doing are chasing that energy i had in the second year losses. the * is the caveat that i've developed some food allergies that move me into non-standard food choices.

things i've learned: 

you will never be able to go back to eating the way you did pre-diet. i'm not saying you have to live off carrot sticks, but ultimately your day to day habits will have to change to see lasting change in your weight. i haven't had a coke by choice in years, and now it tastes sickly sweet to me and i won't drink it. this is hard, so much harder than people give it credit for. it has taken years to adjust my habits. and i still have triggers, big birthday cake sized ones, haha. but food is key- both to whittle down the pounds and fuel any activity that you do.

finding activity you enjoy is key to staying active. looks like you're already doing this! i did the gym for a year, and while it was effective i didn't make friends and got tired of picking things up and putting them down. my martial arts class is really fun, and i love to go get tortured every time.

track, track, track - but keep it simple and keep it judgment free. i get so tired of tracking water, so i just got a bottle big enough that 2 a day = enough and that's it. i have a recipe file with calories and serving size for my favorite meals. if you go eat half a birthday cake, well track the birthday cake. the calories happened. in fact, since you're starting out, just track without trying to reduce too much - there are some good tdee apps out there that will help you get a feel for how much you burn in a day, and help you set a realistic deficit. i also weigh 3-4 times a week, but i know this can be problematic for some people. again, if you can do this without being hard on yourself (water weight is such an irritating reality) then go for it.

your skin will look really weird. at really big losses i think it's inevitable. i have some sagging and when i do pushups the swags of skin feel weird.

people love you, not your body, generally speaking. lose weight to be healthy,  to do things you want to do. losing weight for approval is not a quality goalpost. that being said, if you lose a significant amount your loved ones may elicit concern... mine thought i looked sick at 130, even though that's top end normal bmi for my height. some of it is them adjusting to a new look.",0,0,0,0,0,0,0,0,0,0,
129,"i have bad anxiety and minor depression. my experience is that going to the gym has helped me feel better about my appearance and i feel healthier as well which is positively impacting my mental health and my confidence. you may find that the gym helps you as well.

i hope you figure it out and start to feel better soon bro!",1,1,0,0,0,x,0,0,0,1,
130,"my resolutions were:

1. lose the weight i gained while depressed. 
✅ i’ve lost 23-25 pounds so far! i might be done, i might lose a few more. we’ll see. 

2. start loving running again, get back to training consistently, and pr in literally any distance. 
mostly ✅! loving running for sure, training more consistently than i have in the past 2 years but still some bumps in the road, and i don’t have any races lined up until the fall. fingers crossed. 

3. have a six pack. 
not quite, but closer than i’ve ever been before. 

4. recover from depression. 
knocked it out of the park!",1,0,0,0,0,x,0,0,0,0,
131,"i feel this in my soul! what has worked well for me were a couple things. 
1. eating well- then i don’t feel like i need to compensate for a shitty diet by exercising
2. prioritizing mental health- i’ve tried doing more mindful practices and reading books/listening to podcasts that focus on the mind &amp; body connection. everybody says “listen to your body” but that has proven to be extremely difficult for me since i listen to my mind instead and my mind tells me to workout until death everyday. but by actually listening to your body you can decide how you are feeling that day and do a workout reflective of that or even rest if you need to. i actually got a whoop strap a couple months ago and being able to track my recovery has made it easier to listen to my body but i also still struggle with always trying to do more.",0,0,0,0,0,1,0,0,0,1,
132,"hey man, sorry to hear about the toll being injured is having on your mental state and if you ever need to talk send me a dm. 

being injured sucks and can make our whole lives feel out of wack. many of us have been right where you are. i think it's really important to remember that healing takes time. sometimes a long time. longer than we think it should. but, you need to let whatever is damaged heal or risk exacerbating the injury. 

take this time to focus on some other things in your life. running/exercising is a central part of your life but it's not everything. i think often the reason we get injuries is because we're neglecting other things in our life. like sleep, nutrition, mental health or other things like trying to improve something we think we're already good at. for example, not taking time to examine what our running/lifting posture is like, can it be improved? is my posture part of why i'm injured? or did i over train? am i setting realistic expectations for myself? ask for help! 

so, to get back on ""track"" i suggest evaluating your situation, what are your goals? were you training correctly? or maybe over training? be prepared to really take a break and heal. you'll get there!! you didn't get fit overnight and it's safe to assume that you won't be healed overnight either. take this time to consider the whole picture, stay strong you're not alone!",0,0,0,0,0,0,1,0,0,x,
133,"is there any way to keep my gains but lose my extra weight? i went on antidepressants and anti anxiety medication in june, and i’ve gained about 15lbs since then. i weigh and track all my food in mfp. prior to this, i bulked about ten pounds in a year at 2800 calories. i used to maintain at 2400, but i’ve been gaining while eating at 1750. i just recovered fully from a knee fracture, but keeping my lifting and adding in cardio doesn’t seem to move the scale. 

i’m so tempted to cut at 1200, but i don’t want to lose my progress. but gaining 25lbs total in a year is taking a big toll on me. other than body-image stuff, my medication has made huge improvements in my well-being. it just takes a big toll on me when i can’t fit in my clothes and it’s so rapid.",x,1,0,0,0,0,0,0,1,0,
134,"which is kind of what i was trying to say. it is a huge part of their self-identity, it's their whole life. but, it's still just a game. mark appel, former top mlb draft pick and stanford pitcher was recently asked on twitter how it felt to be an all-time bust. his response was that it would bother him except that he see's himself as more than just a baseball player and that being a baseball player isn't what defines him. 

obviously, this is a matter of perspective and i know it's not easy for everyone, especially those who have dedicated their whole lives to something, to not think of themselves and tie their worth into being ""just a basketball player"", but being able to look at it as just a game and that there are a lot of other things in life that are far more important than basketball would go a long way into improving the mental health of athletes. 
again, i know you cant just flip a switch and feel this way, but it's at least something to think about",0,0,0,0,1,0,0,0,0,0,
135,"i feel like my squat numbers are disproportionately low compared to my other compound and machine lifts. i wonder if it's mostly psychological - i always seem to imagine myself failing, and getting hurt as well as it being embarrassing. i've never actually failed before. i sometimes have my partner spot me, and if not i have the safety arms set up. i've also not actually seen anyone fail a squat in my gym, though even if i did i would never think it was embarrassing or an issue (it seems to be one of those standards i seem to be holding myself too that is irrational)!

&#x200b;

all in all i think it makes me too anxious when trying to go up in weight. and it's seriously stalling my progress. has anyone else had a similar issue and any advice?",0,x,0,0,1,0,x,0,0,0,
136,"to be honest, i can’t believe this isn’t talked about more. i am not an expert in mental health, but i know people  who i am very close with who really struggle. look, if he just starts playing in normal time… i just don’t understand how that is okay. like, how is this not more discussed…. talking to kd, agents and nets right after the trade saying he is ready to play…. after dodging sixers for months for claiming mental health. what a disgrace.

this does not even touch on how this screws players in the next collective bargaining agreement.

edit: i obviously hope he is okay and wish him the best, but 1 sign of lying….",0,0,0,0,0,0,0,0,0,0,
137,"i’ve been taking kickboxing classes for the last 3 weeks (going on 4) and showing up about 3 days a week. i started because my mental health has just gotten worse lately and figured it’d been a while since i’ve had a routine workout and i have been feeling so much better. i’ll emphasize again, i started kb to help out with mental health. i am consistently berated by my mother for not losing weight fast enough. weight loss was not at all the goal hear and i’ve been pretty happy with my weight considering i’ve been very underweight before i got to college. i wish she would just stfu about it!",0,0,1,0,0,1,0,0,0,1,
138,"running changed my life! i've had pretty bad anxiety for about 7 years, i did some cbt a couple years ago which really helped but running has helped get the daily jitters and pent up frustrations out of me. 
i'm currently injured and so can't run and my anxiety and slight depression has sadly creeped back, but working on getting back in form and being better and more careful after.

keep going and looking for encouragement and the progress you make will make a difference!",1,1,0,0,0,0,1,0,1,1,
139,"is there a reason you're resisting seeing a doctor? (money?) you've admitted what you tried isn't working, which means time to bring in bugger guns.

i don't deal very well emotionally with not being able to run, either. however, i can say for sure that feeding the obsession-depression by watching running videos, dreaming about it, etc would be the opposite of helpful. what else do you have to take up some of the time, and help give you a sense of self/identity?",1,0,0,0,0,0,1,0,0,1,
140,"i’m reminded of this story of cowboys player joseph randle. the team had been asking him to see a psychiatrist because of some mental health issues. jerry jones said on a sunday that there was no need to make a knee jerk reaction on him, they would be very patient and supportive and as he worked through his issues. 

the next day randle finally went to see a psychiatrist, but he brought a cowboys employee with him. the employee went to the doctors office with him and then reported back to the cowboys. randle was cut the next day. 

unfortunately that was the start of a downhill spiral and he’s been in and out of jail since, but it’s hard to believe that him being cut immediately after that was just a coincidence, especially with jerry’s comments the previous day. sad story. 

this is the great si piece  where it’s mentioned: https://www.si.com/longform/true-crime/joseph-randle-dallas-cowboys/index.html 

obviously his situation isn’t the same as bens, just speaks to the point you’re making. it’s dangerous to give an employer that information.",0,0,0,0,0,0,0,0,1,0,
141,"take it easy. players have mental health too and can be effected by cyberbullying. pg is already dealing with this bubble, now he is trying to find chemistry with his new team. they haven't been able to gel yet. give it time.

also, pg took a deal with gatorade and made it look cool with slow down special effects like the ball going through the air as he turns to walk away and says his famous mantra, ""ball game"" the same thing you did as a kid in the yard pretending to get off a game winner.

plus his shoes are really comfortable for peeps with orthopedic problems. i love the velcro addition.",0,0,x,0,0,0,0,0,0,0,
142,"i have trouble eating too much food at once. i don't know why, but my body doesn't get full until i feel like i'm about to explode. i like counting calories so i know that i'm not overeating, because i'm always hungry, so undereating is never a problem for me! i also like to make sure that when i burn a lot of calories exercising (sometimes i'll bike for 3+ hours) that i eat enough to refuel my muscles. i think calorie counting can be really good, but obviously too much is a bad thing. at the beginning, it really allowed me to understand what healthy food meant, and what foods are not worth the calories, and how much protein i'm getting (or not getting) to make sure i'm fueling my body in the right way. obsessing over calories is definitely unhealthy. it causes burnout to me if i do too much. but i think ultimately it helped me learn portion control, healthy eating habits and what makes ""good"" food good!",0,0,0,0,0,0,0,0,0,0,
143,"i hope what i’m trying to write doesn’t come off wrong, but, our society has such an unhealthy relationship with pain, especially back pain. pain is multifaceted and doesn’t usually accurately represent what’s going on in your actual tissues (joint, muscles, nerves, discs, etc). a huge amount of people have disc bulges or herniations and are living their daily lives with little to no symptoms. also, most symptomatic disc bulges heal on their own or with non-invasive treatment, i.e. physical therapy. someone’s likely to report more pain and develop chronic pain if they’re stressed at work, anxious, depressed, worried about needing to take time off from work/school due to an injury, etc. if you injure your back and your mom, dad, neighbor have had debilitating back pain for years it’s going to inform how you think about your own pain and cause you to catastrophize likely leading to longer and worse symptoms. 

in summary, our bodies are a lot more resilient than we think. we need to accept occasional aches, sprains, strains, injuries as normal and be confident we can return to full function. we need to stop rushing to overmedicalize back injuries with injections, meds or surgery. catastrophizing or focusing obsessively on your pain can only serve to make you worse and lead to more debilitating and longer symptoms. occasional pain is normal, the majority of people with low back pain get better, and your mindset and beliefs strongly influence your return to full function. 

for anyone suffering from chronic pain i would highly recommend the book explain pain by lorimer moseley and david butler.",0,0,0,0,0,0,0,0,0,0,
144,"programming (computers) is mind cardio.

also benefit of having a good quad/leg strength base: your leisurely bike pace is faster than 99% of people on the road.

therapy today. went well, certainly cleared some things up and i feel better now.",0,0,0,0,0,0,0,0,1,0,
145,"i assumed op was referring to the general poor hair quality that comes with drug abuse. substance abuse can disrupt the body's natural production of hair growth hormones. certain drugs can also strip your skin and hair of their natural oils, and substance abuse is very strongly correlated with poor nutrition and hydration, which can lead to your hair being dry and unhealthy. similar things happen to your skin, teeth, and fingernails, depending on the types of drugs you abuse.

sources linking substance abuse to poor hair health: [1](https://www.castlecraig.co.uk/castle-craig/bad-hair-how-substance-abuse/) [2](https://www.banyantreatmentcenter.com/2020/02/11/how-addiction-affects-hair-massachusetts/) [3](https://jaywalkerlodge.com/illegal-drugs-that-cause-hair-loss/)

it's hard for either of us to know exactly what op intended with the term ""mop hair,"" without a direct clarification. based op's implication that they watch lil wayne interviews frequently (which implies that they are a fan of his), and on their statement that it's hard seeing him looking and sounding less healthy over time (which implies genuine concern for his well-being), i think that it's reasonable to infer that the comment about his hair was meant in the context of his health and wellbeing. i think this is a more likely inference based on our available information than op's comments being made with racist intent. but i'll admit again that we can't be completely positive either way.

i'll also definitely agree that ""mop hair"" was not the best choice of words, because this is a term that has been used to derogatorily refer to dreadlocks. it doesn't seem to me that op intended it this way though. i've typed such a long reply here because i do take racial remarks really seriously and i think it's important for our society to call them out, but for that same reason, i also think frivolously accusing a person of racism when it doesn't seem likely to be the case is not a beneficial approach for the progression of social justice.

what i do think is beneficial is making people aware of how the language they use can be more harmful than they realize. i do appreciate you bringing this topic to people's attention, and i've responded to op just now with this in mind. i believe that taking a thoughtful and empathetic approach when someone uses questionable language is often more effective than a blunt and accusatory one.

whether or not you agree, i hope you understand where i'm coming from.",0,0,0,0,0,0,0,0,0,0,
146,thanks for advice and words of encouragement! i’m doing a cico diet at the moment and am down 4 lbs so far. baby steps! i know i can’t outrun the end of my fork etc but i know i need to get an exercise routine down for both my physical and mental health. a first assessment with a pt is quite honestly terrifying - especially the thought of being weighed etc by them. but i know i need to suck it up and make these changes.,0,1,0,0,0,1,0,0,0,1,
147,"2017, bad shoes, bad posture, bad mental health, fat af and a very dark time. one day i just decided to make all the fat flop around and not care what everyone thinks about me.

4 months later i started hitting 25-30km a week. right knee had terrible pain but i was 20kgs down. got better running shoes after researching and ran 30km every week until covid hit.

i am back in the same boat as i started in 2017. buckling up again. apart from that i now also know im severely overpronated and other health issues. i really wish i never stopped running and now i feel old and anxious for my heart.

getting new stability shoes this weekend. hope to start again with a goal of 7-10km a week and then ramp up",1,0,0,0,0,1,0,0,0,1,
148,"i realise you meant well, but telling someone with a restrictive eating disorder that they will inevitably gain all the weight back is not helpful, or accurate. maybe that’s been your experience; from what op says, it’s not likely to be his. i was anorexic for seventeen years, and encountered the whole trope of ‘you’re deranging your hunger hormones and eventually you’ll just binge!’ so many times. it was always horrifying to read or hear, and made me feel like i had to be more careful, more disciplined, still further underweight, to protect against this hideous event. but it never happened, not even when i intentionally ate more and reached a normal weight, or afterwards. i think for most people with restrictive eating disorders it’s a myth, and causes a great deal of unnecessary distress.

op, i wish i had magic advice to give you, but i don’t. the most reassuring thing about having an eating disorder as an adult is also the worst thing: nobody can force you to eat. nobody can make you do anything, except yourself. speaking from long experience, you don’t have to give up running to sort yourself out; you can use your running to hurt or to help yourself, like most things in life. don’t give it up hastily, since you do enjoy it, and it can be a good motivator to look after your body. 

it sounds like it might be useful to you to read about the neurobiology of eating disorders – some people just have glitched brain wiring that makes not eating feel good and calm and safe. it’s not a moral or volitional property, or something you can unlearn. it’s just a known bug you can adjust for. i find that this is the best lens for me to look at my own tendencies through, as opposed to a lot of the established discourse around eating disorders, which can be rather melodramatic. it does not have to be a pitched battle against a possessing demon every day, as though rewriting your whole self is required. all you have to do is get into the habit of making course-corrections. what i mean is that it’s frightening to realise that your actions have veered away from the sustainable or rational norm, but finding a way back towards a good life does not have to be equally frightening, or overwhelming. just keep going, as the poet says. ‘no feeling is final.’",0,0,0,0,0,1,0,0,0,0,
149,"hey guys! i found a workout plan that seems great for my goals, but i still feel overwhelmed by it all especially the diet part. my goal is to stop being skinny fat i've been super small all my life and i hated it i just want to look stronger and curvier \(hip and butt\) and lose my fat. \(stomach\) i'm just confused if i should eat below or above my maintenance i want to gain muscle, but i also want to lose fat. i'm also scared i won't get enough calories in since i've always been a small eater and the idea of eating tons, and tons of food doesn't sound too fun. any tips on how to add calories in easier?",0,x,1,0,0,1,0,0,0,0,
150,i'm terrified to injure myself and end up a depressed/anxious couch potato again. that's why i started so gradually and am finally seeing success (compared to many years ago when i forced myself to run without regard to my body screaming at me),1,1,0,0,0,0,1,0,0,0,
151,"wow that’s really sad. i wondered what was going on with cordae when she said her pregnancy was lonely, but i tried not to read too much into it. now i’m wondering again. it sucks that she is having to deal with so much upheaval- new baby, going back on tour, now a breakup. maybe her parents can tour with her to help? or actually she’s rich so she can probably get a nanny to travel with her, huh. still sounds really hard though",0,0,1,0,0,0,0,0,0,0,
152,"i've been eating poorly for the past couple of days and it makes me feel like shit. i'm bloated, tired, and am feeling sad that i can't seem to ever hit my goals. i also had a massive headache yesterday night so i slept at 9:30pm... but am now awake. at 3:30am.

i know that fitness is a slow and steady journey but man, it totally sucks to do really well and then fall off the wagon. my work schedule is intense for the summer so i won't be able to go to one of my favorite workout classes and it's giving me anxiety. i have to find another way to work out, which is great because i enjoy it but planning out my time for the next few weeks is starting to get to me. 

i think that i just need to chill out and enjoy this process for the long haul but it's hard when there's so much shit happening in my personal life and i can't seem to get my eating/fitness together even though i can control it. 😭",x,0,x,1,0,1,0,0,0,0,
153,"ugh, preach! i almost passed out with a loaded squat bar on my back when i tried an extremely low carb diet. i learned i need carbs to fuel my heavy lifting workouts.

you’re right. people talk about carbs like people who eat them are addicted junkies. 

i lost 30 pounds counting calories. ate carbs.. got lean and muscular despite my “addiction” 😂",0,0,0,0,0,0,0,0,0,0,
154,"adding on to this, i’ve always felt an important component to harm reduction is being truthful, and not sensationalizing the effects. with something like peds, this is either positive or negative. in the age of the internet, a program like dare originally was wouldn’t work, in the way “truth” ads are skipped through the second the logo pops up. it is growing harder and harder to demonize drugs in general, when a source that makes them more tantalizing are only a click away.

i believe the uptick in use has way too many possibilities outside of “normalization”, or even the internet, in general. fitness and gym culture has entered a boom, with mental health, chasing attractiveness, and gurus reaching more audiences. i think some are forgetting/ignorant (rightfully so) that many older idols were far beyond the 1%. not even genetics wise, but physically, the typical image of a beachbod now would have been practically uncommon in the 90s even inside of media. there were legitimate periods of time in which physical fitness and health were stigmatized.

a big component, outside of the age of information and truthfulness, is the increased number of people within the community. i have no doubt that if even outside of the tiktok-blamed sarm boom, you would have seen a similar amount of younger use 10yrs ago if the audience was the same size as it is, now, and ease of available visibility in sm was a thing.

2013 in the fitness community was radically different than it is now. even going back 3, 5yrs, there are so many differences outside of “normalization” that could explain this trend even better.

huge spiel aside — it’s also important to note that those using young/dyel/blasting their faces off, are still quite the minority. it is also much easier to focus/remember/highlight these, as they are outliers.",0,0,0,0,0,0,0,0,0,0,
155,"&gt;i probably need to see a therapist

this is absolutely what you need to do before you bulk or cut",0,0,0,0,0,x,0,0,1,0,
156,"alright, i'll be the brutally honest one today, so i apologize in advance.

&amp;#x200b;

&gt;i have tried dieting, but after months and months of dieting, cutting out carbs and soda, i saw no results.

literally impossible. literally. it works for everyone else on the planet, so unless you are not human, you're either cheating, lying, or fucking up somewhere, and in heavy denial about it.

&gt;i despise dieting and am a very picky eater

suck it up buttercup. you think anyone else likes dieting? we'd all love to eat cake 24/7, but because we wanna look good and be healthy, we diet. you can't outrun a bad diet, no matter how much cardio or exercise you do.

&gt;the one time i went down to 2000 calories a day with no soda i felt so tired and weak like i was a corpse, not to mention the migraines and lack of sleep

you are describing sugar/caffeine withdrawal. it's not because of 2000 calories, it's because you consume these things in excess that not having them gives you negative side effects. you are addicted, and use food as an emotional crutch when you get sad, emotional, stressed, whatever. you have to give it up completely, not just switch to diet soda or some shitty half measure.

&gt;i am considering going into the military, but a huge concern of mine is that they will deny me due to my physical condition.

i don't know your gender, height or weight, or anything about you, but in reading this post i think it is likely that you are neither physically, nor mentally, suitable for the military. at least not right now.  
.

change doesn't happen suddenly. you need to set achievable goals.  in your case, you should do lots of small changes over a long time, so it doesn't become just a diet, it becomes a lifestyle.

**1) mental health.** before you worry about the gym, or even dieting, you need to change yourself mentally. talk to a therapist. i know it's stigmatized, but it will help. if you can't even commit to something as basic as this, there's no way you will be able to commit changing your life.

**2) eating habits.** i don't mean suddenly start eating 1500 calories, and only salads. i mean real change, that you can stick to. throw out all your chocolate, junk food, soda, ect. if they are in your house, you will eat them. you can still eat carbs, you can still eat normal food, just stop eating shit. no takeaways. learn to cook. after a few months, if you have truly changed your eating habits, and cut out the shit (no half measures, no occasional ''rewards'', or ''stress food''). then you can move on to phase 3.

**3) diet.** buy a food scale. weigh and track the calories of literally everything you consume, whether it's cooking oil, pasta or salad dressing. set an easy goal like losing 2lbs in a month (everyone wants to lose 10lbs in a month, but it's not mentally sustainable, it will just make you crack and have some chocolate or soda as a ''reward'', and then we're back to square one. once you consistently achieve you small goals, over weeks and months, and it becomes easy, then you can set harder goals.

**4) gym.** this is a divisive one. it can make or break people. for some people, it helps weight loss, and makes them look and feel great. for others, they feel self conscious and ashamed when they go, and it leads them right back to square one, eating to feel better. i'd recommend you sort out numbers 1 and 2, before you worry about the gym. you can still work out at home, go for walks, ect. but like diet or eating habits, you need to start with small goals, consistently crush those small goals, and keep moving on to bigger and better ones.

in the end we can give you all the advice in the world, but unless you can actually control your unhealthy eating habits, put down the damn cookie, and pick up some fruit, we can't help you.

good luck.",0,0,0,0,0,0,0,0,0,0,
157,"^    ***please read [the faq](https://www.reddit.com/r/xxfitness/wiki/main), [the rules and content guidelines](https://www.reddit.com/r/xxfitness/wiki/new_rules), and [current frozen topics](https://www.reddit.com/r/xxfitness/wiki/frozen-topics) before [contacting the mod team](https://www.reddit.com/message/compose?to=%2fr%2fxxfitness)***. this comment is a copy of your post so mods can see the original text if your post is edited or removed.
>u/sracluv
i’m just really depressed and need to do things. not only for exercise but also for stress relief, relaxation and anxiety. a friend and i will be taking a hip hop class soon since i suck at dancing. i consider that more of a fun type. for exercise/mental health, i’m looking into aerial yoga, pilates, and yoga. are there any other activity/exercise classes similar to these that you highly recommend? anything new or trending? i know yoga is a big one but i’ve done it before and just looking for something new. thank you!

*i am a bot, and this action was performed automatically. please [contact the moderators of this subreddit](/message/compose/?to=/r/xxfitness) if you have any questions or concerns.*",1,0,0,0,0,0,0,0,0,0,
158,"i had one after getting a grade 2 proximal hamstring tear from my 3rd deadlift attempt at a meet. it took me around 6 months before i attempted another deadlift. after the injury, i spent the first 3 months trying to work around it, and the next 3 not working out at all and only doing pt to rehab it. i still don't know if not getting surgery was the right move.

with my first deadlift workout after the injury i was scared of being injured with just the bar, and i had to remind myself that i put in the work and got cleared by my physical therapist to do the lift again. honestly i'm still not fully over it and not back anywhere near my peak strength. i get nervous when my working sets are in the 400s and straight up fuck with my own head when the weight on the bar is over 500.

my advice is to ease yourself back into it slowly. if your ankles are the cause of the mental block, then do a variation of the squat where ankle mobility won't be a big factor. try a wide stance bodyweight squat with your toes pointed outward and try to limit how far forward your knees travel by keeping your shins as vertical as possible. as you slowly get more comfortable with reps move your stance in start allowing more forward knee travel to involve your ankles a bit more and work your way back to your normal squat form.",0,0,0,0,1,0,1,0,0,0,
159,"read can't hurt me by david goggins. navy seal turned elite ultra endurance athlete. he has a lot of helpful advice for mastering the mental game. 

one really great observation he makes is that we choose lofty goals for ourselves often when we are comfortable, but we dont really think about the hard parts in advance until theg are upon us, leaving us unprepared mentally and more likely to quit. so he gives a lot of tools to handle those moments.
 
he describes the boredom and pain as things that you have to confront in order to build up your ""mental callous"" so that they just don't affect you as much later on.

one thing i noticed that goggins, michael jordan, tiger woods, and lance armstrong all had in common was they would find someone to make the enemy, and get fixated on defeating them. lance called this ""getting your hate on"", goggins calls it ""taking souls."" yesterday on a long bike ride i started cursing out the doctor who thought i had a heart problem and made do all these tests, which didnt show any problems. he made me anxious about it and that made me mad so i made the ride in my head a big ""fuck you"" to that doctor. ""who the fuck does this guy think he is telling me something is wrong with me. i'm gonna go even harder and show this motherfucker what a fucking idiot he is."" and so on. or i thought about a really fat guy that passed me on a bike in a race once, i took it as an insult and i had to avenge it on this ride.

another thing is goggins' ""cookie jar"", where you sit down and write out past success and challenges you overcame. then when you are feeling the thoughts of quitting come in, you think back to those successes and how they felt to block out the negative thoughts. each memory is like taking a cookie from the cookie jar. ""remember that half marathon you basically ran without training for and finished it with a decent time? you felt way worse than this and you arent even running as fast now as you were then! you got this!""

stuff like that.",0,0,0,0,1,0,0,0,0,0,
160,"personally im relaxed and confident after every run, but the high is illusive. you might not notice like you dont notice youre depressed and depleted other times.. its just some days that are extra palpable, for whatever reasons that might be at play.",x,0,0,0,0,0,0,0,0,1,
161,"hello, i was hoping maybe someone in this community may be able to help me go down the right path to reach my goal. basically, 6 months ago i began a cut and i went from 190lbs to 160-165 or so. i cannot decide if i should keep going through with the cut for the rest of the year and get to 155 or so (but part of me feels like 155 is too little, i have already lost enough muscle mass through this cut). or i go home in a week with my parents for break since i am a college student and will be there for 3 weeks, i was considering getting into a body recomp or a lean bulk because i still want to gain mass and hopefully shave off some of the fat i have on my stomach and chest. if someone can please give me some advice i would deeply appreciate it. i have kinda gotten to a mental state of i dont really care anymore about how people see my body anymore so thats why i am very much leaning towards a bulk since i want to get back to making lean mass gains.  
  
  
  
where i am right now is weighing in at 160-165 lbs(fluctuations throughout the week), i am 5'7-5'8 give or take, and for the past 6 months i went from a 2200 calorie diet slowly shaving off to 1700 calories which is what i have been eating for this whole fall semester.  
  
  
  
i have a handful of things i am curious about since i want to get into a bulk but still one that fits some lifestyle habits i have been building, like getting light cardio in daily for example an inclined 20-30 min walk on top of getting to 10k steps a day (treadmill included in those steps) and to get around anywhere at school i bike a lot. i also have been doing a lot more mobility exercises like physical therapy exercises i was assigned months ago to help my rotator cuff.  
  
i think overall i am lost on what a body recomp is and how to properly do one? i have been doing some research and it seems like what i would like to start off with before jumping into a bulk but i am not so sure.  
  
again , i might sound like a broken record but if someone can help i would deeply appreciate it. it would mean a lot to me and i just wanted to say thank you in advance for your time even to read this post.",0,0,0,0,0,x,0,0,0,0,
162,"as an aspiring clinical psychologist and a current armchair psychologist, my advice would be to delete this comment before your wife sees it. take responsibility for yourself. you go to work and you go to the gym, you can physically do this. 

both of you have issues. if you weren’t married, i’d advocate taking a break and getting both of your shit together individually. 

she’s got trust issues, which makes the other person feel trapped and guilty, and even end up to be a self fulfilling prophecy kind of situation.

i’m not going to comment on your morals. many people cheat. big deal, get over it. you can deal with that when you’re more stable but don’t worry about it for now. cut that tinder/snapchat crap, that’s just fucking bullshit you don’t need. self destruction is an impulse, work hard to combat it. 

both of you need therapy, both individually and group counselling. her drinking herself to blackout and cutting is also a big indicator of a mental health issue. add to that her always being upset. she needs help, and it’s okay that it isn’t you that’s helping her, that’s a huge burden on you. 

make sure that you love yourself as much as you love her. 

these are issues within your control, and you’re speaking as if you’re the cause and that you can’t do anything about it. the only thing you can’t control is the mental health of your wife, and therapy isn’t going to help until you get past your self destructive tendencies and communicate honestly with her about how you feel and what you need to work on as adults. don’t tell her about the cheating, many see this as bad advice cause coming clean is valued in this society, but right now that’s the last thing she needs to hear.

pm for clarifications, but first i’d urge you to see a professional about your self destructive tendencies. don’t let it blow up further, do some damage control and start by deleting your comment.

damn this pwo hits hard 

tl;dr
- delete your comment
- delete tinder 
- try to establish trust in your relationship. she has no reason to do that if she sees these comments or you cheat on her again / tinder bullshit 
- try to speak openly to your wife about this and your insecurities
- get professional help individually and group counseling",0,0,0,0,0,0,0,0,0,0,
163,"he did not say that they waived him because he informed them he would be taking time away. all he said was he has been seeking help for past trauma and is now going to use this time away (since being cut) to work on his mental health. nothing about why he was waived…

other players have taken time away and not been cut (ben simmons).",0,0,0,0,0,0,0,0,1,0,
164,"lifting seems to improve my mental health in a more subtle way. like i just feel less anxious, depressed, etc. cardio literally gives me a high. after playing basketball for a couple hours, that spent feeling is just amazing.

i still prioritize lifting, as that aligns more with my long term goals of improved body composition and strength gain. but the feeling after a hard cardio session is much better for me.",1,1,0,0,0,0,0,0,0,1,
165,"so many lies in there. royce explained what was actually going on and confirmed that he was punished for missing an appointment where the therapist cancelled on him. he was also denied the option to work with the team on finding a mutually agreed upon therapist, which is a massive issue for people with anxiety.

the ""addendum"" they're referring to and intentionally framing as if it were evil, was simply an added protection to consider mental health issues, such as anxiety attacks, as equivalent to injury in terms of how they were addressed. the league agreed enough to approach houston and attempt to work with them on making contract adjustments and amending the cba, to which houston refused. it's a fundamental safety thing; the cavaliers could have chosen to force kevin love back into the games he left with panic attacks, and he would have had zero legal recourse according to his contract. play or be fined.

most of those articles are from after things went to twitter, which royce did in direct reaction to a smear campaign key members of the rockets franchise led to trash him in the media and create this narrative that he was disruptive. the kid never said a word prior to that.",0,1,0,0,0,0,0,0,1,0,
166,as someone who is always anxious when deadlifting - how did it happen / do you have any advice?,0,1,0,0,x,0,0,0,0,0,
167,"i take an ssri, prozac. prozac also increases norepinephrine more than other ssris. it gives me the happiness and motivation i need to go to the gym. i’ve had better workouts ever since starting my ssri, not because of the pharmacology of the medication, but because i feel so much better mentally and have so much energy!",x,0,0,0,0,0,0,0,1,1,
168,":) if you're interested, i highly recommend the works of masha gessen, her books really helped me understand contemporary russia and since she is a native of the country she gives a perspective that's hard to find in english-language media. 

i grew up in an area with a lot of immigrants from the former soviet union, and their descriptions of the rampant, blatant corruption were shocking. i can't imagine what it must do to your psyche when you can't get anything done in your day-to-day life without providing some kind of bribe, or when you can't trust any institution to protect you in any way. 

sometimes i cringe a little when i see the way american athletes talk about or react to russian athletes. like i saw adam rippon quoted in the nyt about this:

&gt;“what about the irreparable harm it does to the integrity of the olympic games?” rippon said. “if they’re afraid of irreparable harm and don’t want to hurt her mentally, they should get her out of here right now and get her to a psychologist — or at least her mom?”

i think this shows that he doesn't fully understand the reality of her situation. kamila valieva is a child from a brutal dictatorship. there's nothing she can do to defend herself. she has 0 freedom of choice. he's talking about her as though her situation is comparable to an american athlete, and it isn't at all. imo, gelya melnikova deserves a massive amount of credit for using her english language skills to try and form a bond between the russian and american gymnasts. she's one of the few people i've seen behaving in the original spirit of the olympics.",0,0,0,0,0,0,0,0,0,0,
169,"to me, it isn't about a certain look for ""omg i'm fat i should cut"" or anything.  i like seeing my muscles, which the way i store fat get easily covered up at just a little more fat.  i look ""skinny"" even when overweight (many people did not believe what my real weight was).  

but i like to see muscle and so want to stay lower fat because of that.  and i **hate cutting**. i'm on what i hope is my last cut ever.   my boyfriend constantly asks if i'm eating (he's never counted calories before so telling him i'm eating a healthy amount of calories and macro splits means nothing because he doesn't see me eat the 3000+ calories he gets to eat, and instead sees me eat the 1300 calories i get).  i get cranky.  i get anxious.  i never want to do this again.   

so recomp will save my sanity.",0,0,0,0,0,1,0,0,0,0,
170,so i just recently finished losing 135 pounds and i’m making the transition from a 11 month cut to starting to bulk up. i’ve been very stressed over this next phase as all i can think about is food and trying not to get fat again. i want to eat a minimal surplus of like 200-300 calories but the idea of eating healthy or eating the most lean meats is making things hard for me. i don’t think i want to keep eating broccoli and chicken breast forever and i would like to eat red meats and pasta and have cheese etc. i’m not talking about wanting like fast food every day but to just be able to have like burgers at home and just not eating greens 90% of my week. i still plan on eating within my minimal surplus it’s just i’m not sure that the calories i have at home will be the best. anybody have any advise or tips on how they eat or where they get their calories from so i don’t get obese again.,0,0,1,0,0,1,0,0,0,0,
171,"i had to abandon my uber-intense hike after the second summit. i got up there and wind gusts were around 60mph, the cloud cover was making the rocks super slippery and reducing visibility to 10-15 ft. so i couldn't really see the next cairn. i think i've been depending too much on hiking for mental health (this was partially an effort to rebound with mountains instead of men), because i am disproportionately bummed and feel like a failure.

i know logically it was the smart decision to bail back to my car because conditions were bad, i was solo, and i'm relatively inexperienced, but it's making me feel like i couldn't do it instead of ""chose not to do it.""

another stupid thing is that even as a bail i hiked 9 miles and 4,500 ft. of elevation gain (so not like it was nothing) so a year ago i didn't think i could hike a single mountain of that caliber and would not have been up there at all.",x,0,0,0,1,0,0,0,0,1,
172,"^    ***please read [the faq](https://www.reddit.com/r/xxfitness/wiki/main), [the rules and content guidelines](https://www.reddit.com/r/xxfitness/wiki/new_rules), and [current frozen topics](https://www.reddit.com/r/xxfitness/wiki/frozen-topics) before [contacting the mod team](https://www.reddit.com/message/compose?to=%2fr%2fxxfitness)***. this comment is a copy of your post so mods can see the original text if your post is edited or removed.
>u/fair_security_6418
a few years ago i developed a life threatening illness which made me lose so much weight, all fat and all muscle and i became really weak. i was quite young at that time so i had no knowledge about the importance of these things, andbin recovery experienced extreme hunger which made me gain a lot of fat with no muscle at all

then some time later i developed an eating disorder, the kind where i starved myself, further depleting my body of any remaining muscle i had left. im partially recovered, at least weight wise, but i have absolutely no strength. 

i get tired easily, out of breath and have no stamina. i can't join a gym and doing home workouts is so difficult. i started taking sports more seriously in school but it only made me realize how weak i am.

im still very young but nowhere near a lively active teenager that everyone assumes us to be. i have no idea where to start and what to do, i don't have a say in what meals are cooked in the house so i can't even control my protein intake.
please advice me!

*i am a bot, and this action was performed automatically. please [contact the moderators of this subreddit](/message/compose/?to=/r/xxfitness) if you have any questions or concerns.*",0,0,0,0,0,0,0,0,0,0,
173,i don’t like to circle either so i ask if we can stay on one side. the anxiety comes from pressure when you know someone might swim faster and they are behind you so i get it. but i always share my lane.,0,1,0,0,1,0,0,0,0,0,
174,"i just ran in the cold, just had migraine surgery pushed a mile, my jaw and ears hurt so bad i almost past out from the pain. i don’t think anyone can ever have a tolerance to pain and stress, if it is true my chronic pain would’ve gone away, i’m 22 this sucks because i use to be a runner, now i get anxiety and insomnia after a mile wtf. it’s too bad modern medicine is quackery otherwise i’d be on something but i’ve tried, all of it is poisoned hot dog water",0,1,0,0,0,0,1,0,0,0,
175,"i’ve been doing it the last year or so…my body looks like a roman soldier haha - it’s essentially running and lifting weights at the same time. currently, i jog a quarter mile to the hill as a warmup…sprint up the hill (about ~40 yards) and then walk down…usually do this 3 or 4 times although now i’m playing with 5 &amp; 6 sprints)…then, a quarter mile jog back to the house as a cool down…my workouts take less than 25 mins total and they make me feel like a super mutant the rest of the day! it also drastically helps with my mental health and depression. once i get my sprints done in the morning, it’s as if i have this impenetrable mental shield around my brain the rest of the day that keeps the depression at bay - it’s literally become my medicine and i now look forward to chewing up that hill 5/7 days a week. i also drink a protein shake immediately afterwards (considering the muscles are more susceptible to rebuild/repair within the first 45 mins after a workout) and then chase the protein shake with a giant glass of water considering more protein requires more water for smooth processing. **lastly, i also like to do at least 100+ push-ups every other day for maintenance. hope this helps and feel free to ask any other questions👍",0,0,0,0,0,0,0,0,0,x,
176,"biggest mental obstacle i'm facing right now? i'm scared. like heart racing, oh god i do not want to go there again, i can't i can't i can't, i just cannot injure myself again terrified.

i could get my ass back on that treadmill and start again, but right now, i'm scared. i'm scared if i push myself even just the smallest amount too much, my butt muscles on the right side are going to become injured again and i'll just end up with more months of pain,  with increased depression and anxiety as a side dish.

i know i *need* to try harder than i've been trying the last few months (which has been barely at all, compared to what i used to be able to do) and i'm just...scared.

that injury was the worst injury i'd given to myself in a really, really long time and it was the first one that really had me wrapped in a horrible hell of pain, depression and anxiety so severe i was having more and worse panic attacks than i've had in *years*.

and i can't go back to that...i just *can't*. and my brain is going, ""start small. start slow and for a short amount of time and work up to an hour plus doing the mountain climbing program like you used to be able to do."" while the other part of my brain is like, ""are you out of your fucking mind, girl?""",1,1,0,0,0,0,1,0,0,0,
177,i always think in terms of minutes. i shoot for 30 minutes a day but honestly depending on how much i enjoy it i can do a 2 or more hours. there are some days where you are super energetic and can do 4 miles and then days where you struggle to do 1 mile- the point is to just move and have grace on you and your body.  you don't want to develop a mindset where movement is something to cause you to be discouraged or anxious.  i didn't do distance at first because i want to enjoy my movement and create a good habit. after a while i moved onto  timed running but that's because it's like a goal and because running is super therapeutic for me.,0,1,0,0,0,0,0,0,0,x,
178,"i get performance anxiety for the exact opposite reasons. i dont mind other people watching but when i expect myself to do well it all goes down to hell.

the best tip i can give you is just keep the same mindset as when you are practicing. find a way to get back into the same trance in practice",0,0,0,0,1,0,0,0,0,0,
179,"can we also look into the mental health field as well when we get rid of all the guns? 

edit: oh mental health field is fine. that’s why these guys shooting up places have slipped through the cracks.",0,0,0,0,0,0,0,0,0,0,
180,"\[2/2\]

**by whom not? the coaches?**  
“also by gymnasts. i wasn't the only one, by the way. eythora (thorsdottir, ed.) couldn't do it either and went back to hoofddorp. from that moment on, we were accused of abandoning the team. in my opinion: if things are not going well with yourself, then you have to find a solution. precisely so that you can be a valuable member of the team again. that message never came through. when i was back home, i received a phone call from vincent every week: when are you coming to nijmegen again?""  
**you had decided to go back to heerenveen with the help of your psychologist, but he kept asking if you were coming back.**  
“not if, but when. once or twice i think. the first few times were okay but he kept asking. they were afraid that the central training would be canceled if no one showed up, but i wanted to stay in heerenveen because i was doing better there.""  
**he didn't care about your mental health?**  
“that's where the irritation started. he and his daughters had different interests at the time.""  
**open &amp; naked**  
**» when was the last time you cried?**  
“this week. we had found our dream home in heerenveen and made an offer. later it turned out that we had been outbid by 10,000 euros. then i cried for a while.""  
**» what is your ultimate guilty pleasure?**  
,,good times bad times (dutch soap opera). that's really my half hour. that's because of my mother, because she used to get up when i was little. i always had to go to bed in the commercial and then i tried to stretch it until it was over. now, in the meantime, i usually do the dishes or fold the laundry. very relaxing.""  
**» what's the best gift you've ever received?**  
,,it's not really a gift, but that's a little how i see it. in 2013 i was called by hans gootjes if i wanted to go to the world championships. a teammate had torn her achilles tendon. then hans gave me the chance. i am still grateful for that. he said: 'i think we're really going to need you in the future, so do you want to come to the world championships?' that was actually the beginning. after that i didn't miss a tournament if i was fit.""  
**» which quality of another person annoys you the most?**  
“when people don't listen when i feel like i'm talking to a wall. then i can really get mad after a while. people always think i'm very calm and can't get angry, but at a time like this i can really raise my voice. even screaming if necessary."" laughing: ""i don't think many people think i am like that.  
**how did that affect the relationship between you and sanne and lieke wevers? you were a close-knit team at the rio 2016 games.**  
,,well, um..."" van pol swallows for a moment. ,,when eythora and i were back in nijmegen for a training camp, we were so humiliated and hurt in front of the whole group. something happened there that i can never forgive them. we were accused of not being there for the team. the coaches weren't there, so nobody intervened at the time. they just kept going. i didn't feel like anyone believed me. there was no understanding for my situation. you just felt that the door was being closed and that you no longer belonged in. while i have been with the national team since 2013. i have participated in all team tournaments. i felt like just taking the train home but wanted to show how strong i was. i didn't want to be bullied and driven away.""  
**you remained part of the dutch team together. how did it go?**  
the next day at breakfast nothing more was said. there was a kind of chill. i thought, you've hurt me so much, i'm not doing anything for you anymore. but of course i also needed them to get to the games. i built a wall around me and tried to see them purely as colleagues from then on.""  
**at that time you still had to go to the games together. did you know then: this isn't working.**  
,,one half of the team wanted to make something of it together with the staff, and the other couldn't do it without their father. that was the atmosphere. everyone was only concerned with themselves. eythora and i were happy roomies, so we tried to make the most of it. since i was the first to finish, i also went home first. when i flew back from japan i wrote down everything i experienced. that was very relieving. i was able to tear down the wall again. i just wanted to come home comfortably. i later showed those notes to my parents and my boyfriend. they were shocked when they saw them.""  
**you called sanne and lieke wevers colleagues. were they really friends before?**  
,,in the time of the rio games, yes. but that's over. as an elite athlete, you don't have much time to make friends anyway, because you don't have time to do social things. i was talking about this with my boyfriend recently. i actually don't have any friends at all, i hardly know anyone outside the gym.""  


**you have been together with your boyfriend jarne for a while now. do you know him from gymnastics?**  
""that's a funny story. i once stood in an elevator with the national coach, gerben (wiersma, ed.). he said that he had just watched the last episode of farmer searches woman (a dutch tv show). so i said, 'i always watch that too! i think i'll end up participating in that show.' then gerben said that he had heard that jarne would like to have a cup of coffee with me and gave him my number. that's how i fell into the trap. (laughs) when he once asked me what i was going to do that weekend, i said i had no plans and couldn't go back. i had never dated a boy before, i had no idea how to do that. on our first date we went for a walk, went shopping and had dinner together. then he wanted to watch a movie afterwards. after that we met more often and we liked each other so much...""  
**you threw yourself into gymnastics from a young age. did life outside of sports never appeal to you?**  
,,no, i had big goals in my head. i went to a party once and i remember thinking: is this it? in the meantime, 'normal life' is starting to interest me a bit. i'm looking into doing other things""  
**have you ever thought about quitting gymnastics?**  
,,after the games i did another world championships, but that didn't go well..."" van pol pauses for a moment, then wipes a tear from her cheeks. ,,i was so disappointed. i thought: i can go to this world championships. ""do it for me and if it goes well, i'll retire. but it didn't go well. after that world championships i cried so much. because i was just tired. i was so stressed. the last year and a half have been horrible.""  
**what now?**  
,,the world championships made me doubt. it is still there. i don't want to retire like this, it motivates me to continue.""  
**if we come back in five years, then...**  
laughing: ,,then i think we have managed to buy a house by now. by that time i'll be 32 and stopped, so i hope to have a baby by then. hopefully i can then guide other athletes. so that they can also make their dreams come true.""",0,0,1,0,0,0,0,0,0,0,
181,"it's nonsense. 

let's say someone just says ""mental health"". are they going to challenge that? that's going to be a really ugly fight with the player's association. 

they can't say they're committed to better mental health for players on one hand then not believing when someone needs a day to address their mental health on the other.

and if they start penalizing players for attending to personal issues such as a death in the family? oh boy, that's going to be messy.",0,0,0,0,0,0,0,0,0,0,
182,"&gt; if you go from eating 1200 to 2000 all of these extra calories will be stored as fat because your body thinks ""i've been starving. i'm gonna store this for later because i don't know when i'll be fed again"".

that's correct - if you binge eat. the reason why reverse dieting became popular in the fitness community is because competitive bodybuilders regularly go through extreme cycles of cutting (dieting) and bulking. when preparing for a competition, they eat very restrictive, unsustainable diets in order to get their body fat down to  low, unsustainable levels. post-competition, many of them are prone to binge eating due to the extreme, restrictive diet they were on. because of the binge eating, they are also prone to gaining excessive fat. reverse dieting, popularized by bodybuilder layne norton, is a tool to help prevent bodybuilders from binge eating - and putting on excessive weight. 

&amp;#x200b;

(megsquats also talks about her struggle with binge eating when she was bodybuilder: ""[my fitness story](https://youtu.be/vrjgzdd5lva)."")

&amp;#x200b;

again, reverse dieting is tool for addressing eating disorders and binge eating.",0,0,0,0,0,1,0,0,0,0,
183,"i feel like a lot of good things were said in this article. people react to stress differently, and being able to manage your stress will have a huge impact on your weightlifting / athletic / life goals. 

however, the way he talks about depression shows a huge lack of understanding of the mental illness. and in how he talks about it with as much confidence as he talks about the rest of his points, leaves me taking everything he's said with a huge grain of salt.",1,0,1,0,0,0,0,0,0,0,
184,"i know thiem used to do this a bit (the shoes incident comes to mind), but his attitude on court has been way more negative since his comeback.

it's understandable because he knows the level he can play at, but is struggling to get there. i think he needs to bring a sports psychologist on board, his problems now are mostly mental imo. 

he's said his forehand is a 9 out of 10 in practice, then turns to a 6 out of 10 in a match. there's a mental block causing that.",0,0,0,0,1,0,0,0,1,0,
185,"when i first started working out, my friend and i would snapchat a screenshot of our workout to each other and we agreed that we would do at least 4-5 days of 20 minutes of activity. it didn’t matter what, but it just needed to be 20 minutes. i think that helped get me in the routine of exercising, because i was a potato before then.  i really think that was the biggest help - i had someone who would admonish me when i didnt do it. i also had a friend at work who held me accountable too. but mentally, 20 minutes didn’t seem that bad, and sometimes it was as simple as walking.  

i followed c25k, but i went at my own pace. i repeated days most of the time. when i made it to the 20 minute long run day on the program, that was a huge mental breakthrough because it proved to myself that i could. the pandemic also forced me to run outside, which is 10000x more enjoyable than the treadmill. 

eventually i started realizing how good it was for my mental health and that was a huge breakthrough because running stopped becoming about losing weight and became about maintaining sanity. 

i helps to make small goals that are achievable and measurable. i made myself do at least 3 days. then 4 days. then 5 days. then i made myself increase my distance. i mostly ignored speed because i feel i could get discouraged if i focused too much on it.",0,0,0,0,0,0,0,0,0,x,
186,"you are not physically able to play with a torn acl. you are physically able to play with mental health conditions. 

injuries are not spectrum disorders. mental health is. nearly everyone deals with it to some degree. so you can’t just yell “i’m depressed” in the air and get paid for the rest of your contract. there does need to be a purity test here. whether it’s a doctor attesting to him being a danger to himself by playing or a stay in a psychiatric institution. 

if you’re bummed out about the nature of your job, you don’t get to get paid to not do that job. you quit, and find a new job. 

this is some hamfisted overcorrecting from mcmullen.",1,0,0,0,0,0,0,1,1,0,
187,"i played a bunch of sports throughout my childhood and teens.  the main one was fastpitch softball though.  as a teenager, my weekends and summers were spent travelling all over north america (and asia one season as well) for tournaments.  i was offered scholarships to a couple of schools in the us, but turned them down.  i was also invited to try out for the canadian national team, but turned that down as well.

the team sport dynamic was toxic to my mental health.  between the bullying from my coaches and not fitting in with my teammates, i ultimately decided it wasn’t worth it and walked away at 17.

it took several years for me to detox and reach a place where i wanted to play again.  unfortunately, recreational fastpitch and baseball leagues for adults don’t exist where i live.  i’ve tried a couple of slo-pitch beer leagues over the years, but it never stuck.  

i miss the sport, but i don’t miss the team drama at all.  individual sports are definitely more my jam.",0,0,1,0,0,0,0,0,0,0,
188,"there's something about running that is so different from other forms of exercise. i mean, i absolutely love going on a nice long walk, or a challenging hike. they're great forms of exercise. but running is a really specific type of exercise that puts you in amazing cardio shape, and knowing you can just bust out x amount of miles if you wanted to feels awesome. not to mention the mental health benefits. it's no cure, but it helps me manage my depression/anxiety symptoms a lot better than if i didn't do it.

when people are like ""ugh, you run?!?! why?? it's the worst!"" i'm just like...yeah, it sucks, it's not like i love running while i'm doing it (just not one of those people). it's the part after the run - knowing that i can, and being in super badass shape. like, as an example, i absolutely love to dance. i don't care if i'm the only one doing it, i love it, and if a great song is on, you bet your ass i will be dancing. let's say i'm at a bar with a great dj or a wedding reception or whatever, and everyone is dancing. so many of my friends have to constantly take breaks because they get tired so fast. meanwhile, i'm there the whole time without any breaks having the time of my life. why? because i have the endurance! i absolutely love that. plus, dancing is *also* an awesome workout, and doesn't even feel like one.

i got way off topic, but yeah. as much as the act of running itself sucks (for me, at least), i love everything else that follows it.",1,1,0,0,0,0,0,0,0,1,
189,"yea, in small profile cases - but nobody gives a shit about those. in high-profile cases, the pendulum is far on the other side. again like when love was saying about his mental health struggles everyone is there to support him, when an actual non-pro-athlete person has mental health struggles people ignore them because the support you have to give there goes beyond tweets. but high profile cases shape public opinion. you average small business owner will think this is what it means to give mental health help to his workers (letting them leach for a year at just mention of mental health struggles).",0,0,0,0,0,0,0,0,0,0,
190,"1) ons jabeur will win a slam. she has some issues she needs to sort out but her whole game in general is top tier until she chokes in the end. it is sooooo horrifying to watch. she needs a better mental coach or better yet a trained psychiatrist/psychologist on tour w her. 

2) rublev needs to sort out his issues with a psychiatrist and a psychologist,,, it's definitely hurting his game and the mental block is doing nothing,,, i was not active during the era when rublev had jyst started out in the atp scene but wasn't he world no 1 in the juniors? it's just soooo much of potential but the channeling and the mental blockage can be seen affecting his game

3) andrey should've been able to win his second masters 1000 title this year


4) andy definitely would've joined the big3 status if his hip didn't give out for another tour or two,,, he had it in him and from what i remember,,, he was all charisma on court.

5) med is going to win 3 more slams and that's about it.

6)rune will do great things. he just is a late bloomer.

7) sakkari and jpeg could both win a slam honestly.

8) shelton should be added into the rune/alcaraz/sinner debate. he's something look forward to

9) i kinda wanna see more of eubanks

10) if nick comes back and plays a full season. the odds are he'll easily make it to the top 8,,, atp finals and if he persists for another year,,,voy definitely can win a slam.",0,0,0,0,1,0,0,0,1,0,
191,"my mom was diagnosed with cancer in january of 2019. before her diagnosis, she’d been a long-time runner, completing marathons &amp; triathlons. once i couldn’t find a way to manage my newfound anxiety surrounding my mom’s health, i started running. i ran for the first time in years in february of that year. in april, i added lifting. they helped me find an escape when my entire world was falling apart and i’ve been working out 6-7 days/week for nearly 2 years now. 

my mom died in the summer of 2019 and now i run and workout for her. when i feel like i can’t go any further, i think of my mom, who would’ve given anything to run one last time. i keep a photo of her in my sports bra during my races and in the back of my phone on the daily. she keeps me going. she’d be really proud of my workout progress.",1,1,0,0,0,0,0,0,0,1,
192,"i think i’ve got an injury where i won’t be able to run for a handful of weeks and i’m in the midst of training for a marathon that’s in 3 months.  

i run both to push myself physically and mentally, but mostly for my mental health.

how do people cope when they can’t run and find their mental health is out of not ideal?",0,0,0,0,0,0,1,0,0,1,
193,"i'm gonna be responsible, it's stupid, i hate it, and let me run my life on impulse and unwavering persistence, but no. responsibility.

so a big custody dispute is incoming. those that recall the pictures of the kids dads house will know why. etc. tiny milf is legit scared of this. so i can't leave her to go through that alone. due to some silly rules i can't switch my license to alberta for awhile longer either.

so cutting all the seats out of my shit box crv, transferring jobs, and just house hunting while homeless is apparently not the plan. i hate it. i make decisions - not plans 😂. i decide what i'm gonna do, and then the steps fall in line, but no. now there's children and a woman to take care of. so here we are. 

grand prairie is straight up now my fucking plan. after housing prices it's set we're headed. i'll still go first and get a home and get the shit part out of the way. call me old fashioned but when there's suffering to be done it's the man's job lol. i'll go be homeless until i get a house closed. this is fine ha. 

all my albertan friends call it a shit hole. it has 10k more people than my nearest city 😂 i'm from the fucking woods so this is an upgrade. my skill set is in massive demand and housing is cheap af with decent population growth. so we could very well go out get a home and some investment property. do our time and come back here when the kids are finishing high school. 

so long story short i'm committing to moving. tiny milf agreed. i'm gonna slow down (who slows down we go as fast as possible fuck), put the brakes on and get the ducks in a row to set this move up for success. 

ps. i go to the gym again and benching 255x5 was very hard lol.

pps. i fuckin hate it cause i love sending it and being anxiety riddled for some reason. hard to worry about one thing when it's all fucked. oddly calming the chaos.",0,x,1,0,0,0,0,0,0,0,
194,"^    ***please read [the faq](https://www.reddit.com/r/xxfitness/wiki/main), [the rules and content guidelines](https://www.reddit.com/r/xxfitness/wiki/new_rules), and [current frozen topics](https://www.reddit.com/r/xxfitness/wiki/frozen-topics) before [contacting the mod team](https://www.reddit.com/message/compose?to=%2fr%2fxxfitness)***. this comment is a copy of your post so mods can see the original text if your post is edited or removed.
>u/suspicious_income_67
hey everyone! i am looking for tips to be more consistent with my lifts in the gym. 

i have been lifting for many years and really enjoy it. it is essential to my physical health and mental health. i also meal prep and eat a healthy, balanced diet.

i am currently getting my phd from a rigorous program, have a 20-hour ga, and work 4-5 shifts as a waitress (28-35 hours in total). i am getting anywhere from 2-4 lifts in per week, but often only 2x/week. i struggle with being consistent.

i am doing the most right now, and find that i often won't go to the gym because i don't have time. when i do have time, i might not go because i'm really tired or still sore from my last lift. i seem to be able to consistently get 2 lifts per week and sometimes more but i'd like to lift 4x/week.

does anyone have tips and recommendations for boosting consistency with a busy and active schedule? any tips that work well for servers or graduate students specifically?

*i am a bot, and this action was performed automatically. please [contact the moderators of this subreddit](/message/compose/?to=/r/xxfitness) if you have any questions or concerns.*",0,0,0,0,0,0,0,0,0,0,
195,"he can play basketball. 

i think using mental health as a cop-out is disgusting insult towards people who are genuinely struggling and a bad look for a league that had been trying to portray itself as championing bringing mental health into the forefront.

the guy can play, i don't mind that he plays. but tons of us are affected by mental health and gun violence, and it doesn't feel right that those things being sacrificed by the league and the grizzlies for the sake of pr to whitewash bringing back a rising superstar.",0,0,0,0,0,0,0,0,0,0,
196,"i've never heard of a reasonable amount exercise having a negaive affect on mental health, medicated or not. unless one of those people close to you is the doctor that prescribed the medication and they told you to stop exercising, i would go when you have the energy, but just don't overdo it. no need to set a new running distance or mile time or heavy lift personal record, just do something that you know you can do. and don't worry about setting a schedule just yet, or about your fitness goals, you'll have time to do that once your new meds kick in and you find your new normal.",0,0,0,0,0,0,0,0,x,1,
197,"i am extremely lean at the moment at 6' tall and 152 lbs. (6-8% bf but have a dexa tomorrow so i will know for sure) and want to start a lean bulk for the foreseeable future. 

the issue i am running into is i was just prescribed vyvanse and have absolutely no appetite at all. the vyvanse has made my quality of life so much better but its killing my gym work. i work from 8am-6pm and then usually hit the gym 6:30-8pm

 to combat the lack of appetite i have been doing a bastardized version of omad where i will have 2400-2500 calories after the gym around 8:30-9pm and my meds have worn off enough for me to eat. 

is there a more optimal way to work around the lack of appetite? i feel fine throughout the day energy-wise and force a protein shake down sometimes but i feel like i am possibly selling my hard work short. any insight would be greatly appreciated!",0,0,0,0,0,0,0,0,1,0,
198,"i made some adjustments to my diet/calorie intake in the last week (determined i was accidentally eating in a deficit for awhile, and that realization came from help from you wonderful people!), and while i know it’s not an overnight fix and there are other variables at play i was able to smash my bicep/tricep day yesterday and legs earlier in the week. increased weight and carried that intensity through the whole session.

i also have not been tracking every single thing that goes into my body and it feels so liberating! i tend to obsess over calorie counting pretty badly so “guesstimating” and keeping a loose count throughout the day was hard at first, but it made me realize i slipped into my old ways of being super meticulous about what i was eating. it’s not a bad thing until it starts to affect your mental health, which i hadn’t even realized it was doing. i need to trust myself and my body more to know what it needs.",0,0,0,0,0,0,0,0,0,0,
199,"if you quit lifting for 2 weeks every time you have minor knee pain that only hurts when you stand a certain way, your body will never adjust and you will continue to develop minor knee pain that only hurts when you stand a certain way every time you lift.

you will regularly have some tendon or another bothering you a bit if you're training. you do need to listen to your body, but you're not going to snap in half if you train through or around some minor pain. furthermore, there is a massive psychological component to pain. if you believe you did something wrong and injured yourself, you're going to be in pain, regardless of how your soft and connective tissues are actually doing. depression can also alter how you perceive pain.

personally, i'd try going back to the leg press machine and doing some reps with just the sled and seeing how you feel. make sure you don't lock your knees out at the end of the rep and (especially with some low back pain) don't bring your legs so close to your chest when lowering the weight that your back rounds. there's a decent chance that doing some careful light reps will actually help your pain go away. babying an injury usually leads to slower recovery, and, frankly, you may realize you don't actually even need to back off once you do some light work.

also, if you're still fighting back pain, i've found the advice in this video extremely helpful: https://www.youtube.com/watch?v=dwmgarqbtfi

of course, there is always a time and place for a doctor and you have to make that decision. i just find that most people get overly worried about fairly normal pains. either way, best of luck, and hope things go better for you!",0,0,0,0,0,0,x,0,0,0,
200,"it seems sports fans in many sports mistake physical injury for mental struggles. when a sportsperson is ""injured"" so regularly, it is often a cover for other issues..it makes sense right? players are left alone when they have a niggle, but not if they are anxious or depressed!",1,1,0,0,0,0,x,0,0,0,
201,"blood-dimmed tides, ""fortunate son ii: director's cut (which is somehow pg-13 while the original was r)"" edition, w4d3

i don't really struggle with that part of the lift, but if you or anybody you know ~~were diagnosed with mesothelioma, you may be entitled to compensation~~ have issues with cueing an upright torso/chest up on squats, put some wonky glasses on their nose and tell them the cost of replacing them and that they'll be blind as a bat for like 2 months if they fall down. guaranteed rock solid torso angle.

being facetious, but for highbar (especially atg) i usually look diagonally down at the corner of the wall in front of the rack, but gf lashed out again last night and i didn't have time or tools to fix the damage before lifting so i had to look straight ahead and keep a steady upper body to balance them on my nose, couldn't just take them off for fear of missing the j hooks when reracking and/or some twat stomping on them. and damn was it interesting, while this is no way to go about it from here on out, because it kinda upsets my neck, it felt more stable and secure than low bar ever has regardless of head or torso angle. mhm. will ponder this further. later, when i can look down again haha

rest of the session went well, hammy ouch isn't as recovered as i assumed it would be but it does its job without much protest so i'll allow it. looks like even my usual early lifting doesn't save me from the masses now though, there's some sort of uni excursion in town for historical and/or cultural lollygagging and apparently most of the students lift, and of course they gotta daypass in the closest gym they found. 

wasn't as rambo-y to navigate today though, aside from the general anxiety of being around roughly 45% more ruckus than i am willing to endure this early into the day while nursing a sleep deprivation headache. they knew what they were doing and did it quickly and efficiently though, with many occasions to work in for me when needed. i could really get used to this kind of busy gym. if forced to decide, that is.

oh, and one of them knew what kirk shrugs are and likes them too. first thing he asked me during smalltalk while he worked in with me was how many times people told me that i'll hurt myself lol",0,0,0,0,0,0,0,0,0,0,
202,"let’s debbie down all together! i get exactly what you mean. i never realized how much the gym mattered when it came to my self confidence and mental health until this happened. i feel guilty for not working out but i hate working out so much at home that i can’t push myself, which i also feel guilty about. and looking at previous pictures of my body just makes me so sad. but oh well, we’ll rebound. fitness doesn’t have an end destination it’s a cycle💕",x,0,0,x,0,1,0,0,0,1,
203,"i have a knee injury - no pcl from a roller derby fall that snapped it in half like nothing - that i’ve been dealing with for over a year now. physical therapy and anti-inflammatories help, but now the inflammation is overcoming the medicine and it’s sore all the time and i don’t know how to handle it because i’m sure as fuck not gonna stop the momentum i’ve built up.",0,0,0,0,0,0,1,0,0,0,
204,"i dont feel like i’m smothering him though. i rarely see him, and he maybe calls me like once every couple days and i never can know when to expect it. i avoid initiating contact because i always feel like i’m imposing on him and don’t want him to perceive me as needy and smothering! actually i feel really disconnected and isolated from him since because of ramadan and his schedule of eating and praying and sleeping and working and training we cant ever spend time together.  even though he only lives 15 minutes away i feel like we’re in different countries! i know he’s busy but it would be nice if he took the initiative to set a plan for a short date after he breaks fast. sometimes i think i’ve given him so much space and rime for himself he’s forgotten about me! but then we do talk today on the phone and i got so excited like a stupid teenager and then he tells me i should lose weight and rejects all of my offers to do things that could help him and help me stay connected with him. really ruined my mood and all i could think about is “gee when this ramadan is over he’s gonna be lean and proud of himself and i’ll still be fat and and he’ll realize how worthless i am after all. i should workout for 3 hours tomorrow and fast too so he’s not disappointed when we finally meet again” —&gt; disordered thoughts, i know they are wrong in every way! but it made me uncomfortable having this kind of reflexive reaction, you know?",0,x,0,0,0,0,0,0,0,0,
205,"i love how everyone claims that there’s a mental health crisis and that people need to be supported. but ben simmons just gets harassed and bullied eternally for a single play in a basketball game. which by the way wasn’t even that fucking bad. if his teammate had been cutting to the basket like ben thought he was going to it would’ve been automatic and nobody would’ve ever been saying this shit. if you watch the play where he gets the ball it makes some sense to pass, it’s only mob mentality that took over with everyone saying “he can’t score!”

now he’s basically been bullied to the point it’s affecting his confidence, but even still it’s not that bad guys. he passed it to fucking kevin durant rather than driving into traffic. he knows he doesn’t have the best jump shot. he knows that he’s gonna be driving into traffic from and awkward position and handle of the ball. or he can move the ball to kd at the top of the key.

if he had been cutting to the basket receiving that ball in a better position of course he’s going to shoot it. people are just looking for any play to clown him for. newsflash not every possession is going to be perfect. it’s the javale mcgee treatment and i’m sick of it. mcgee had proven to be a great player and very capable. but everyone would watch like a hawk for a goofy play and clown him for it to essentially bully him. forgetting the fact that he was one of the better 6th men/role players in the league.

ben simmons is gonna be fucking fine. and honestly i’ve seen worse cases of actually choking. bens priorities are just a little off because of bullying lowering his confidence. and you know what really hurt his confidence? his team blaming him for that odd play. joel saying he basically doesn’t want ben on the team. the dude made a play that was sub optimal just because it was out of sync and everyone, even his team and coach jump on him as a scapegoat.

what did people do when kobe had that awful series airballing fucking shots? shaq told him to keep shooting. but ben passes from the basket to a player he thinks is gonna cut for a 100% open look, and his teammates, staff, and fans instantly vilify him.

if the ball is bobbling or the grip is wrong, or your body position is awkward, or your head is down and you aren’t fully aware of the coverage, a smart player can move the ball based on where teammates will be or should be doing in his mind. when it all fits together it’s amazing. if kd is wide open there for the 3 people would’ve just kept looking for the next ben simmons fuck up.

i think ben should trust him self and keep trying to make the right pass and fuck everybody who doesn’t want to see that. same people shit talk lebron for passing in clutch moments when he’s just making the smart play. and now he has 4 championships. not saying ben is as good as him, but i swear sometimes you want players to be dumb and want everyone to act like they’re kobe instead of just being themselves.

edit: also watch the play again and imagine you don’t know about the narrative at all. it’s a fucking nothing play! it’s literally just a possession of basketball. ben simmons has 4 people collapsing on him. not that they would’ve stopped him. but he knows that he’s drawn 4 people so someone is open. if you are a driving style player and you drive and 3 people come to you? someone is fucking open and it’s a no brainer. he literally is encircled by 4 people it is a dream for a drive and dish guy. ya’ll never played fucking basketball on a team if you think this is a choke of any kind.",0,0,x,0,0,0,0,0,0,0,
206,"i enjoy complicated activities (intricate dance classes, heavy weight lifting) as a means to be ""in the now"" and block out the endless chatter and anxiety that can happen when i'm just sitting around.  i can't worry about work if i'm trying not to trip over my feet!  
i don't enjoy long runs  as much because my mind drifts and the chatter happens.    


also, the structure of following a set workout plan has helped me get through some chaotic times of my life (unemployment, the start of this pandemic, etc.).  


regarding diet, i've been pretty good on that for a few years now.  and i can totally notice my insomnia creeps back up the more i deviate from my current meal plan.  if i go out for a ""cheat"" meal, i'm guaranteed to sleep horribly until i get back on track.",0,1,1,0,0,0,0,0,0,1,
207,"it does feel like there should have been something in place for her to be able to pull out before she was in the air on her vault. i can't imagine being jade or mykayla right now, knowing that they could have put up scores that could have helped the team if only the decision had been made earlier. 

really proud of the ways that suni and jordan stepped up to compete in events they didn't expect to compete, and really proud of grace for being so rock solid. i just can't help but think that there are going to be a lot of discussions for all these athletes and their coaches afterwards about how we can look out for athletes' mental health in a way that's better for everyone.",0,0,0,0,x,0,0,0,0,0,
208,"the physical therapist i'm working with -- i'm a runner with hip problems -- is recommending that i start squats and deadlifts in addition to my regular upper body lifting to help strengthen my hamstrings, glutes, and other hip-ish stuff.

i'd \*stopped\* lower body stuff before because i didn't like the butt/glute changes i was getting -- i like my pancake ass, and my body dysmorphia was lit on fire, when my clothing size changed in a direction i'm not ok with (waist was fine, but the glute changes took me from a 4 to a 6, which is not ok for me), so switched to entirely upper body. he insists that sticking to high weight/low rep won't create those changes, but will help increase strength.

is he blowing smoke up my pancake ass? or is there some truth to this?",0,0,0,0,0,1,0,0,0,0,
209,"this is such a big problem for me.  i'm not very appearance aware and have trouble registering even very big swings in weight, let alone little things like muscle growth.  it's always odd to think that i'd probably have an easier time keeping to healthy habits if i was more self-conscious.",0,0,0,0,0,x,0,0,0,0,
210,"are you actually thinking this argument through?

looking at mental health records for a player who struggled with depression, you’d just see the psychiatrist’s diagnosis and what meds they prescribed.

what does that tell you about their ability to perform? nothing. you have no idea whether or not it’s going to hurt their production, and even if it seemed like it was you’d have to be wary of wrongly blaming the depression for it as there are a million other reasons players can struggle.

you think that’s the same as having a physical injury? the nature of mental health is drastically different, there’s so much guesswork and unknowable factors involved, whereas with an injury to the body you actually know exactly what you’re dealing with.",1,0,0,0,0,0,0,0,1,0,
