row_id,text,depression,anxiety,stress_pressure,burnout_motivation,performance_psych,body_image_eating,injury_distress,self_harm_suicide,help_seeking,exercise_coping,notes
1,"tl;dr a couple people watch when i deadlift and i'm dealing with it like an ant under a magnifying glass.


so noone else at my gym uses straps, chalk, or a belt. i've been using a straps for deadlift working sets (currently on 190kgs×5, 220 1rm) and chalk from halfway through my warm up sets. recently bought a belt to also use on working set, and eventually will use it for squat sets when my progress on lift gets a bit higher. 

other people have started watching when i do deadlifts. it's the moment  when they see the straps and belt come out and i feel super self conscious. not like 'everyone turns to look at me dl and they all applaud and then i found $20 and the bar's name was albert einstein', but the other people at the power racks pause between their sets and glance with the subtlty of a brick. it is worst if all the power racks are in use except for the one that backs onto the free weight area. i feel like any imperfection in form is amplified by the slightest bit of attention. and dl is an unflattering lift at the best of times. 

one of the tricks to success as a beginner is figuring out that people at the gym only care about themselves, and that you should never feel embarassed for being there. this feels like the opposite, and scrutiny is *terrifying*.

i am still awkward in a gym setting and already am intimidated by pretty women and super fit people, and it feels like a hate crime to bust out my gut in full force with a constipated facial expression and complexion of a squeezed thumb.

i am a bit motivated but very anxious.",0,1,0,0,0,0,0,0,0,0,
2,"yep. oddly enough when i started going to therapy i stopped having a desire to work out and race. i think i was using my unprocessed trauma and bullshit as fuel to either prove or punish myself. i stopped wanting to  associate with folks who loved to ""suffer"" like it was a badge of honor to run all day in freezing rain in the middle of nowhere.

took a long reset to reorganize my motivations for staying in shape, i care less about identifying as a ""runner"" or a ""cyclist"" along with being fast and ""laser focused"" (""*you wanna race like a machine, you train like a machine*! *yeah get it boy*"") and more on having fun (imagine that).

this means stopping to take pictures, feed cows on my runs, mixing up where i run, and so on. oh no my pace is going down, waaaa, i'm not going to get this strava koh. who cares.

i'm not getting paid to perform, so i don't treat it like an obligation where i am ""failing"" anyone if i decide to say fuck it and just walk, or stop to take in a view, or if someone passes me - they're on a different schedule than i am, so what do i have to prove?

consistency and diversification is key. with consistency, you have more leeway to take a day off and fuck around because it's not going to ruin your fitness.

it's important to diversify your interests (which are really investments in yourself). instead of just relying on running to make you happy, you can also ride a bike, or just walk, or explore motorcycling, or pushups, or kettlebells, or skateboarding, rock climbing, trampolining, detailing your car, and so on. because there will be days when you don't want to run. so you need something else to make you feel satiated.",0,0,0,1,0,0,0,0,1,1,
3,"i've been derailed. 

i suddenly find that i get extremely short of breath while working out. i actually think this has been happening for about a year, i just thought my endurance was shit. but it's escalated recently and i can barely breathe even when i scale wayy down. i suspect long covid is to blame, but my pcp referred me to a pulmonologist so i'm working on figuring it out.

add on to that, we are moving in about a week and i spend all of my non work hours packing or meeting vendors at our house, so my will to work out is incredibly low.

here's hoping i can get back to some low-cardio strength exercises after the move, for my mental health more than anything else.",0,0,x,0,0,0,x,0,0,0,
4,"same with canada , besides one province (bc) for some reason. i've been bummed out for like two months now , i understood it at the start but there is barely any cases where i live and it's still looking like july at earliest. i hate how i look , my overall life goes downhill when i can't lift , i'm angry, not eating right , the list goes on.",1,0,0,0,0,1,0,0,0,1,
5,"cried at the gym yesterday because my tailbone injury was really flaring up after a week of it seeming to get better, and i knew that the workout i'd done had likely made things worse. like i was literally welling up as i was in plank position. 

i'm so bad at being injured. messaged our coach to let him know i likely won't be able to play in our match this weekend (which isn't great when i'm the captain) who told me to ""stay out of the gym!!!"" but it's so hard when this is my routine and, clearly, my mental health is so intrinsically tied to being able to move my body. 

my poor boyfriend had to walk me home and was trying his best to console me/cheer me up - his first attempt was ""just think of the lunch you've got planned!"" so it's clear he knows me well!",0,0,0,0,0,0,1,0,0,1,
6,"anyone recommend me any good reading materials related to overall fitness, mental health or anything that left a favorable impression in your life?",0,0,0,0,0,0,0,0,0,0,
7,"i’m british and a former gymnast. this doesn’t surprise me at all. i didn’t compete at elite or anything but trained and competed at an elite gym alongside two gymnasts who are current gb elites. 

there’s definitely a toxic culture in british gymnastics. although i’m not aware of any sexual abuse (not to say there isn’t any), emotional and physical abuse is definitely prevalent. 

we’re a very small country in comparison to the us, which means that there are a lot fewer athletes and therefore any people with potential are pushed insanely hard to get to higher levels. i have memories of a lot of emotional abuse and name-calling from coaches when i made mistakes, and being forced to train on injuries like the us girls mentioned. one of my team mates was once forced to train full out the day after being in hospital for a concussion. 

i eventually had to quit because of a serious injury caused by continuing training on an unhealed injury. 

i hope something comes out about it because i’m still scarred by my experience in gymnastics. i still have pain from my injuries and my experience with specific coaches has left me terrified of authority figures and caused a lot of anxiety. i imagine it’s the same for a lot of other past and present bg gymnasts.",0,0,1,0,0,0,0,0,0,0,
8,"sometimes i hate my body because of my  gender and it gives me some major emotional issues at times because i know it takes longer to put on muscle as a girl. i really try to only compare me to myself and not others and i know of some kickass female athletes out there, but sometimes it stresses my out to curl 15s when every guy around me curls 40s  


i don't know, sometimes i htink i'm trans but spending time on r/egg_irl it just doesn't quite feel right to me. i've experimented with it before. idk, i'll talk to my therapist.",0,0,1,0,0,1,0,0,0,0,
9,"i'm really sorry you feel that way. 
anxiety sucks.

your gym mates don't think you're burdensome. but like you said you know that. 

but, as a former gymnast... handstand tips?",0,1,0,0,0,0,0,0,0,0,
10,"got this tennis elbow/tendinitis and also think i have a torn bicep. kept ignoring for months and working through. eventually said enough was enough and took 2 month off, zero improvement. dr said we could do a cortisone shot, then said no will do physio instead. i'm so depressed, i just need to go back to the gym. longest i've been off the gym. also gyms now shut coz of fuckwid-19. diet has gone to shit, i'm drinking all the time feeling no improvement in the arm and can't see a point where i'll be back to a good state to train.",1,0,0,0,0,0,1,0,0,1,
11,"am i reading too much into you question? ignore the rest of my comment if i misread you. i just detect a bit of performance anxiety even before you take the class. you maybe successful this session or it may take more than the allotted time period to learn all the strokes. i’m just afraid that if you set a solid goal and don’t meet it, that you would quit or lose interest. best of luck to you. keep going!",0,0,0,0,1,0,0,0,0,0,
12,welppppppp i put in my application for the 2022 chicago marathon.  we'll see if the universe wants me to run it!  can't wait to have a bunch of anxiety dreams about it between now and when we're notified about selection status in december!,0,1,0,0,x,0,0,0,0,0,
13,"coming from a fellow anxious gym-goer, i’ve found that i just have to force myself to get through the uncomfortable-ness🥴 it sucks every time but i promise, 99% of people aren’t watching, don’t care, or sympathize with you because they were a newbie once too. the other 1% might judge you, but they’re a-holes anyway so who cares about them.",0,1,0,0,0,0,0,0,0,0,
14,"i’m almost 40 years old. and at this stage of my life i think i’d take the experience and memories over the additional $70m. 

in my early 30s, i got a huge break in my career, and my earnings put me into a very comfortable and borderline luxurious lifestyle. 

the increase in earnings is at most a temporary level of happiness and absolutely does not do anything for sustained happiness. 

depression still exists, anxiety still exists. and the emotion of happiness is the same feeling as when i was less well off.  when elon musk or bill gates feel happiness, it isn’t any different than myself in any way. it’s the same hit of dopamine. 

i think winning two rings will deliver something money can’t which is the fulfillment of accomplishing a life long dream.",1,1,0,0,0,0,0,0,0,0,
15,"i’ll be gone to philly for two days so no gym for me until monday..but to look at it as a positive, i’m ready to eat some food and get my body and hormones in check because right now i am a hot wreck after my depression induced suicide cut. it sucks that i’ve lost progress, but i can only learn from my mistakes. i’m young so i have a ton of time in my b.b. “career”, and it’s only up from here

kill your lifts boys, we are all going to make it",1,0,0,0,0,1,0,0,0,0,
16,"no problem.

you honestly do. i am currently 23 so i am not that old but i have noticed that social media partly killed my drive to work out when i was at your age. because i did not know a single thing about the science behind working out and eating and was just mesmerized by all the buff people on the internet. in the end it made me feel inferior and led me to believe that i cannot achieve such things. i‘m by no means extremely buff nor very strong but i have been consistently working out for more than three years and it is mainly because i understood that comparing myself to others will never work. look at yourself from 1 or 2 years ago and judge your progress based on yourself. this helped me to gain a healthy view on my body and see actual progress",0,0,0,1,0,1,0,0,0,0,
17,"is there anything else in your life that's changed a bit that might be impacting your negative thoughts and overall mental health? are you getting enough sleep? socialising? i find that when negative automatic thoughts make a reappearance in my life it's because something's gone slack. 

when these thoughts happen, take three deep breaths and remind yourself that this thought is not serving you any purpose, try to let it go and carry on with your lifting. 

what i used to do when my nats were really bad was write down each negative thought, how it made me feel and then piece together evidence to dismiss it. for example:

take the thought: ""i'm not strong enough, i'm weak and pathetic and embarrassing.""

evidence to dismiss: ""i'm going regularly to the gym and lifting weights. even though my weights have dropped a bit, that's okay, we all have good days and bad days. i am not weak, nor am i pathetic or embarrassing - i'm trying my best and that's all that anyone can ask of themselves.""

i found that writing these down and going through them as soon as possible (it used to be after work, though the sooner you do it the more effective it can be) to try and alleviate the negativity and hurt that you're causing yourself. the more you repeat the practice, the easier it gets to dismiss thoughts on the spot until you eventually don't get any or they become very rare.

you could try setting yourself a goal of adding one more rep each time you go to the gym and build back up to what you used to lift. try to get comfortable and content with small achievements and don't beat yourself up for taking a few steps back. 

try to treat yourself as if you were a child. imagine if you heard a little version of you being called all of those things or calling herself all those things. you'd want to envelope her with love and tell her not to be so hard on herself. everything takes time.",x,0,0,0,0,0,0,0,0,0,
18,"i hope so. i've just gotten to a point where i don't think i can trust what i see in the mirror.

i'm a size xs in most clothing, i'm like 65kg at 5'9 / 25yo male and yet in my head i *still* see my face as chubby. its so annoying (yeah i'm already getting help for the mental health aspect of it). 

just gonna try and focus on getting stronger, since that is something that's actually measurable easily if that makes sense!",0,0,0,0,0,1,0,0,1,0,
19,nope. i was both overweight and depressed. didn’t start lifting with bodybuilding in mind at all.,1,0,0,0,0,x,0,0,0,0,
20,"i legit enjoy the sport of soccer and i genuinely go for the team. perhaps if the mls was packed with mega stars i would feel different but i can score a ticket for around 40 bucks in the section i want usually. that is cheaper than a nosebleed ticket at ben hill for a gator game.  

i understand the importance of load management for later in the season, i think its more of an acknowledged thing in the fan bases in soccer. also, i think it has less of an impact precisely because its not a ""premiere"" league like the epl or something, so the skill level between a starter and backup may not be as a noticeable to the fan base as in basketball, where stars carry such gravity in numerous ways.

everyone needs it every now and then and i would rather all of my employees take a mental health to *prevent* burnout than do it *after* burnout has set in where its a much bigger issue. if everyone is doing that i might want to look at root causes of what is causing said burnout. which is what the league should do here. i do wonder if teams might like load management to prevent injury and keep costs of the health care and it's insurance down. they can probably show the insurance company ""look, we do everything we can to prevent injury, including 'load management' at detriment to our fans, we deserve a lower premium"". that is what our company does, its basically the biggest reason the safety rules are in place as far as (sadly) management is concerned.  

regardless, i agree with you the league needs to fix this because ultimately *you are right*, people pay a lot of money to take families to see the game.",0,0,0,0,0,0,0,0,0,0,
21,"my immediate goals are to get rid of this gut i have and to get in decent cardiovascular shape. i've never been more than barely overweight but because of my genes i guess basically all of my fat gets stored in my gut. it makes me self-conscious so i want to get rid of it first. i also had found i got winded embarrassingly easily so i wanted to work on that too. i think being able to run a 5k in 30 minutes is a good standard for being in solid cardiovascular shape so i want to hit that and then maintain it. weight loss and cardio complement each other so i've been doing them at the same time.

once i hit my goal wrt body fat % (my goal is something between 12-15%, i think 140lb at 5'8"" is approximately right but i figure i'll know i'm happy with it when i see it), i want to work on gaining strength and a bit of muscle size. my plan is to run the greyskull program until i complete it and then do an intermediate program for a while. again, i think i'll know i'm happy with my appearance once i reach it, but i haven't done much research on what kind of intermediate program i should do because i've never in my life come in danger of completing a beginner one. my impression was that i'd be finished with ""noob gains"" pretty shortly after i finished the greyskull program (approximately three months), but if i can keep that level of progress up for two years then i'm certain i'll get where i want to be in that time frame.

my main goal is that i want to reach a basic level of fitness in all the big categories and then maintain that. and i want to look good. so i've been doing a stretching regime and a core routine as well for the past couple of months. 

i don't feel like crap at my current deficit but i fear i might if i started lifting too. i'm making steady and impressive progress with my jogging regime but i do feel totally dead on my days off sometimes. not sure if that's a sign that i'm doing things perfectly or if i'm overdoing it. 

a cut to 14-15% bf and then a slow bulk afterward sounds exactly like what i want. i think i'm just concerned that i'll still be chubby by summer and i really don't want to be. it would probably be a lot easier to estimate how long i'll need to cut and at what deficit if i could get an accurate read on my bf. is there an easy way to do that without getting a fancy scale? maybe i should just bite the bullet and invest in a fancy scale?",0,0,0,0,0,1,0,0,0,0,
22,"agree about the miserable nz winters morning. my why's include mental health, wanting to feel fit and strong, and being able to keep up with my team mates in an upcoming adventure race. weight loss would be nice too but not a primary reason.",0,0,0,0,0,0,0,0,0,1,
23,"spot fucking on. the mental aspect of injuries is terrible. i was depressed and scared to run for two years after my surgeries, can’t imagine what it’s like for hayward. hope it gets better for you, all i can say is do everything your physical therapist yells you",1,0,0,0,0,0,1,0,0,0,
24,"**robie point to the placer high track (100.2 mi): 135th place**

my previous pacer, nate, and one of my crew members, kyle, were both waiting for us at the aid station. they were in good spirits and chatting away while i continued to miserably climb up. upon leaving robie point, you continue to climb another third of a mile uphill on the road. i was grumpy, the road hurt me feet even more than the trail had, and even the hordes of screaming spectators couldn’t lift my mood. my mom joined in about halfway up the hill. even the presence of so many people i love could only boost my mood so much (as evidenced in my [painful grimace of a smile](https://i.imgur.com/fywuzcm.jpg)), and i was still feeling rough. soon we started making our way over the crest of the hill and down towards placer high.
 
i wanted so badly to be able to run this downhill. i was being passed by countless people happily jogging, and i was walking. as we crossed the bridge right before the school, another woman from my women’s running group was cheering and telling me how great of a job i was doing. i’m pretty sure i must have looked so angry, but on the inside i was really happy to hear that. finally i entered the track. one of my gu people, celia, ran over cheering. she literally always boosts my mood with her infectious enthusiasm, so that was a big boost. after i hit the track, i started to [slowly jog](https://i.imgur.com/muhikhq.jpg). it felt like a herculean effort, and yet i’m pretty sure i was _maybe_ going like [13 minute pace](https://i.imgur.com/z7bxbmt.jpg). 

the atmosphere of the stadium as i rounded the track was like nothing i’ve ever experienced. i still tear up a bit when i think about it now. there were people just hanging over the fence, video taping, taking photos, screaming and cheering. i [stepped across the finish line](https://i.imgur.com/06x6gtl.jpg) and just bent over for a moment, finally taking a breather. i had made it with about 1.5 hours to spare before the cutoff. i got my medal, [got a hug](https://i.imgur.com/598qgbi.jpg) and a bottle of water, and got some reassurance from the race director. as i stepped off the track, i saw my dad and instantly [hugged him](https://i.imgur.com/roqfm0t.jpg) before turning around and [hugging my mom](https://i.imgur.com/xivhbyg.jpg). after letting her go, she tapped me and told me to turn around because someone from gu wanted to see me. i turned around to see [magda](https://i.imgur.com/5hdzlek.jpg) reaching out for a hug, which was just totally surreal. she’s a huge idol of mine and to get a congratulations from her meant the world. celia, being the amazing person that she is, was documenting this all. 

### post-race

hugs and tears exhausted, we started the long shuffle over to the medical tent so i could get my feet and my bee sting looked at (it had swollen into a giant red blot, and it hurt to bend my wrist, so i wanted to make sure nothing was terribly wrong). the medical staff got me some anti itch cream for the sting and reassured me that it was fine, and got to work on my feet. of course, right as they started to inspect them, i started having the worst quad cramps i’ve ever experienced. they had to massage my legs for a few minutes to get the cramps to subside before i could even straighten my legs to let them see my feet. after [checking out my feet](https://i.imgur.com/gb1b1cz.jpg), they basically told me there wasn’t really anything they could do. my feet had been so wet for so long that the forefoot was completely macerated. the skin had sheared so badly that it was totally separated from the rest of my foot, and the space between was full of liquid. all there was to do was wait for the liquid to reabsorb and the dead skin to slough off. 

after absorbing this news and mentally preparing for a few days of pain, i slapped on some new socks, put on my slides, threw out my race shoes (they were at about 400 miles and had been through 4 ultras already, it was their time), said a sad goodbye to my friends who had to leave for their flights home, and shuffled over to the gu tent. i hung out there for a while chatting with celia and my parents, eating some breakfast, and drinking a [celebratory post-race beer](https://i.imgur.com/limhlwj.jpg). i really wanted to go over to the track to watch the golden hour finishers, but i legitimately couldn’t walk and was trapped in a chair. i did some fervent cheering from my vantage point though.

eventually, i started to slowly crawl over to the big tent for the award ceremony. they hand engrave your name and the finish year on your buckle, so the ceremony isn’t until 12:30 (cutoff is 11). as i waited in the tent, i started to feel really overheated. i started hyperventilating and felt like i couldn’t breathe. embarrassingly, the medics had to come over and i ended up sitting with a bag of ice on my shoulder to try to keep cool and not pass out. looking back, it’s kinda hilarious that i made it through the entire race without being too affected by the heat only to be destroyed by it afterwards. 

after suffering through the top 10 male/female awards, they started handing out buckles. it was in order by finish time, so i planned to start getting up and walking over to the line when they called the 25 hour or 26 hour finishers. i knew i would be walking super super slowly so it would take me forever to get there. while i was waiting, standing up under another tent, i had to get more ice to drape over myself because i almost passed out again. finally they called my name and i could crawl over, [get my buckle](https://i.imgur.com/wmj0yxl.jpg), and limp to the rental car. the air conditioning in the car felt like heaven. we grabbed some in n out (i just really wanted french fries) and drove over to the hotel. i looked so pathetic trying to walk that they ended up wheeling me to our room on a luggage cart. i took a hot bath to loosen up the dirt caked all over my body, rinsed off with a quick shower, and collapsed into bed. i fucking did it. 

### future plans

i absolutely want to do this race again someday. i think if i really focus for the next 5-10 years, and get a good weather day, i could make it in under 24 hours and get the silver buckle. i know i lost a few hours because of my feet, but it’s a good sign that my quads didn’t give up the ghost at 62 miles and i was able to handle the heat pretty well. i’ll be putting my ticket in for the lottery next year, of course, and i am already having mild nightmares that i’ll get in again with one ticket. as of right now (less than a week post-race), i have no desire to do an ultra anytime soon. i plan to do a 24 hour race next spring, and i’d like to do another 48 hour sometime, maybe next winter at across the years. i also like the idea of doing a fast 50k and trying to set a big pr there, considering my current 50k pr is a split from a 50 miler. right now i’m fired up to go for a marathon pr at cim in december, hopefully nabbing a safe bq time. it will be nice to switch things up and go back to fast(er) road running for awhile. i’m hoping that focusing on speed will help improve my running economy and aerobic base, both of which will end up helping me in the future in ultras. i’d also like to get faster and fitter just to make it easier to run uphill, because good lord i suck so bad at that. i’m hoping that by this weekend my feet will be healed enough to jog a few miles, because i already miss running. this is probably the longest break i’ve taken since maybe 2017 or 2018, and it feels really weird. 

overall, i am ecstatic with my race. while i wish my feet had held up better, i am so thankful to have finished the race that’s been my dream ever since i found out it existed, and a race that so many other people have dreamed about as well. it still feels a little surreal. i keep checking my buckle to make sure it’s real, and still tear up a bit when i think about the race. i didn’t have a perfect training cycle, and i didn’t have a perfect race, but right now i wouldn’t trade it for the world. from what i can tell, i was the youngest non-elite finisher (aka, a lottery entrant, not a golden ticket winner or anything). during one of the hardest years in race history (tied for #2 hardest on the western states website!), i finished a race where 33% of entrants dnf’d, 48% finished in the last two hours before cutoff, and temps hit upwards of 106 degrees. i’m pretty fucking proud of myself.


made with a new [race report generator](http://sfdavis.com/racereports/) created by /u/herumph.",0,0,0,0,x,0,0,0,0,0,
25,"of course it's mental. his problems are all mental. he's a phenomenal athlete that has some hang ups with performance anxiety, especially when the pressure is on. there's been reports that he's seeing a professional - hopefully he's been taking it serious instead of pretending there's not really a problem.",0,0,0,0,1,0,0,0,1,0,
26,"it seems like she really wants to be healthier/lose weight but her heart isn't in it. but just from an outsider's perspective, i do feel like all those exercises are a bit hardcore: circuit workouts, pilates, orangetheory, cycling. have you looked into something easier and less strenuous? going from sedentary to what i would consider intermediate difficulty workouts would be pretty nervewrecking considering shes in her 70s. i would recommend something easy and light to begin, like yoga, walking, light jogging. all the old ladies in my area get together and do tai chi at the local park at 7am and then hang out and get dim sum after, it's kinda cute. having a community or support group that are active together might help her get out of the house because based on your post she sounds like she might be going through some symptoms of depression.",0,x,0,1,0,0,0,0,0,0,
27,"okay, i really need some help. in 2021, i lost 40 lbs for my wedding and felt amazing. now, two years later, i have gained all the weight back and have been greatly struggling with my body image. i want nothing more than to feel confident and be able to wear my old clothes again. on top of this, i just had an unexpected pregnancy that ended in a missed miscarriage. i have been devastated by the loss, and want to try again but i want to know my body weight is not going to cause any issues with pregnancy. currently, i weigh 192 lbs at 5’10. i used to lift and walk every day, but got busy and stressed and life got hard and all my good habits dissolved. how can i overcome the anxiety of starting over? it took me over a year to lose 40 lbs last time. i would love to lose this weight within 6 months. is that possible? how can i do this? i feel so lost and even though i did it before i just feel like i can never do it again.",1,0,0,0,0,1,0,0,0,0,
28,"cj was cj, covington forced a dunk, and melo had anxiety after missing a clutch 3, so later when he had a chance for a 2 he didn’t take it. sad life , that shit was historical i’m showing my kids.",0,0,0,0,1,0,0,0,0,0,
29,"listened to most of the recent for the love of climbing episode about austin howell, aka u/freesoloist and it drove me to look back over some of his posts and the articles about his death. what a tragic story, it's tough reading some of his posts from the weeks before his passing and seeing the hubris in them. 

i also didn't realise that it wasn't a broken hold that led to his fall as was reported in some of the articles at the time. it makes it a little tougher knowing that this wasn't an accident caused by random chance, but an error in judgement and maybe pushing past his limits. 
 http://publications.americanalpineclub.org/articles/13201215633 

&gt; howell was known to record himself climbing, and on this day his camera filmed the entire incident. investigators were able to view the video and observed that he had both hands on the rock when his foot slipped. he tried unsuccessfully to regain his footing on the overhanging climb and fell. free soloing is inherently dangerous, with no room for error, even for the most talented and experienced soloists.

i have to wonder if the fact someone was there to film and photograph him that day (though they had finished shooting before the fall) meant he was pushing the boat out a little more and so psyched that he just kept raging beyond his capacity. 

at the end of the day though, it sounds like he struggled with his mental health to the point of self harming and contemplating suicide. maybe there could have been a more healthy outlet for him but perhaps free soloing was uniquely able to give him a reason to live even though it ultimately killed him. i hope though it's a cautionary tale for other climbers.",0,0,0,0,0,0,0,0,0,0,
30,"yeah i got pretty lucky, i have some stretch marks but they're very subtle now and in inconspicuous places. through middle school i was 5'3 at 183lbs until i was about 13. freshman year of high school i grew to 5'8 but still weighed around 190lbs.  at that point i wanted to change everything and was deeply depressed from bullying so i basically all but stopped eating (i had to see a doctor for eating disorder stuff, was very unhealthy). by junior year i was 5'11 and 125lbs and remained that way until i was 18 and started looking into fitness and taking it seriously. 


currently 20 years old.",1,0,0,0,0,1,0,0,1,0,
31,"absolutely. i'm still working on changing my attitude towards moving my body to this day.

i always believed i was just not built for sports since pe was all about things i couldn't do well or didn't like at all. seeing peers looking forward to things like a day long school wide volleyball tournament made me feel worthless because i dreaded those days. even though i had a teacher for two school years who really put in extra work for me and some other kids who couldn't keep up. he gave us extra encouragement and time to finish some requirements. he was a great gym teacher because he truly wanted to increase our skills. i still think about him sometimes because i am thankful for his kindness. still, he couldn't undo the effect of years and years of feeling horrible during pe. no teacher was ever mean to me though.

i still feel ashamed to practice any sport when anyone is around. i feel inadequate at the gym, don't practice any team sports for fear of letting the team down. i run all by myself in the forest where no-one can see me because i'm ashamed of my lack of speed and the redness in my face. i quit a physical therapy group because after six weeks (12 sessions) my anxiety about failing in front of the other participants still went up and up and up. it's not all pe's fault of course. i think pe just excacerbated some anxieties and low self esteem i already had.

i to go a personal trainer now. fitness goal: teaching me that moving is fun and that i'm allowed to practice sports where others can see me. just now i'm seeing that focusing on the things i'm not (not flexible and not fast) is great for putting myself down while focusing on what i am naturally good at (getting strong) gives me pleasure. so i'm trying to accept what i am for now and have fun working on getting stronger. maybe i will get a bit faster and a bit more flexible on the way, we'll see.

i was 30 years old when a colleague blew me out of the water with a comment about a presupposition they had about me: 'huh, you don't like sports? but you have quite an athletic build, i thought you would love sports'. changed my whole perspective. i never saw any potential for myself to be athletic in any way up until that comment. i do own horses but i never saw that as being athletic since riding, training and caring for them came so easily for me. like sports can't be sports if i don't struggle and fail.

so i'm happy to be part of this sub because you guys reinforce the idea that wanting to be strong as a woman is a good thing and that having fun while doing it is possible and even common. you are inspirational to me on my journey to discovering my own athletic abilities. posts like this make me feel i can still be an athletic person even though i didn't fit the bill for pe. so thank you for that!",1,0,0,0,x,0,0,0,0,x,
32,"fitness: today i did my first ""leg day"" since my back injury in october. whenever i go to the gym i've been doing upper body and cardio and i'll maybe throw in a leg lift here or there. but today i just did rdls, bulgarians, single leg rdl's and goblet squats. all very light weight. and i am still jello legs. 

my back is definitely getting much better but i'm really re-evaluating if i'll ever try to push weights basically ever again. i don't think i will, and there'll probably never come a day that i do traditional deadlifts again. 

not fitness: i am considering leaving the loseit sub. i've been in it since 2017 and my primary focus is always weight loss. it's just so negative all the time. there's so many posts lately about is it worth it to lose weight if you'll just have loose skin and i'm like please don't continue to make me feel bad about something that i've accepted as my reality 😂 it's ultimately a useless sub to me, but it feels weird to leave.

also this matters to no one in the world but the other day i saw a bunch of girls at the gym wearing sweatpants / joggers and sports bras and i think i'm gonna make the switch from leggings to joggers in the gym. i ordered some new ones from lululemon (because i had a gift card) and all my sweatpants are very much lounge ones, not workout ones.

edit forgot to mention: i'm really excited because i started a new job last week that essentially doubled my salary. and it's the first time i could ever afford to enroll in something other than the cheapest health insurance with the highest deductible. so the one i enrolled in has a much lower deductible than i've ever had and covers me with physicians that are out of network. so, looking forward to finally being able to afford going to a chiropractor and a therapist that isn't awful",0,0,0,0,0,0,1,0,0,0,
33,"i started it purely for cardio for competing in bjj. the more i ran though, the more it made my head feel better. i’ve always been an anxious person and it helped immensely. i’ve competed in bjj for awhile at a fairly high level and it’s insanely stressful for me, but i’m one of those super competitive people (the never ending need to validate myself to others). running gives me an outlet to compete without the stress of someone else trying to injure me, makes my head feel better, and it turns out my 65+ vo2max is super suited for endurance.",0,1,1,0,x,0,0,0,0,1,
34,"like so many have said, it’s the mental aspect that gets you. i used to box growing up until one day, during a normal sparring session, i threw hard right that dislocated my shoulder so badly they weren’t able to pop it back in at the gym. 

fast forward a lot of xrays and mris later, i underwent surgery to repair my fucked rotator cuff. afterwards not being able to lift a fucking spoon to your mouth or how a small bag of groceries feels like a sack of bricks really gets to you. 

physical therapy is also hell. your life just stops as you sit and wait and do rubber band exercises alongside old women. 

since i couldn’t box or do anything remotely physical- i sat at home after uni just getting fat and eating. slipped into depression a couple of times and it was hard digging out of that hole.

when i went back to the gym a year later, i was almost pissing myself doing very light pad work with my trainer. to the point where i was almost crying because of how scared i was of injuring myself again. 

i quit boxing for good. thankfully i didn’t have to rely on sport for my livelihood so i could walk away. that ain’t the same for nurk, and while he’ll have the best surgery, medical care, and support money can buy- i don’t think anyone ever comes back to this and is ever 100% after.",0,0,0,0,0,0,1,0,0,0,
35,"it’s amazing you survived! you may as well make the best of your life, and the better you feel, the happier you’ll be, right? i try to focus on how i feel/what i can do rather than how i look and just let aesthetics be a side benefit. it helps me push through the tough days.. usually :)

have you browsed progresspics? i would love to see a comparison of today - post accident, probably very affected physically and mentally - and after a few weeks of working out. quick edit: i had a minor car accident with no physical injuries but lots of anxiety post accident. i can’t imagine how thematic this was for you! 

hoping for the best for you and i’m excited to see how it goes.",0,0,0,0,0,x,1,0,0,x,
36,"it's not the primary objective, but it's a very important effect of exercise.  

i've never been diagnosed but i go through depressive episodes and i notice when i don't workout for a lengthy time (honestly even 2 days in a row) these feelings creep up more and my self confidence goes down. 

many studies have shown the benefit of exercise as an antidepressant.",1,0,0,0,0,0,0,0,0,1,
37,"exercise is a really effective tool to manage depressive symptoms. training has definitely helped my depression and anxiety (though sports at a high level has also sometimes contributed to depressive episodes). i am also medicated and in ongoing therapy to manage my symptoms.

i have been an elite/high level athlete for most of my life and dabbled in crossfit during my off-seasons and more now that i have retired. sports have given me structure, physical activity, motivation, community, and so much more. on days when i've otherwise barely been able to get out of bed, i have been able to stick to my training and usually feel better for having completed my training (though of course there are days when i can't bring myself to train). with crossfit, i think the community aspect can be really important for social engagement when otherwise someone who is depressed might isolate. and physically suffering with other people through a workout is nice reprieve from mentally suffering alone in my bed. pushing through hard workouts can quiet my negative internal dialogue. as some others have mentioned, it's getting myself to the gym that can be the hardest part.

i do think i have at times used addiction to training as a way to avoid/suppress emotions. also, when injury sidelines me, it is destabilizing for my depression. and when i retired from professional sport, i fell into one of the deepest depressive episodes i had ever experienced - my career ended somewhat unexpectedly and so much of my life and identity was tied up in sport. another thing to note is that when training at high volumes and not fuelling appropriately, red-s can be a concern and might contribute to worsening mental health. i think athletes can be quite self-critical, and not performing/progressing can be tough. not making a team selection/not qualifying for an event, comparing your progress to others, etc. can take its toll when you're in a mentally fragile place.

but anyways, generally crossfit/training/even just getting out for a walk is helpful for my depression. i hope you find a healthy way to manage your symptoms.",1,1,0,0,0,0,0,0,1,1,
38,"i believe they’re both important. mental toughness is important because i remember when i was younger, around middle school, i was missing intervals and it utterly broke me to the point i stopped trying because i knew i would miss the sets anyway. during races, especially longer ones, i’d get awful cramps and my mindset would be to slow down to reduce the pain. mental health is also important because early in high school, i nearly quit swimming because i had no faith in my abilities, resulting in me racing very subpar and adding a ton of time and obviously placing horribly among my age which just brought me down even more.",0,0,0,x,1,0,0,0,0,0,
39,"to consider this, we'd have to assume that only 1 would make it.  i imagine you'd have one fairly normal looking, healthy player, and his brother would be like a twin on his shoulder or something.  as far as i know, the nba doesn't have a rule against that, if they did, they'd get slapped with an ada lawsuit so fast it'll make this player's conjoined twin's head spin, which it probably already could do on its own.  you would think once this player is drafted, chris bosh will also announce his un-retirement in an attempt to rejoin the league.  ""that dude's got a guy on his shoulders who could die if draymond kicks him, and you're worried about god damn blood clots?"" is how i would imagine the opening arguments in his lawsuit would start.  adam silver, or his reptilian spawn who would be commissioner in this case, wouldn't have a leg to stand on (ironically mimicking the conjoined twin, who is just a head and maybe an arm or two).  

i don't see a problem if one played basketball and the other didn't, the other guy's just be a fan who just happens to be sitting on his brother's shoulder.  they'd have to take precautions against the likes of the aforementioned contact fouls, like maybe he'd have on a tiny helmet with a face mask or something, but if nba players could play with magic whose hiv wasn't widely understood at the time, they can play with a mini-me.

the real problem i foresee is if this kuato-looking motherfucker is hiding some abilities that would make it unfair to play in the league, like how some conjoined twins share organs and functions.  what if the main twin could see out of the eyes of his twin?  he'd have an almost 360 degree vision like fucking neji with the byakugan, can you imagine trying to steal the ball from this guy?  he'd see you coming from a mile away!  its almost unfair, and if you do happen to get the jump on him, you got this little dude staring daggers at you and that's just freaky.  i don't even like it when kids stare at me in line or in restaurants, how's kevin love gonna deal with both his depression and a minion glaring at him while he tries a hesi pull-up jimbo?",0,0,0,0,0,0,0,0,0,0,
40,okay.im a 60 years old guy don't drink or smoke. i80 lbs &amp; 5'6. i20 lbs back in the 80s did lots of pushups &amp; pullups. jogged 20 miles a day. released from prison after  10 years. got married &amp; worked in kitchens restaurants.  stopped jogging &amp; exercising. now have diabetes &amp; blood pressure. had a stroke a few months ago. medicaid cut off my physical therapy. even though i still have balance &amp; co-odination problems. can't get disability. that's okay though. i will probably be back to work late spring/early summer. i have to physical therapy myself.  i have a squat rack &amp; set of weights. i'm thinking calf lifts &amp; aide bends &amp; arm &amp; shoulder work with light barbells to work on my problems.any advice???,0,0,0,0,0,0,x,0,0,0,
41,"it's not on the athletes in any way to phrase things ""better"" when they are explaining their struggles. but i can't help but feel that these articles could be written better. 

in any sport, mental health concerns on training or competition days can lead to psychological harm (eg. building a mental block for a certain skill in figure skating, dropping a stunt in cheer the day before the big competition leading to reduced confidence, eroding team confidence if the quarterback is having a bad day, etc). 


but in some sports, there is significant risk of injury - gymnastics, cheer, skiing/snowboarding, diving, etc - and i wish the articles made that extremely clear. naomi osaka pulling out of a tourney or maggie mcneill (canadian swimming olympian) making the decision to not swim individual events at worlds are decisions that are important for their mental health but likely wouldn't have posed physical risk to them if they pushed through. but simone trying to do a triple double with the twisties??? norah could have hurt herself!! olivia asselin the canadian freestyle skier withdrew from the slopestyle final and all the articles talked about ""mental fatigue"", not emphasizing that flinging herself through the air while unfocused could lead to death. 


in addition, falling is a guaranteed low score. if norah had made herself compete aa and fallen instead of letting 6 people try to hit 5 good scores, that would have been more selfish! in an (a) dangerous and (b) team event, there are soooo many reasons to support norah and simones decision and i wish journalists would play up that angle.",0,0,0,0,1,0,0,0,0,0,
42,formation runs suck butt and suck all the joy out of running. it took years for me to get back in shape because of that burnout.,0,0,0,1,0,0,0,0,0,0,
43,"this is the most reasonable take but i’m still smoking that ben pack. after years of defending this man even against our own fan, nah. as someone with a mental illness, ptsd and trauma, i still need to go to work and perform. if i even felt a little off i would request time away. 

look at wr calvin ridley for the atlanta falcons. something was going on in his life and he didn’t even have to disclose what it was. he just made the team aware he was taking a personal leave of absence for his mental health and guess what? he was applauded. i wish i drove him up to brooklyn personally.",0,0,0,0,0,0,0,0,0,0,
44,"marathon tapering help

hey guys. i'm running a marathon on sunday so should be tapering properly.  last week went fine, but this week i have a major dissertation deadline and two final exams to prepare for, and i'm really struggling as running has been my saving grace over the last few months and i'm feeling really awful and anxious not being able to do so much.  exercise is my therapy of choice and so this is a really bad time to have to cut it down (self-inflicted... i'm aware, lol)

does anyone have any experience with running a marathon not having tapered very well?  if i don't run after today, would going for daily walks of a few miles be acceptable, bearing in mind that as i don't drive, i usually walk between 3 and 6 miles a day anyway in addition to running, so it wouldn't be anything unusual?",0,1,1,0,0,0,0,0,0,1,
45,"i know how much better i feel, physically and emotionally, after the run. i’ve been through a lot of mental health struggles and running is the #1 thing that has worked for me",0,0,0,0,0,0,0,0,0,1,
46,"mental health for sure. i started running in middle school to lose some weight and then had to stop after freshman year of college because of knee surgeries. i ran a few times in the next 5 years, but never more than a few miles, those were also some of the hardest years of my life. a year or so after college, one of my best friends passed away very unexpectedly and i found him. my first line of defense, despite no sleep and not having run seriously in years was running. i called up my old coach the next morning and went for a run, and i have kept running a whole lot since then. sure, i'm also on meds etc, but running is the best coping mechanism for me.",1,0,0,0,0,0,1,0,0,1,
47,"i was at my lowest weight when i was 150lbs at 5'7''. i was a size 6. i was slim and muscular. i was also in a very deep depression, barely ate, didn't sleep well and therefore was tired all of the time, and wasn't able to crush my work outs because just doing them was hard enough.

i've gained about 15lbs since starting anti-depressants. i have gained some muscle, but most of it is fat. i don't have enough time in my day to calorie count. i know it sounds like an excuse, but between a puppy, a full time job, my dissertation, and my work outs, i just don't have time to think of healthy meals, make them, weigh them, track them, etc. i also find that right now, food is giving me some happiness and decompression time. 

i'm a healthy weight at 160-165 lbs. i'm a size 6 or 8 depending on the brand. i have more energy. i'm crushing other things in my life. but like you, i struggle with wanting the body i had at a worse time in my life. i even catch myself thinking: ""maybe i'll let my depression take over and then when i'm thin again, get back on my medicine and this time just not each."" but that thinking is suppppperrrrrr dangerous and unhealthy. 

so i'm working on just being happy with my body. it is hard, but i focus on what it can do, not how it looks.",1,0,0,0,0,1,0,0,1,0,
48,"exactly, murray received wcs into everything for like, two years. in fact, sportskeeda literally posted on instagram that murray is the most wc-awarded atp player of all. thankfully he’s in that 50-60 ranking range to the point he’s not relying as much on wcs anymore.

after returning from his wrist injury, thiem received some wcs, including the last two slams (as he was ranked 274 and 102 respectively when their entry lists came out, the latter due to others entering with protected ranking) and he’s received two more for the south american clay swing, plus one final protected ranking use. he also missed out on direct entry for iw this year, after having not played there since winning it in 2019. he has requested for a wildcard which he’ll probably get given he’s a past champ, but says he will play the qualies if he somehow doesn’t get the wc. that clay swing will be crucial if he wants to get far enough up the rankings to the point that he doesn’t have to constantly rely on wcs or playing the qualifiers.

muguruza, who is like thiem, going through a slump in form due to mental health issues and being super unlucky with draws since becoming an unseeded player, has also now been receiving wcs for some non-slam events. she got one for the adelaide 250’s, and more recently linz. she’s 7th alternate for iw as it currently stands, but there’s a chance she may not play considering she’s likely shifting her priorities to smaller tournaments as she’s severely lacking in confidence and needs to build up against weaker opponents first.

some examples there of slam champs definitely being targets for wildcard slots.",0,0,0,0,0,0,0,0,0,0,
49,"i’ve started my fitness journey and i’ve had a past history with eating disorder, body image issues ect and it makes me very nervous. i’m trying to do this in a healthy way both physically and mentally, but i keep worrying what if i start letting this mess with my body image again?",0,1,0,0,0,1,0,0,0,0,
50,"in my experience, heavily. 

after tearing tendons in my hand from flag football, and having them removed, i went through 4 surgeries over the course of a year to fix it. over the course of that year, i didn't have use of my hand. i couldn't drive (due to road laws where i was living), had therapy 5 days a week, and across the ocean from my friends and family.
 not only could i not lift, i couldn't play video games, i couldn't work on my art, i was basically useless. so, i drank, a ton because what else to do? i'd never been in such a mental hole as i was then. i lost my muscle, i gained fat, therefore my self esteem took an even worse turn. 

i am as close to back to normal as my injury will allow, thankfully. i will never be able to lift the same, or rock climb. but, when i bounced back, my mental health is twice as good as it was before my injury. i let it really control me and as you can see above, i had a hundred excuses for why it sucked ass. looking back now, i realize i could have done so much better with my situation. 

i'm just afraid to death to play another sport now.",0,0,0,0,0,0,1,0,0,0,
51,"i’m 36ddd and also a breast cancer survivor. it’s crucial that my sports bra stops pain. the reason why is breast pain leads to endless anxiety that perhaps the cancer returned! so that anxiety would negate any positive effects of exercise. here’s the brand i wear when i run to stay breast pain free:

https://www.brooksrunning.com

the brooks running “high impact” bras use velcro straps which are very comfortable too. i’ve never experienced pain running with this bra. i basically phased out all my other brands after i found this one.",0,1,0,0,0,0,1,0,0,x,
52,"*i was going to do a separate post, but don't have enough karma*

hi there, i am looking for some advice regarding my running technique, cadence in particular.

i'm a new runner, female, 28, 170cm and 71kg. having never done excercise, i started nhs c25k in march and graduated a few weeks ago. i never thought i would be getting past week 2 considering how much i was panting and struggled running just one minute, but i managed to graduate with no repeats! i have fairly weak legs and ligaments, but never got too badly injured, except some pain on the outside of my right knee, which is gone now. honestly, i feel running has done great for my heart, lung capacity, mental health and posture, so i am very glad i took up this new hobby!

now that i can run 30 min, i decided to work on my form and technique for a bit. i treated myself to a pair of smart shoes (under armour hovr) and took them out for a spin today. i have just done a regular 30min, same route and everything, to see what the data says about me.

so i ran for 30min straight, with a 5min warmup and cooldown. i ran around 1km on the grass the rest on a straight road. i covered about 4.46km during 30 min of running. av. pace - 8.17min/km, av. cadence - 144, av.stride lenght - 165.3 cm, av. ground contact 487 ms, av. foot strike angle - 10 degrees.

the whole run the app kept telling me my candence is too low and i should take shorter faster steps. i tried making them shorter, and it still was not good enough. i don't know how to make them any smaller, as i am trotting a bit like like mr. crabs already :d. i read that low candence is usually a sign of bad foot strike, but mine is 10 degrees, which is mid foot.

i have very little knowledge of running, so i need some advice from people who know what they're doing. am i reading too much into this? what do you think about the stats? how can i improve my run?

any advice is appretiated x",0,0,0,0,0,0,0,0,0,0,
53,"after 2 years i finally blocked my friend in the fitbit app. i love her to death and it's amazing that she's into exercise and moving her body, but i'm tired of the passive/aggressive competition we had going on regarding fitness. 

we live in different continents, and since long ago i made the decision to not discuss anything fitness related with her (because she'd always either get defensive if she hadn't worked out or try to one me up making it seems like she had done more than me), the only way of her to kept track with how 'fit' i was being was the daily step count. i'm tired of feeling guilty whenever i'd get more steps than her, so i just blocked her and made my entire profile private so she can just think i deleted it or something. i know, super toxic relationship... 

obviously i think there's a lot of insecurity on my part as well. i've had the experience of people using me as some kind of 'motivation' or 'prove' that if i did it they can do it too, and it pisses me off that they'd romanticize my progress as me just being 'so motivated'.

 i love working out, but my only 'motivation' these days is fueling my orthorexia, offsetting my binge eating and on a very good day maybe i can focus on progress. but it's not a relationship i'd wish anyone to have with exercise, and it makes me sad to see friends/family trying to mimic my behavior (""oh she goes to the gym everyday, so that must be the only way"" or ""she walks a bunch, i must get at least 10k as well!"" are some real life examples). 

sadly, the one thing i wish my mom would have picked up from seeing my progress is that lifting heavy ≠ getting bulky. she's seen me squat 50kg, clean 25kg, handle the 10kg and 15kg dumbbells in all my flabby-pudding glory, and yet she still refused to move from 2.5 to 5kg to do splits (per her pt recommendation).",0,0,x,0,0,0,0,0,0,0,
54,"omad is about as extreme as you can get without crossing into disorder territory. have you thought about keto? nothing about keto makes you inherently lose weight, but not eating carbs makes it a whole lot harder for your body to store fat. that might help you up your calorie intake to help you fuel your lifts and grow without giving you a complex over possibly adding body fat. ordinarily carbs are excellent lifting fuel, but given that you're already doing omad i can't see how eating more normally on keto would be any worse.",0,0,0,0,0,1,0,0,0,0,
55,my anxiety would be out of control if i didn’t run. it’s better than any medication!,0,1,0,0,0,0,0,0,0,1,
56,"im really dissapointed that this post was downvoted. imo asking questions like this is a vastly better topic than the injury/custom chalkbag/shoe doldrum that this sub has become mired in.

for op,
i climb because i'm insane. in my youth, i was diagnosed with adhd and prescribed aderol from when i was about 12 yo until about 20. when i was 18 i was diagnosed with manic-depressant bipolar disorder after being hospitalized for ten days for a manic episode. i thought i was god, and that the world was controlled by aliens, and that we were all in the matrix. i was walking backwards, barking at people, speaking gibberish, etx. all that shit. 

a year later, it happened again.

i was then prescribed depakote, an anti seizure medication that was also shown to help ""slow the brain down"" and help prevent manic episodes for people like me.

problem was, they dont care about depressive episodes as much as they do the manic ones. the doctors figure that youre better off being depressed than jumping off buildings cuz you think you can actually fly.

after a year or two, i went off meds, and stopped showing up to the doctor visits.

what i started doing was surfing. a lot. i found nothing more theraputic than the fatigue that you get after a few hours of paddling like crazy. even more important, was the psychologicll liberation you get when your on a wave. when you drop down the line and pull up on thr face, you are no where else. for those brief moments on your feet, you are not thinking about your problems, work, school, yourself, anyone else. you are simply... clear.

i bounced around hobbies over the years. snowboarding, scuba diving... always looking to escape.

then i found climbing. 

that psychological liberation... that clarity... it was like surfing... but instead of a few seconds, a pitch lasts for ten... twenty minutes. shit, aiding a pitch could take an hour. and then while your belaying up a follower, you stare down... hundreds... sometimes thousands of feet to the ground. you see birds flying down there. sometimes they whip by your head. the was the alpine glow emblazons the mountains with the fire of rubies. you are nowhere else.

i havent had in episode in almost ten years.",0,0,0,0,0,0,0,0,1,x,
57,"i feel you!! it's really bad. i put it down to a sudden loss in the endorphins which causes me to get really depressed when i'm out of running. i tend to feel really... idk, caged up, and i start obsessing about my diet - because i'm worried i'll put on weight. which is stupid.

for the first half, i went to the gym a lot, did a lot of lifting. for the second half, i was in a summer job with no access to the gym. so i just drank a lot in the evenings, lol.
it's worse at first, trust me. after a while you do get used to it. i know it sounds crazy.

that's really good that you do lower body exercises. other than that, i'm not sure what to recommend. except, you said you had running shoes, did you get a fitting? i got one and turns out i was overpronating on my left side, which had all the issues. could be that?
or as some others have said, it could just be your run of the mill aches and pains and not, in fact, a stress injury at all",1,0,0,0,0,1,x,0,0,1,
58,"been out of the game for years due to mental health and general depression. finally getting back to the iron!

what's a good low-stim preworkout these days? back in the day i was using jack3d (og formula) and that kinda shit, but that was really high on the stims. need low stims because i work out after work and don't need to be up until 3am lol",1,0,0,0,0,0,0,0,0,1,
59,"it worked for me, but maybe not in the way that you might expect. 

after my last breakup, i was so desperate to get back at him that i decided to thrash myself with 2 hours at the gym **every single day**. at first, i only did it because i thought that some khloe kardashian-esque attempt at a revenge body would make him hurt as much as i was hurting. and it worked. every time i would hop on a treadmill, i would push through the pain at the thought of thinking about *him* with some imaginary replacement girlfriend who looked like a victoria's secret model. many hours of workouts were fuelled by me daydreaming of overly dramatic confrontation scenes, where he would see me with my future banging body and suddenly realise what a colossal asshole he was, begging me to take him back.

but slowly, my motivations changed. after the first week, i realised that i was actually able to get a good night's sleep, without waking up and crying until i felt my tear ducts break. my mental health improved dramatically, my self esteem and energy levels increased, and i eventually started to feel happy for the first time in a long time. and that was just the change that was happening on the inside. i lost 5kg (11lb), started to lift weights, became stronger and leaner, and arguably became the best i've ever looked in my adult life. it's quite funny now, because i realise that the physical changes were probably the least significant part of that transformation. 

looking back on it, it honestly makes me laugh that i spent so much time thinking about him, as my motivations for keeping fit have evolved so much further than just getting back at an ex. i guess what i'm saying is that maybe it's not the most healthy motivator, and it certainly won't work in the long term, because i can guarantee there will come a time where you no longer give a shit about him.  you don't have to go as ham as i did, but sometimes the post-breakup gains can lead to greater improvements in your life. 

also, i'm sorry to hear that you're hurting from your breakup, and i'm even more sorry to hear that your ex said such horrible things. i truly do wish you all the best op — remember this isn't the end, but rather it's only the beginning of something even better!",0,0,0,0,0,0,0,0,0,1,
60,"sometimes i wish my progress was faster, but for me it comes down to a couple things: 

1) balancing competing goals. losing some bodyfat and building as much muscle as possible is my top health priority right now. but one of my other top priorities is to enjoy *all* of my life, which for me means going to restaurants, and sleeping in some weekends instead of biking, and an occasional beer. i pay careful attention to make sure i'm actually enjoying my indulgences enough to make them worth it--so i'm pretty good about not mindlessly munching on store bought cookies at a meeting and that kind of thing, because that's not working towards either goal. my body might say the sugar's what i want, but is it really good, am i really enjoying it? i am absolutely looking forward to making homemade apple cobbler and ice cream this weekend and there is a pumpkin stout already in the fridge with my name on it. *that* will be worth it. it's not betraying my fitness goals to have dessert and a beer sometimes, it's explicitly fulfilling another one, and if i find i'm not making enough progress because i'm enjoying things a little too much, it's not that i've done something wrong or failed, i just have to rebalance for a while.

2) the risk of a setback isn't worth it. i have ehlers-danlos syndrome, so some are inevitable--among other things i basically have a chronic case of acute injuries--but one of the big things i tell myself is that *i'm* not going to cause myself a setback. no overtraining, no over-restricting, no giving myself a hard time for being ""lazy"".",0,0,0,0,0,0,0,0,0,0,
61,"when i started working full time after college i quit running, lifting and watching my diet because i ""just didn't have time anymore"". i quickly became 100 lbs overweight, thoroughly addicted to food and borderline addicted to alcohol/cigarettes. 

when i finally decided to get myself back on track i started slow but over time i replaced all my negative behaviors with diet and exercise. there were a few false starts but now, like you i'm a couple years deep into 7 days a week of running, lifting and dieting. i spend a lot of time on my body and i'm proud of the work that i've done. especially bringing the abs back out after all the damage i did packing that weight on.

so yeah, i definitely relate. i'm not too proud to say i live in fear of losing the progress i've made. is it an addiction? yes. other than my girlfriend, family, and working to pay bills, training is the biggest priority in my life. addiction has such a negative connotation but if you're addicted to something positive can it really be such a bad thing? i know for a fact it's better than the alternative.",0,0,0,0,0,1,0,0,0,1,
62,"it’s more believable that he’s faking or using his mental health issues as an excuse not to play or practice with the team. every one of your “maybes” could be countered with a “maybe not”. 

what we do know: he signed for a $200 million contract, he didn’t want to be on the 76rs anymore, he’s lied about physical injuries, he didn’t join the 76rs in practice, he barely communicated with the team, he didn’t play during the olympics, he hasn’t stayed in game shape over the last year while he wasn’t playing, he didn’t bring up mental health issues until it began to effect his paycheck, the details of his mental health issues have been non-descript, he hasn’t joined his current team on any road games, he’s planning to join his team for the first time (on the bench) when they are going to play the team that reportedly caused his mental issues. 

anyone can have mental health issues.  that doesn’t mean its always believable, or valid defense for any action.",0,0,0,0,0,0,0,0,0,0,
63,"the donations are incredible. the documentary is a fantastic step in the right direction. that doesn’t change my stance that he’s like the basketball version of kanye. dudes a nut. read the captions on his instagram posts and try to figure out what the fuck he’s saying because i sure as hell cant. when he says his “deep woke shit” it comes off as so fucking contrived and overblown. it’s like if i took a thesaurus off the shelf and just tried to make the most jargony world salad sentence i could possibly create. again, the documentary, the donations are incredible and it’s a great way to use your platform. the actions he takes can be a great step forward and the things he says can detract from his message. you can’t honestly look at his “something smells fishy” comment and be like, yeah that’s a guy who knows what the fucks up. it comes off as if he saw something on facebook about the deep state and thought it was cool.

re: ""it happens all the time and tonight just shows how sports/ entertainment will always be ignorant and obtrusive. it's one big show that means very very little in the real world that most people live in because there are actually things that matter going on within it.

""like figuring out a life that means more to you than a damn ball going into a hoop, or learning how to grow up being in a fish bowl of a society based on your popularity level as a person, or even dealing with becoming the leader of your family after someone's passing and not knowing how to deal with life after it happens.

butttt, this game of sports entertainment matters more than someone's mental health and well being right? or the real life things that happen to people everyday but they still have to perform for the nba and its fans? right? it's all about doing it for the fans and organization that love you so much?

""think again, it's a game, and it's promoted as a fandom experience for ticket buyers and viewers at home, while defacing who people truly are as people. then spat out all over these media networks as valuable food for thought while they actually believe that their opinions hold weight to real cultural leaders that speak and act for change. one big gimmick with some smoke and mirrors!

i'll always be the one that takes the stand and speaks on the truth every time though. a purposeful and spiritually led life will always be bigger and more meaningful than any sports arena or any entertainment space.

""this game isn't meant to be controlled and shown as a drama, it's meant to show the love. love for the art is the only damn thing that keeps the purist people in this giant sports/ entertainment circus. don't fall for the game that's played in front of you as entertainment, it'll never be as serious dealing with life.""

-kyrie irving",0,0,0,0,0,0,0,0,0,0,
64,"about 6 years ago i was majorly depressed and started running for the same reasons as you. i always hated running growing up even though i've always been in decent shape. first run out i think i went for 13 minutes. my advice: don't worry about how long, fast, or far you run, just tell yourself ""i'm going to run today even if it's for 5 minutes at a 20 minute mile pace"". that worked for me. it didn't take too long until i found myself running 7.5 min miles for 40 minutes a day. i actually made it to a point where i'd stop my run simply because i'd think ""welp, i've been running 40 minutes guess it's time to stop."" it's an amazing feeling. 

but i also did those 40 minute runs every single day with poor eating habbits for months and blew out my knee.. don't do that &gt;.&lt;

oh actually i just remembered, the biggest thing i found that helped me get from ""i should run"" to actually running was to simply get dressed for a run. put your running clothes and shoes on and don't think about it like you're getting ready to run. once you're dressed for it you'll find it much easier to walk out the door.",1,0,0,0,0,0,0,0,0,1,
65,"&amp;#x200b;

first i want to apologize for how long of a post this most likely will be in length. however, clearly the article title has interested you so please read as i know others in this world and community may connect to it in some fashion.

i want to preface this with, everything has been about 2.5 years (the relationship lasted 6 years in total) in the running (no pun intended) but i now finally have the courage to post this along with many runs and meditations to think about what i want to say.

from middle school, i was always a good runner. i ran very quickly to what amounted to a 4:44 mile in 8th grade (not trying to brag). i became a great runner through high school and eventually received a scholarship to run d1 in college. running has always given me a sense of self-worth and identity of who i am, who i wanted to be, and how i see myself on a daily basis. i, however, was younger (currently 24m) and did not understand fully what i was getting myself into in those days when it came to relationships.

fast forward to senior year of high school and me being a really horny teenager, as i think most young men are, i started to date a girl. we clicked and we had some really good times. there was though, some really bad times. we lived 1.5hrs away from each other going to different colleges while on top of that i was a student-athlete. she ended up in a mental health hospital in my sophmore year of college due to crippling depression and anxiety. my nature is always to help out whenever and however i can while never caring about my own well-being.

i was caught up in my life trying to help her during our relationship that i lost myself (misery also loves company). and what came out of it after i graduated college was stopping running completely. i quickly became very depressed. i spent my days doing my hobby which was also my job to pay my portion of the bills, brewing beer. but every day was me making an effort to not cause conflict and do everything i could to keep my girlfriend happy while neglecting to take care of myself. i eventually married her even during this time. there were good days and bad days. but every day got much worse.

i turned to weed to mask my emotions and suppressed my emotions within the marriage. i had also resigned myself to living the life that she wanted, i had no say in anything within the relationship and i rarely fought for what i wanted. i avoided conflict and i always felt that the marriage was always about her emotions, never mine. it eventually reached a point about 11 months ago. she visibly would not interact with me anymore. i would struggle to get anything out of her and our communication broke down greatly. i had tried to express my inner sense of feeling like a failure to her one day and she said ""well life sucks and you better figure it out yourself"". this happened and i did not leave her. what happened was that she left me. i came home from work on new years day of 2020 and she wasn't there. i texted her and she basically told me we are done. she came back home, we fought, she grabbed things. i moved all my stuff out that following weekend (i couldn't afford to live there by myself).

you're wondering how all this relates. well, running has restored my physical and mental health that was so damaged by the relationship. i had gained 30lbs during the 18-month marriage and had been smoking pot every single day, literally every single day. i was mentally, physically, and spiritually broken. i am back to running 10-14 mile runs on the weekends and about 30-40 miles a week. running has saved my life, the divorce was a blessing in disguise. i have found my self of self again, i have created myself to be who i wanted to be and made changes to live the best life i can, i am the happiest i have been in years and running has made that possible.

i will say this, running is about persevering and if you apply this even to daily life, everything will be okay. life will seem like it sucks but running is the one thing that you shouldn't lose. i highly recommend reading the book ""running and being"" by dr. george sheehan if you may be struggling.

thank you for reading, this took a long time for me to have the courage to write but i help it brings illumination to yours or others' lives as well. keep running.

td;lr divorced changed my life and got me back to running which inherently made me a happier and healthier person.",0,0,0,0,0,0,0,0,0,x,
66,"stop the foam roller immediately and seek out another doctor... i had tightness and pain in my it band and self started foam roller sessions on the advice of a friend. the problem slowly worsened and i was really starting to get depressed and thought my body was just giving up until i finally went to the doctor to see if this was the case, or if i needed surgery or something. he referred me to a sports specialist, who told me that the roller was doing more harm than good. 

on his advice, i started doing some very light yoga routines combining strength building and stretching in alternation, interestingly almost entirely avoiding directly stretching my it band for the first few weeks. turned out, just as he said, weakness and tightness in other areas, notably my hips, glutes, and lower back/abs, were causing the problem.  after 2/3 weeks my it band issues were completely resolved. i also noticed that i was just feeling a little less stressed out in general. 

so, i am now a full on yoga convert... i have integrated regular sessions in to my run/bike routine (yogaglo is the shit...) and have had more fun, less pain and stress, shorter recovery times, and a lot more power and stamina since doing so. i can just tell i am in way better shape overall. and i even sleep better. totally changed my life... i was definitely not the yoga type before this. i would have laughed at the idea 2 years ago, and literally needed a doctor to prescribe it to me to get me to do it, but this shit works... just take it slow. 

i hope this helps op. 

edit: a typo",1,0,0,0,0,0,1,0,0,0,
67,"need your advice, so i'm currently looking at arthritis in my right knee and it's to a point i'm hurting alot during walking/sitting etc even light squats and extensions kill me and stop me walking to a point its chronic, so doctor said it's not looking good at all and to avoid direct leg training till therapy and this is hereditary on my dads side who has it bad in both legs, so in the mean time im racking my brain thinking of what to do, so would a pull push pull be any good? kinda like the 2:1 ratio, i was thinking on the lines of this 

2:1 push pull

pull - (1)
warmup - 2x20 int rot - 25 pullaparts - 25 dislocations
---
2x10-12 ---- 3/50 barbell row (   /   )
10x10 t-bar row (     )
3x12 landmine row (     )
----
accessory
3x30 barbell curls *10 wide/10narrow/10normal* (    )
50 zottman curl (     ) incr after 1 set)
---
cooldown - 25 pullaparts - 4x20s vacuum - 50 crunches &amp; lifts

push 
warmup - 2x20 int rot - 25 pullaparts - 25 dislocations
---
2x10-12---3/20 ohp press (   /   )
5x10 dumbbell bench press
5x5 cg floor press
----
accessory
2x shoulder shocker (2kg)
100x rear delt fly (5kg)
---
cooldown - 25 pullaparts - 4x20s vacuum - 50 crunches &amp; lifts

pull - (2)
warmup - 2x20 int rot - 25 pullaparts - 25 dislocations
---
1-?? negative chinups
3/70 dumbbell pullover (    )
1-?? ring rows *feet on bench* 
-----
3/50 concentration curl (    )  left        right 
50 hammer curl (   ) incr after 1 set )
---
cooldown - 25 pullaparts - 4x20s vacuum - 50 crunches &amp; lifts

unless you have better that you can advise me on, i'm training at home with dumbbells barbell and weight plates with a bench and pullup bar",0,0,0,0,0,0,1,0,0,0,
68,"hi friend,

now i may not have smoked for as long, but i smoked well above the normal amount as my peers. it was definitely less of a vice and more of a crutch for life. quitting was extremely hard for me, but likely i had the accountability of my (then) girlfriend turned wife. i always said she saved my life.

cardio is possible and can help you get back on track to feeling normal. after i quit i started training for a 10 nautical mile race (look it up, it's the navy 10 nautical miler, it's real). my biggest lesson i learned from that is to start small. i tried just going out there and toughing it out, but that simply doesn't work for us. our lungs aren't as efficient as they used to be. so to compromise and start training without hurting myself is my wife and i would go for long walks. 1.5 - 2.5 miles with the dogs. she kept the tempo, or rather our golden retriever did, and that let me get my blood pumping and my longs working but without feeling like i was breathing through a straw. as the walks got easier, the running was introduced. once the running got easier, i went further, and the story goes on. i'm just over a year post-quit and feeling much better. 

take it slow, listen to your body, and be okay with the baby steps. you'll get stronger over time. i believe in you!",0,0,0,0,0,0,0,0,0,1,
69,"find something to motivate you. early in my college career i was nervous to play in practice because i didn't want to make a mistake and do something that might make coach sit me. as a result my play suffered and i sat. eventually i got infuriated by this and my anxiety turned into anger. every time after that, i stepped onto the practice court with something to prove. i wasn't worried about making mistakes anymore, i was worried about proving i belonged. in my opinion that was when i played my best basketball.

whatever intrinsic motivation you have inside of you, bring it out. remember you didn't get into basketball to play scared.",0,1,0,0,1,0,0,0,0,0,
70,that second layup when he looked at his hand seemed to be when the anxiety and shivers left his body. he actually had the time and opportunity to play and fail. that allowed him to feel the pressure leave and start just playing ball. you could see the moment it clicked.,0,0,0,0,1,0,0,0,0,0,
71,i lost 70 pounds and then had foot surgery. foot and ankle is still bothering me 8 months later. went through depression and started to stress eating gained 30 lbs back. started to diet and already lost 6 lbs but exercising is still bothering me. trying yoga again but unable to do certain poses because of ankle. walking is so so because twenty mins later ankle is swells up. any ideas how i can safely do exercises?,1,0,0,0,0,1,1,0,0,0,
72,"thanks for reading!

but that's exactly why i wanted to share: to let others know there's other ways of looking at running besides 'a challenge.'

like i said in another reply:

&gt;don't get me wrong, there's absolutely nothing wrong with setting a goal and striving to achieve it! i personally think it's important to do that every so often to test your limits and know where your boundaries are. after all, ""the unexamined life isn't worth living,"" right?  
&gt;  
&gt;but it all depends on your goal. and if your goal is to maybe lose a little weight, be happier, and just feel better... thinking of running as an obstacle or challenge to overcome only makes things more difficult - at least to me. instead, if you can think of it as an ally it makes things much easier.  
&gt;  
&gt;another analogy would be, imagine if you had book of the 100 greatest movies of all time, right? watching the movies simply to check them off in the book defeats the purpose! so you checked off the movies in a book... so what? actually *watching* the movies and understanding their messages and going on emotional roller coasters and thinking of different peoples' situations is vastly more rewarding.  
&gt;  
&gt;the act of running *is the thing*. being aware and mindful of your thoughts and your surroundings is the rewarding part in and of itself. it's a little hard to explain because in the moment it may not always feel that way. there'll definitely be times where you're hot, or there's too many bugs, or your feet hurt, or you just have other shit you're thinking of and would rather be doing...  
&gt;  
&gt;but you'll slowly start to realize it after enough time. you'll be at working thinking of yesterday's run, completely forgetting the hill that kicked your ass, but instead anxious to get off work so you can forget all this bullshit and have complete control. just you and the path. then, *you* get to make the choice how you want to feel: how fast do you want to go? how far? prefer to walk today instead? great!  
&gt;  
&gt;no coaches, no timelines... no one else gets to tell you what to do. you're free from it all for the next 10, 20, 60 minutes. and afterwards you won't feel guilty about that beer or extra piece of pizza, haha.  
&gt;  
&gt;running is one of those rare things where your choices genuinely matter, and you have complete control. so why not *choose* to be happy and stress free while you do it?",0,0,0,0,0,0,0,0,0,0,
73,"step-trackers don't necessarily overestimate your calories burned that much. of course there will be a few outliers, but i also really believe that for some, it's just that they always underestimate how much they eat, so if they ""ate back the 300 calories that they burned"", they have actually eaten 500 and assume that the tracker overestimated. for my garmin watch, i actually had to set my maximum heart rate really low, because i have a heart rate in the low 40s and the calories that it calculated were basically like: ""you ran for half an hour? you burned 12 calories. also, look at you, being super relaxed all day, great job!""
but don't look at the calories, seriously. you want to have a bit of an idea about how much you do aside from exercise and that's all. 

and also about ""not wanting to be in denial"" and your struggles: i'm just a stranger on the internet, but i need to tell you right now that you are awesome for what you are doing for your health. you regularly do a variety of workouts that make you strong and set your apart from the vast majority of people and surely already makes you look so much better than a version of you that does not work out (muscle really gives you a good shape). you actually watch what you eat and are not stuffing your face with fastfood or drinking your calories in alcohol. you can be super-proud already of what you have achieved and the routine that you have going for you, give yourself a pat on the back for now and then start strategically thinking about how you are going to tackle your next goals. fear and frustration don't make for a good mindset and starting point. this is about your happiness and making yourself miserable is counter-productive.

i genuinely do not think that you need only 1600 calories to maintain your weight or 1300 calories to lose weight. i searched, but i do not have a link right now, but there's a study that comes up here sometimes which found that the vast majority of women actually need at least 2000 calories a day (this is including the huge group of junk-food-eating couch potatoes). from my experience, a lot of people actually still really underestimate the calories of what they are eating, so they come to the conclusion that they ""maintain on 1400 calories"" when they maintain on 1900 and just consistently underestimate the calories. when reading posts by other people, you don't know whether that's the case for them, so how much other people eat is pretty useless information. i'm recovering from an eating disorder myself, so i know how much you can get hung up on the numbers and how terrifying eating in general can be, but if you feel physically ill from your diet (extreme exhaustion), something is not right. if i was in your place, i'd incorporate something new into my workout routine (a weighted specific ab routine, some heavy deadlifts and hip thrusts or hard pilates) and then see how well slightly higher calories work. in that case, even though there should not be a reason for gaining weight, you can still fall back to the mindset of ""even if i gain anything, it will go for a large part into muscle which is always a good thing and also means more metabolically active tissue to lose any potential extra fat"". also, in the grand scheme of things, a few weeks of trying something new are nothing. in the summer two years ago, i worked an internship where i lost quite a bit of muscle and was skin and bones afterwards. i bounced back within three months without even actively trying.",0,0,0,0,0,0,0,0,0,0,
74,"what has worked for me in the past is to to do a pre climb ritual of looking at the route or boulder and do an assessment of the hazards that may or may not exist and then come up with a mental plan that allows me to mitigate those hazards. by doing that i find that i am able to free my mind a bit. when climbing i really try to focus on the moves in front of me and not the outcome. sometimes that can be part of the challenge as i get tired and worn out.

considering that you have had a bad experience with a bad fall then look for boulders and routes that allow you to climb with some mental headspace allowing you to rewrite your mental scripts. you want to do whatever possible to lower the anxiety levels pre climb.",0,0,0,0,1,0,0,0,0,0,
75,"exactly. it seems like people want to solve symptoms of what sounds like depression simply by becoming more attractive. they believe that they are unhappy, girls are uninterested in them, they have little social life, etc. because they are weak and skinny, and then when it turns out that working out doesn't instantly cure those symptoms, they then blame low testosterone, societal standards, or some other bs on their lack of success. i think it all comes from failing to recognize what the real underlying issue in their life is.",1,0,0,0,0,1,0,0,0,0,
76,"i know this isn’t strictly what you were asking about and may not be relevant , but i have taken bc on and off and unfortunately have to stay on it long term to control a hormonal related disease i have ( endometriosis ; there’s literally no cure , only treatment is surgery and/or bc). i just want you to know , if you absolutely have to or want to take bc, it isn’t a death sentence and i was much fitter, leaner and healthier being on it , without nightmare periods leading to lethargy, binge eating, inability to exercise due to pain etc. of course, all and any medications have side effects including bc, some of which may be long term ( i don’t know the science around whether it causes permanent changes or not). but i have noticed an anti birth control movement lately which i think doesn’t acknowledge the very helpful uses hormonal birth control can have. you can absolutely  make gains using bc - all i ever did when not on it was become fatter , less fit and more unhappy. you will only know if you give it a try and are willing to test it out . also, don’t be scared to give this pill a try for a good few months then change if it doesn’t suit you - it took me about 6 pills before i found one that worked best for me. obviously my experience is based on it controlling endo, so i may have biases and of course, ymmv. hope things work out long term and you find the answer to your question 💖",0,0,0,0,0,0,0,0,0,0,
77,"surviving this week without getting knocked off by davidson will do wonders for me in therapy post-this game. i’m ready to move past it guys, just one win",0,0,0,0,0,0,0,0,x,0,
78,"i have persistent depressive disorder (also known as dysthymia). i started getting into running because i really appreciated the mental benefits. for me, running taught the discipline of just putting one foot in front of the other no matter how labored the step is. it obviously didn't cure my depression but it was a wonderful coping mechanism. 

unfortunately, i got covid and that really messed with my lungs. i don't know if it's all in my head or what, but they really haven't felt the same since. that has significantly affected my running (i used to do 5 miles, now i can't even finish a mile without feeling fluid in my lungs) and it was awful for my mental health. i've since picked up cycling and taking long walks. a silver lining from this experience is that i've learned to approach physical activity from a standpoint of joy + fun rather than performance + obligation.

when i used to run regularly, i carried the competitive, all-or-nothing mentality from my time doing high school sports (rowing, not running) and it really wasn't much fun. i benefitted from the feeling of accomplishment but the process was a chore if i'm being honest. now i genuinely look forward to working out, not for the rewards, but for the process. 

my approach to exercise is pretty hedonistic now because i literally refuse to do anything i don't find fun even though it might be for the greater good in terms of health. so now my fitness routine is basically cycling (very regularly), long walks (once or twice a week), yoga (once a week), and a jane fonda workout (there's free videos on youtube!) whenever i feel like it.

i definitely feel like a slacker compared to some of you awesome ladies on this sub but it's better than nothing!

edit: typo",1,0,0,0,0,0,x,0,0,1,
79,i've been struggling with meeting my protein goals due to depression and not having an appetite. is it bad to drink two protein shakes a day? or should i focus on trying to eat more.,1,0,0,0,0,x,0,0,0,0,
80,"oh wow... i was in the same situation when i tore my acl but didn't have the money to get it reconstructed.
i come from a poor country so i had to save 5 years before i got it fixed.
my injury is nowhere as severe as yours but not playing got me really depressed and i've made plenty of bad decisions during the time when i was off the court. the mental side of losing something that gives you peace of mind is not something you can brush off.
it's gonna be tough... i hope you find support close to you.",1,0,0,0,0,0,1,0,0,1,
81,"i love saba, her passion and intensity is great. but she plays with a fear of failure that seems almost too self-critical to be productive. they mentioned that she sees a sports psychologist about the pressure she puts herself under to win a slam. hopefully it can give her the tweak in mentality she might need to win one, cause i really want to see her do it.",0,0,0,0,1,0,0,0,1,0,
82,just his history of overtraining and encouraging unhealthy eating habits in his athletes (which leads to burnout and injury).  he hasn't really had a major elite in a while so it's possible he's changed his methods but a different person on this thread quoted an interview he did not that long ago that makes that seem less likely.,0,0,0,1,0,1,0,0,0,0,
83,"i have experience doing exactly what you describe at the same age. i’m 38 now and i still have to manage it. first, i want to say that i believe you and in you. if you feel good running, then you enjoy it. don’t let someone take that away from you because you don’t need to take away what you love, but you need to approach it with wisdom and a value centered mind set.

eds are very sneaky and the ed mind can use anything in life to motivate you to engage in ed behaviour. running slow - ed hops in to offer help. doing well? ed tells you it’s all about your weight loss effort. good day? celebratory fast. bad day? obviously fast. i have found over the years that the catalyst doesn’t matter. the ed can take anything and reframe your mind to believe it, take maladaptive action and think it is your true voice. it is not running that is harmful - it is running with the ed voice as your guide.

i used to do so much exercise (running and swimming like you - did triathlons). somehow i even turned hot yoga into an ed fiasco; coffee and hot power yoga led me directly into relapse.

your ed is not you. it’s not your fault. you have beliefs and often they are intertwined with ed messages. you do love running. but the ed has taken over your approach. that’s the problem. you have to take running and bring it back to your side. the side of hope and health.

quick story. i used to drink meal replacement drinks and every time i did so, i felt like a complete failure. my weight didn’t go up. i ended up back in treatment and was 28 at the time. meal replacement shakes were the ed way of not eating. i could pound one back and was done for the day. as i moved through recovery again (slips and slides happen but you keep going), my dietician said we needed to bring meal replacement shakes (boost, ensure) back to our side. i was having a very difficult time eating my full amount and i still do. we empowered the heck out of the boost! now i see it as making a choice to fuel my body when other methods are too much. i just had an incident where i had a stomach infection and lost 25 pounds.  guess what arrived to save me? ed! oh ed. thank you!! protecting me, as always. but i didn’t need that protection; i needed to fuel. i moved from 4 boosts per day down to 2 and that’s where i’m at now. it’s on my team now, not eds. because i choose to drink it whether i want to or not because it fuels this body. and i want to do things with this body, like run and camp and smile. those things are not possible if you believe the voice of ed is real and ignore your true self.

they key is hearing the different between your voice and eds voice. your voice is insight, intuition and knowing in your heart. eds voice is your mind, habitual thoughts, aka the monkey mind. just because you think it, doesn’t make it true.

one day, you won’t slip back when you run too often because you will hear your voice and you won’t run too often. you won’t need to stop yourself because your values and health are your guide. not an external goal. my dietician said to me 12 years ago “one day you can do hot power yoga every single day if you want. just not yet.” now, i could do hot power every day. i never do. never. i don’t want to. it turns out that ed wanted 7 days a week of that but my true self likes 3 days and to live an active life. or sometimes, no days of working out. or sometimes, a bit more. it is not wrapped into eds voice and once you can decouple those two types of thought (ed vs you), you will make choices that align with a happier future. you need to be on team you. 🌸

i wrote two books and ones discussed eds at length. send me a dm if interested.

you deserve to be free of ed. the behaviors protect you from something and we both know it’s not about food, it’s not really about weight. dig deep and understand yourself so that you know your triggers, you know eds tricks and you can live by your choices and values, using adaptive approaches. then, if you want, you can run every day. 🥰 i send you the most encouragement, compassion and strength that i can. find your own path to healing and rebuild. you’ve walked the old path and know where it goes. 💪👊i believe in you.",0,0,0,0,0,1,0,0,0,0,
84,i like to think my brain *knows* there’s no real need to run. we’re not being chased by a lion. we’re not trying to run down food. there’s plenty of food in the fridge and i live in the suburbs. my body knows no other reality and my brain knows it too and it fights petitioning to stop and go lie down instead. after a mile it grudgingly quiets down and accepts the reality that we’re apparently just.. doing it for our dumb mental health or something.,0,0,0,x,0,0,0,0,0,1,
85,"guys, i'm been a happy, sappy, and emotional mess the past couple days. for a long time i've been saying how i want to bike more and want to get more confident in biking around cars. i was running some errands with my boyfriend on saturday and he just randomly says, ""i want to help buy you a nice bike so that we can go on bike rides together."" he took me to the bike shop that's close to us, helped me pick out a bike, and oh my gosh have i been so stupid this whole time. this bike is so amazing. i went on a test run and i *immediately* saw the difference between a rusted, free walmart bike a friend gave me compared to this really nice bike. my confidence levels for riding a bike have been boosted to the moon.  
  
he told me that he wanted to help me get a nice bike because he wants to show me that he's committed to our relationship and that he believes in me for taking steps to feel better. we moved a few months ago to a whole new state for a job i was offered, and it's definitely been a rocky start. but i've been doing cico and walking to work consistently and the inches are just falling off it's insane. my anxiety has been better because i feel more confident in myself. when we get in fights, the aftermath only lasts an hour or two at most compared to a whole day or a day and a half. my mindset is a lot better, i'm not beating myself up as much. i get upset and vent on here from time to time, but overall i've been told by a lot of people that i just look happier and brighter.  
  
sorry for the rambling. i'm just so sappy from this weekend. i've never had someone other than my family do a gesture that big to show that they care about me. he's going today to get his bike tuned up at the bike shop so we can bike to restaurants together and stuff. i'm just a big ol' sap right now",0,0,0,0,0,0,0,0,0,0,
86,"they're the most fun drugs to use because they're so ridiculously safe and they improve your life in every way.

when people try and call them dangerous they have to make up shit like ""you'll get hiv by using steroids because what if you share needles with a hiv patient"" as if that has ever happened in human history. 

with stuff like crack it's trivial to prove that it will kill you but you can't do that for steroids because there are no real risks. the only proven risk to health i have ever found is high blood pressure and that can be prevented very easily.

as a result of my ""addiction"" i now exercise every day of the week. i weigh more than i used to while having a flat stomach whereas before i would starve myself, go holocaust mode and still be fat. i have a healthy relationship with food instead of binge eating. i'm no longer on anti-depressants. i'm way more social and way more fun.

but what really gets me is that they lie about them when they know that they are safe and that they have so much potential to help people. did you know that proviron has been proven to cure incurable depression in men? of course not, because the treatment was patented and then thrown in the bin for political reasons. did you know fibro can be successfully treated with testosterone and gh and remove almost all of their permanent agonising pain? no of course not, because people aren't allowed to receive that treatment.

people are told that there are no treatments for conditions like this, they're left to die by their doctors. why? because male hormones bad.",0,0,0,0,0,0,0,0,0,0,
87,"the resident gym bro who's friends with basically every morning gym-goer and just overall a great dude got ""forced out"" of our gym apparently.  

he's always been a super spiritual guy (talks about life numbers/purpose and astrology) but he's been nothing but kind and helpful to everyone with lifting and mental health advice.  

he became really close with one of the new pts (also very spiritual and kind, european model-esque girl) and this clearly ticked off some of the bro pt .  

apparently they started spreading rumours that he was a pedophile because he's in his 40s while the new pt's in her 20s, and just making awful comments about his race and ethnicity.  

he left last week with the new girl to go travel the country in a hired caravan, so i'm really happy for him because neither him or the girl deserve that toxicity.  

it's just sad because the mornings feel so gloomy and quiet now because he's not there chatting with everyone anymore. i still see the bro pts around but no one really wants to interact with them.  

it's been a sad week :(",0,0,0,0,0,0,0,0,0,0,
88,"he indeed holds a lot of nonsense beliefs. it's completely ok to criticize him for this. i mean his beliefs about influencing water with mind, hugging trees, bosnian pyramids, etc...

most of it is not dangerous but, it's just pure luck. easily he can slide into actually dangerous stuff... like when he didn't want to get his elbow surgery.

i wish he wasn't into all this stuff.

but regarding vaccine mandate in particular, i think it's a questionable policy. vaccines are perfectly fine. they work and save lives. but vaccine mandate is questionable, because there are people for whom there is more risk then benefit. vaccines in general are overwhelmingly good. but ignoring such cases is being disrespectful to individual differences, and different situations people are in. unfortunately, it happens that novak is at the same time believer in some completely crazy stuff, and also hesitant about vaccines. which makes him a perfect target for ridicule.

but on the other hand he is in the right, when it comes to defending personal choice. because given the realities of this pandemic right now, vilifying all people who don't take vaccine is not a solution i guess. he is into all that woo-woo stuff. but there are also rational people who are hesitant about vaccines. and everyone is being put in the same box and painted as crazy or dangerous.

on the other side of the coin, some of his beliefs and spirituality, even if unscientific i am sure help him a lot to reach a better state of mind, to be calmer, to fight anxiety, etc... he's mentally one of the strongest players on the court. i'm sure some of all that mumbo-jumbo actually helps him find his focus. he believes a lot in power of mind... i don't believe he can change water structure with his mind... but he can indeed be incredibly mentally strong and come back from practically lost matches... or win in spite of whole stadium being against you... (like wimbledon against federer...)",0,0,0,0,0,0,0,0,0,0,
89,"i’m sorry! this is what scares me about the gym too. i’ve gained a bit of baby weight so i’m feeling down about my body, and right now i’m trying to just stick to at home workouts until i feel more confident in how i look. just commenting to let you know that whoever took that photo is probably an ass and not worth stressing over! keep working out and giving him the figurative middle finger. :)",0,1,0,0,0,1,0,0,0,0,
90,"8 yrs ago, i had broken my heal after a fall. it healed on its own. it was a calcaneus fracture.
5 yrs later, my tendon tore inside my foot, i work a full time job on my feet 8 hrs. i could'nt walk.
i had perennial tear surgery. 2 years later, i could not walk to my car. i was told by a podiatrist that the tendon was too tight and   i have to wear a boot .i have a mass of scar tissue on my heal. my toes are burniing and numb. i want to work but can hardly walk after 6 months of phy therapy. my physical therapist told me to find another job. i love my job and am so depressed and sad. i have 25 yrs. i dont know what to do!",0,0,0,0,0,0,1,0,0,0,
91,"is it enough to feel mental health benefits? for me, yes. sometimes i’ll run a little longer without meaning to but i find it’s helped me break down mental walls that i didn’t even know were there. even just fighting to go for longer has helped me to build confidence, mental strength, and self love. with that said, i’ve been taking prozac for about half a year, just because things did end up getting to be too much to handle. running always helped take the edge off before the medication (when i had/made time to do it), running during the period i took medication made me feel exceptionally good and motivated to do more, and now that i’m coming off the medication, i’m even more motivated to keep running because it brings me so much joy and helps me turn that anxious/negative energy into something positive. overall, yes, it can do wonders for your mental health. thirty minutes, 3 times a week sounds like the perfect goal but don’t limit yourself to that and definitely take time off your feet to rest and let your body heal when you feel it’s needed. keep at it and good luck to you!!",x,0,1,0,0,0,0,0,1,1,
92,"fitness for me is a great way to keep my mental health in check and the physical health was a bonus to begin with. as long as i'm exercising regularly and eating well then my anxiety seems almost non-existent most days. when i let my routine slide and get lazy i start feeling the negative thoughts and anxiety creeping in again.  

it's a great break for me - i work from home, so it's a nice excuse to get out of the house and move around when i go for a run or go to the gym.

plus - doing the strength exercises i do have helped me massively with everyday life. i've managed to strengthen the muscles in my legs to support my long term bad knees. and lugging postage sacks down to the post office is a bit easier after practicing farmer's walks.

i'd also much rather be addicted to endorphins than cigarettes and it took going to the gym regularly to make me quit for good.",0,1,0,0,0,0,0,0,0,1,
93,i started in nove 2016.  it helped a lot to focus my power and made me a better person.   i had to stop due to physical therapy but i would love to go back.  i think my place closed down. bummer.  upside is that there is a real chance that i can go back to normal life after the next couple months.,0,0,0,0,0,0,x,0,0,x,
94,"it's funny how mental lifting can be.

on monday i [pulled 735](https://www.instagram.com/p/cuc-hgeg6fq/?utm_medium=copy_link), and it wasn't the cleanest.  afterward i was pretty sure i had missed my peak badly and was losing strength on my deadlift weeks too early.

on tuesday i actually *failed* an ohp set, but followed it up with a decent [high bar rep pr](https://www.instagram.com/p/cuf1bvfjvph/?utm_medium=copy_link) i then tried to go for a run, and couldn't even keep a jog going for 2 miles. i had to walk multiple times, and **averaged 14 minutes per mile!!**

that failed ohp really bugged me, the shit run made it worse, and then the mental stresses didn't let up at work or at home. tuesday evening i was feeling kind of down and defeated.

tuesday night i slept like crap, then wednesday morning i woke up fatigued, and sore from the squat pr and frustrated by the unrelenting head bashing of life's responsibilities. i missed breakfast and sat in meetings at work dealing with pissy toddlers (also known as adult male construction workers) and was at my wits end.

i was whining to /u/benchpauper and /u/lifts825plates about all of this in dms and they probably thought i was being super annoying lol.

anyway, i left that morning meeting frustrated, hungry, sore, tired, anxious, and just needing the mental release of lifting.

went into the gym, and hit literally the fastest [500, 585, and 675](https://instagram.com/stories/dadliftn/2668482950781442765?utm_medium=share_sheet) and just knew it was the day for a pr.

after [hitting the 8 plate deadlift](https://www.instagram.com/p/cuiwbx0gpby/?utm_medium=copy_link) i went for a run and averaged 7:58/mile, then went into the office, hammered out a ton of issues that were backed up, cleared up a big chunk of my paperwork backlog, and was able to just be completely focused the rest of the day.

the more i think about this, the more i realize that it isn't the pr that changed things. it's getting the win. sure that win can come in the form of a pr, but it can also just be hitting my programmed reps cleanly, getting a good run, checking off the box, clearing the email, resolving a lingering issue at work, whatever. 

when i focus on setting myself up for the small wins, it makes everything in life go better. like /u/benchpauper said [in his program writeup the other day](https://www.reddit.com/r/weightroom/comments/psllj4/the_pauper_method_slowly_improving_poverty_presses/), stay patient, follow the program, trust the process. the yolo pr attempts feel good in the moment, but consistent wins feel good consistently.


today, i'm still sore and tired, but i'm calm, focused,  and ready to get shit done.

 
i start treatment for my tumor this afternoon, i have plans for dealing with some of the employee drama, and i'm re-writing simple jack’d into a multi-block combination of the previous iterations, that i'm really excited about.

sorry for the 10 mile long rant. have a good day everyone",0,0,0,0,1,0,0,0,0,0,
95,"he is mentally damaged. people made jokes about it when he was in philly but the guy is fucked in the head.

and he wasnt about to make his season debut with the nets (preseason favorites) down 2-0 or 3-0 to a far superior celtics team.

women can psychologically convince themselves they are pregnant to the point they have morning sickness and tender breasts. 

depression and psychosis in kids can manifest as severe abdominal pain.

the mind is a powerful thing and his mind is fucked.

what i dont understand is why he has not received the proper help he needs. fuck him and klutch if they dont want to find the right help.

if im the nets owner and i have 100m invested in this guy, id want to protect my investment and id bring in every type of professional there ever was from sports psychologists/psychiatrists to witch doctors to get this man right

a lot of people rag on ben but it's obvious the guy has some serious screws loose and to me it's as depressing a story as any former athlete that flames out due to drugs or living recklessly",1,0,0,0,0,0,0,0,0,0,
96,"i don't run for my mental health, but running helps with (1) improving my physical health, (2) expending excess energy or nerves, (3) ensuring my sleep quality, (4) stabilizing my mood, and (5) having a hobby with a series of goals or directions to work towards and through these things, running can improve my mental health.

i don't think it can be said enough that running alone is not a suitable replacement for therapy, medication, and a strong social support system.",0,0,0,0,0,0,0,0,1,1,
97,"tl;dr: not a natural runner, been trying on and off for years and always end up in pain.

i am struggling! i have been a swimmer my whole life, but post-college i lost access to a pool and decided to try my hand at running. about 9 years ago i started with couch 2 5k and promptly developed achilles tendonitis because of my running form. 

i did a bunch of form research, rested, and got back to it and ran my first 5k (""ran"" is one way to put it""). two years later, my roommate at the time talked me into signing up for a disney half marathon and i followed a training plan but three weeks before the half marathon, i developed a different form of tendonitis in my right ankle, i decided to try and rest and do the half anyways and ended the half (which honestly, was so much fun) with two feet i could no longer walk on (which was ironic because i dressed as ariel).

anywho, two years later, i repeat the pattern again. i saw a physical therapist and worked on my calves and form but decided to take a break from running. two years later and i want to get better, i'm starting slow, like not even couch to 5k slow. but i can't even run 1k, barely 400 meters and i get super tight calves and started getting shin splints this week.

it's come to the point where i am stretching more than i am running and becoming a giant pain in the ass. 

are there suggestions to be able to run without pain? should i decide running isn't for me and i should stick to walking (which is always pain-free for me)? i'm feeling pretty defeated.

edit: here’s some video of me running: https://imgur.com/a/cen76vg",0,0,0,0,0,0,1,0,0,0,
98,"look at carey price for example. he needed help with his mental health, entered himself into the program for players in the nhl. he did about a month of work with the program and just recently reported to montreal to be with his teammates. he's not ready to go out and play yet, but he's there with his guys getting into shape and also continuing to better his mental health.

that, to me, is the right way to approach this. price didn't have to reveal anything other than, ""hey i feel like i need help because i'm in a dark head space"" and checked himself into the program. montreal knew exactly what was happening and everyone got what they wanted.

there are ways to handle this and not come off like you're trying to use mental health as a way to game not getting paid.",0,0,0,0,0,0,0,0,1,0,
99,"are you eating before you compete? a fully empty stomach makes me nauseous with any physical exertion. 

this could also be anxiety, it can present as nausea. 

regardless, you should probably talk to a doctor about this.",0,1,0,0,1,0,0,0,x,0,
100,"in figure skating, two us skaters ashley wagner and gracie gold were friendly-ish to each other in front of the press but did not like one another a bit because they were always rivals. gracie went through a rough time with an eating disorder and severe depression, but no one in her life was intervening. eventually, ashley was the one who went to skating’s governing body and told them to step tf in and get her help. they became really close friends in gracie’s recovery. sometimes your fiercest rivals are the only ones who can understand you, i guess.",1,0,0,0,0,1,0,0,1,0,
101,"i actually have the same shit markelle does in basketball. basically the yips caused by performance anxiety. i used to be a terrific shooter my whole life but then started getting anxiety in my daily life and it’s gotten worse and worse and now i overthink my shot so fucking much because im thinking about what the people on the floor think about me and it’s so hard to get out of my own head, but occasionally if i’m in a flow i’ll have a shot off the dribble while not thinking and have my form back and sink it but if i’m left open i overthink the hell out of it and throw up an absolute brick with a weird clunky shot form.

it’s like i’ll put in hours at the gym shooting alone and be wet then when i’m in game i totally forget how to shoot and overthink it and there’s this weird hitch caused by it. saw something similar with harrison barnes in his last finals with the warriors where a good shooter collapsed under pressure and basically forgot how to shoot. it fucking sucks but through a lot of therapy and sports psychologists i think he could snap out of it one day...",0,1,0,0,1,0,0,0,0,0,
102,"so this was totally me - i ran 600 miles in 2016, 700 miles in 2018, and then in 2019 i fell off the tracks with it. i enjoyed running, but really struggled to find the passion for it again. in 2020 i worked with a sport psychologist to explore what my motivations were and i found that some of the things that motivated me were external (recognition, race medals, praise), but the best motivators were internal (demonstrating growth, enjoying of planning runs, training for a race and competing against myself). 

while yes, getting out for 10 minutes every other day is a good way to start the habit it won't be sustainable unless you find purpose. when you know **why** you enjoy running, you will be more likely to continue as you are walking (running) in or toward your purpose. i got that specific language from a video by michael jr which i encourage everyone to watch! here is the link: https://www.youtube.com/watch?v=1ytfb8trkto",0,0,0,1,x,0,0,0,1,0,
103,"great article, but i am partial to andrew bisharat. 

i think there's a larger issue going on with social media. joe had one of the more milder cancellations, akin to aziz ansari. it's sad that he lost his sponsors despite making things right with sasha. my question is always, what exactly do we expect out of these? isn't the purpose for the person in question to rectify their mistakes? 

i can see where some are unforgivable, like harvey weinstein -- as in the justice is being put in prison. but kinder didn't break any laws, he only hurt a certain person (and maybe a percentage of community at large, though it took a lot of sleuthing for me to find even what the post was about). 

andrew's allusions to the witch trials isn't just hyperbole. people are losing their livelihoods over this. james gunn was fired from the guardians series (i guess there's only 1 more?) over his decade-old tweets. i'm trying to recall another situation where someone was fired, not even a public figure, over a bad joke (i believe there were sexist undertones). 

it's pretty fucked up how much schadenfreude -- i would even argue sadism -- perpetuates on social media. andrew also shows the duality between people who champion mental health and using social media as a diary are often the same people who denounce someone for making one mistake.",0,0,0,0,0,0,0,0,0,0,
104,"there was a reason his camp was leaking smaller market teams he'd ""be okay"" with being traded to. his ego is too fragile to be unsuccessful in another spotlight. 

it's going to be hell for the next cba. clearly he didn't want to play for the sixers anymore. it's hard to gauge a mental block as if it's an injury. he couldn't handle any criticism. that sounds like a hold-out, but he's arguing it's a mental issue and he shouldn't forfeit game checks.

the pessimist in me says he didn't play game 4 because he wanted to keep that argument going where he could say it isn't something he could just turn on and off, so he should recoup that money from the sixers. but on the other end, that spotlight was getting awfully bright again and perhaps it is all anxiety related.

even when his camp pushed the kings, there's too much attention on him. he's not going to find a place where he can play without pressure. it's a snake eating its own tail at this point, where he is creating more of a spectacle and it's creating more anxiety. clearly, ben thinks very highly of himself and his abilities. he just needs to finally show the rest of us.",0,0,0,0,1,0,0,0,0,0,
105,"i know it’s different for everyone but for me, a couple of months ago i was just lost. i didn’t have any motivation for anything. my hobbies were of no interest to me anymore, i wasn’t looking forward to much, i just felt like i didn’t know who i was as a person and it made me sad and hopeless. like, this is all there is to my life? 

i never got diagnosed with anything or went to therapy but i told myself i needed to start investing myself into something. i couldn’t just go home and do nothing every day for much longer. so, i decided i would start working out and eating healthier. it started with little goals/victories, like drinking more water, cutting out sodas, bodyweight workouts, running, then buying a gym membership. it’s never been easy for me to work out consistently but it’s been almost 3 months now and i’ve been going to the gym 5x a week, every week. there are days where i don’t really have motivation but i go anyways because i know i’ll feel better afterwards. working out has given me my life back. i feel confident, strong, i have more energy, i just feel like an overall better person. that is what drives me to get off my butt and be active.",1,0,0,1,0,0,0,0,0,0,
106,"used to be fit at 42, got really fat and unfit, worked my way back at 48.  went from feeling tired, achy, depressed to feeling energized, optimistic and generally fantastic at 48.  currently working on my lt goal, which is to have the best body of my life at 50 and i'm going to kill it unless something awful happens. 

importantly, i had to remove a major roadblock to make it work.  that roadblock was lack of energy.  i knew i needed to be in the gym and i needed to food prep, but i was so tired all the time i just couldn't get it done.  i worked with a functional medicine doctor (the guys who do natural hrt) and got my hormones balanced and identified a significant food intolerance.  once those things were done, my energy came back and it has been mostly clear sailing except for some minor injuries that aren't unexpected when you go from couch to gym 6x per week.",1,0,0,0,0,0,0,0,0,1,
107,"i've taken long hiatus several times over the years. from junior year high school to 2nd year at college (4years). ran on the schools xc/track team. depression, drama with the team and overload on work pushed me away from competitive running. 4 years later i started up again but took a nasty fall on a bike and messed my knee up. been recovering since (last 2 years on and off). hit a high finally to run mid-long distances. found a strength training program that i feel is right and have been working to better myself. (https://strengthrunning.com/2011/02/the-itb-rehab-routine-video-demonstration/) &lt; at home exercises i personally use with my knees and hips

my motivation? running isn't just for competition it allows you to explore, go places you've never been physically, mentally, and the i never knew this existed in my town places.",1,0,1,1,0,0,x,0,0,0,
108,"more than anything, i feel like my workout routine is for my mental health. i feel it when i take a couple days off. i need the endorphin hit bad. it definitely carried me through the lowest points of the pandemic. maybe it would help you to stop looking at exercise as a method of weight loss (which, it's not really, btw), something you have to do, like a punishment because you don't like where your body is at and instead, you can start looking at it as a daily feeding for yourself, an energy recharge, something that will keep you feeling strong so you can tackle all parts of your life. you need to reframe your relationship with working out and stop looking at it as an enemy.

but really, when motivation wanes, discipline, routine and habit take over. you have to just make it part of your life and not something you have to convince yourself to do. put an hour a day on your calendar and know that's your hour. you'll never be mad you took that hour for yourself when you're finished. the hardest part is getting there.",0,0,0,0,0,x,0,0,0,1,
109,"his attitude is a defense mechanism, it’s common in people with performance anxiety and fear of failure. 

they can perform when there’s no pressure, in his case against bigger players, because whatever he does, he can’t fail. he isn’t expected to win so he can do whatever he wants and be applauded for it.

it becomes difficult when there is pressure on him, he can’t accept that simply doing his best might not be good enough, so he sabotages himself. he can always use the excuse ‘i lost because i didn’t even try, not because i’m not good enough’. 

that he could be a top player and a grand slam winner only if he just did his best is exactly what he tells himself. only he doesn’t try, because if he does he might actually fail.

being mentally strong is huge part of being a good tennis player, much more than in other sports.",0,0,0,0,1,0,0,0,0,0,
110,i ran a full marathon about 3 years ago and then for whatever reason i never ran again. i loved running and how it helped my mental health but i was so busy with college i just sort of put running aside and went out drinking a lot. recently i quit vaping and picked up running again because i told my dad (who has been running forever; he trained me and ran my first half and full marathon with me) that i want to run another marathon. we agreed on a marathon in may 2023 and i'm admittedly nervous af. i still have some endurance because i do hikes in the mountains a lot but running is a whole different beast. getting back into the mindset feels great but i'm still scared to train for this marathon even though i've done it before 😅,0,0,0,x,0,0,0,0,0,1,
111,"after leaving the military, i really let myself go.  i decided i enjoyed drive thru more than i enjoyed getting shot at.  fast forward a decade, and my doctor told me i would be lucky to see 50 at this rate.  not long after i discovered /r/fitness and a co-worker introduced me to goruck.  i've used one to motivate my training for the other, and i couldn't be more pleased with the results.  i'm coming up on a year of exercising daily, and i've lost about 55 pounds.

[goruck](http://news.goruck.com/rucking-training/goruck-6-week-training-plan/) and [ruckdotbeer](https://ruck.training/free-8-week-goruck-light-training-plan-guide/) both provide fairly decent programs if you're looking to complete an event.  they're a bit crossfitt-y, but even after having completed an event, i continue to extract the running and rucking components from these programs.  i do them directly after my lifting on thursdays.  

to answer the other questions...

* it has gone exceptionally well.  as stated, i've lost a boatload of weight and my endurance is actually beyond where it was in the army.  from a mental health perspective, however, it has been beyond rewarding.  i use my miles to meditate and be mindful of where i've been, where i'm going, and where i am.  thanks to this sub and goruck, i am off all the poison (benzos and the like) the va had me swallowing.

* i was pointed to /u/ruck_dot_beer's program by the goruck subreddit, but it's hard to go wrong with the one /u/javaforever hosts on the main goruck page.  i run both concurrently for two months prior to an event.

* as for a suggestion, just be mindful that rucking is a bit of a different animal than other forms of liss.  it's going to work areas you wouldn't expect, which is great from a stabilizing muscles standpoint, and less great from a doms standpoint.

* the biggest obvious con is the potential cost of equipment.  i'm into goruck to the tune of $500 between bags and plates and whatnot.  i second the suggestion that you dust off a regular backpack, throw a half a dozen bricks or a plate in there, and take a walk.  you don't necessarily need fancy shoes or gear - i go in running shoes - but just like any other activity it's easy to get carried away spending money on gear.

* as a retired infantryman, i don't do much to manage fatigue or injury.  ""get comfortable being uncomfortable"" was always the attitude.  to avoid overuse injuries and whatnot, a mindful and consistent warmup and cooldown has always been sufficient.  foot powder, sock changes, and sometimes spare shoes (conditional on the weather and terrain) are warranted on longer movements.

happy to answer any questions anyone might have.  i'm an evangelist for these events and this type of exercise, as well as the community of fellow wackados you'll meet along the way.  

sorry for the long-af post.",0,0,0,0,0,0,0,0,0,0,
112,"i say to myself what my one group instructor tells us during the workouts ""you are strong, you are a warrior. be kind to yourself."" and that helps a lot especially after a bad day at the gym or just feeling down about myself. congrats on actually doing that race. another technique i've started doing when i feel like my body insecurities getting to me is listing things i do like about myself. 

example: a year ago i couldn't do a standard push up. now i can do at least 10. a year ago my average mileage at the end of spin class was 12 miles. now it's at 15-17 on average and on heavier climbs. 

so be kind to yourself and focus on the accomplishments that you've done.",x,0,0,0,0,1,0,0,0,x,
113,"i lost a heap of weight (70+ pounds) through rigid diet adherence and huge amounts of exercise. i was doing 15-20 hours a week in the gym/running/etc. 

cut to some physical and mental health issues, a 20-30 hour a week study load on top of work and a pandemic, and most of it is back on. i realized i hadn’t actually developed functional, ‘real life’ attitudes to eating, my body, or exercise—just a set of rigid rules to adhere to in order to control. 

so this time around, i’m much more focused on enjoying myself and not agonizing over every meal and what i ‘must’ do every session.",0,0,1,0,0,1,0,0,0,0,
114,"yes.  i have been dealing with an illness for past few years that has kept me from running.  it has been very hard on my mental health to be sidelined for so long.  i am recovering from the illness so gradually adding back in short runs now, hoping within a year to be fully back to my former running schedule!",0,0,0,0,0,0,1,0,0,x,
115,"what’s your training schedule look like? have you had any of the following: trouble sleeping/staying asleep, big appetite changes, irritability/anxiety, frequent colds compared to normal, more aches/pains or heavier legs than normal?",0,x,0,1,0,0,0,0,0,0,
116,"&gt;i never made such statements.  i said he needed him for the playoffs over the replacement they had in the year before

lmao. no. keep crying and lying, troll. i already proved that you are a liar. look: 

&amp;#x200b;

&gt;[last years steph could not even lead them to the playoffs. he needed poole to turn it up and klay to return for that](https://www.reddit.com/r/nba/comments/vgnc3v/why_doesnt_giannis_get_top_10_hype_his_resume_is/id4gzzq/?context=3)

&amp;#x200b;

so again, how the fuck did curry needed thompson's return to make the playoffs if the warriors had the second-best record in the league before thompson played his first game? and why you said you never said something that you clearly said?

&amp;#x200b;

&gt;autistic

troll, i don't know if you are autistic, but you clearly have a very severe ocd. you comment in every post about curry the same shit over and over again, and you comment in every mvp voting post the same shit over and over again. also you comment the same shit about bitcoin over and over again. you are like a broken record. i think you have a word file with 3 pages, one about curry and his only 4 first all-nba selections, one with mpv votes, vote fatigue, bla bla, and another with the bitcoin shit, and you just check that and post the same shit over and over again. you have a big mental problem, troll. every single post about curry's legacy, there you are. every single post about mvp voting, there you are. your comment history is basically those 3 things over and over and over. are you ok? you need to see a doctor. because you are not only a pathological liar and a troll, you really have a severe ocd here. i only spend 30 minutes per day in reddit, but every time i check r/nba you are commenting those long repetitive comments about curry's legacy and mvp voting. it's terrible, dude. try to cope in a healthier way

and keep crying and lying, troll",0,0,0,0,0,0,0,0,0,0,
117,"^    ***please read [the faq](https://www.reddit.com/r/xxfitness/wiki/main), [the rules and content guidelines](https://www.reddit.com/r/xxfitness/wiki/new_rules), and [current frozen topics](https://www.reddit.com/r/xxfitness/wiki/frozen-topics) before [contacting the mod team](https://www.reddit.com/message/compose?to=%2fr%2fxxfitness)***. this comment is a copy of your post so mods can see the original text if your post is edited or removed.
>u/ropadope23
due to ptsd and depression and lots and grief and trauma from abuse, for the past 2 years i have not been able to commit myself to the gym like i used to years ago, it's been basically nonexistent and has taken a huge toll on my body (and depression and stress eating comfort food hasn't helped lol). i am now much more limited in my mobility, stamina, energy, and motivation (despite loving weightlifting and bodybuilding) but i am trying to fight through that all the while being self-compassionate. 

i'm wondering if it's a good idea to ease into a routine by focusing on quality over quantity and strictly doing 3-4 compound movements max 3 times a week with 15-20min of liss (i also walk to and from the gym) and only increasing weight, frequency, and isolation exercises once i've established a routine, feel more confident and i'm not struggling with the aforementioned limitations? 

if this sounds like a good idea and you have any compound movement exercises you can recommend please do! also any advice or opinions are welcome. 

*i am a bot, and this action was performed automatically. please [contact the moderators of this subreddit](/message/compose/?to=/r/xxfitness) if you have any questions or concerns.*",0,0,0,0,0,0,0,0,0,0,
118,"i'm kind of in the middle of overweight, down from obese, trying to lose weight and gain muscle at the same time. i know it's extremely inefficient but i decided meh, i'm making okay progress on both and i'm happy with it.

the fact that it's so terrible is getting to me, though, and i decided i hate being fat more than i want to gain muscle. any reason not to just suicide cut?",0,0,0,0,0,1,0,0,0,0,
119,"i work as a dietitian in eating disorder care. i am by no means an expert, but i have worked with many, many patients who struggle in their relationship with exercise. it is not uncommon to see disordered eating or eating disorders within the running community, too.
excessive, over, and compulsive exercise can be features of someone’s eating disorder. it can be considered a purging or compensatory behavior. those three names (excessive, over, and compulsive) have some different signs, but overall we are assessing someone’s relationship with movement and consider the following, among others:
- do they feel obligated to exercise to compensate for what they ate? are they looking up how much they need to run to burn off xyz food?
- do they feel intense emotions (anger, guilt, anxiety) when they cannot exercise either at all or as much as they wanted? are they still exercising despite being injured/sick? are they sacrificing work or personal responsibilities in order to get that activity in?
- is their current activity level far exceeding their caloric intake, and they know this? unintentional undereating is somewhat common in sport. sometimes people don’t find out until they have a preventable injury or lose their period, but this can also reveal an eating disorder.
- are they exercising in secret? are they focused on moving constantly throughout the day and get overwhelmed with the idea of any periods or rest or with having to sit/stay put for the day? i work primarily with teenagers and this is so common— despite already having practice for their sport, they could be secretly doing tiktok or youtube workouts in their room before or after, then moving around the house or outside constantly throughout the day too, and are unwilling to have a day of hanging out at home. 

there are other signs i am missing (it’s quite early where i live, but saw your post and wanted to contribute). i would look to neda as a resource for more info: https://www.nationaleatingdisorders.org/learn/general-information/compulsive-exercise

edit to add: if you read this and it hit a little too close to home, please consider visiting the neda website to identify treatment options near you. even if you are not sure, sitting down with a therapist or qualified medical professional can help you figure that out.",0,0,0,0,0,1,0,0,0,x,
120,"okay, that seems to track with what i got from you, and i can definitely see how it's personal. i appreciate that you're willing to be open and honest with me, that's pretty rare for the internet. i agree that constructing scenarios in which your results are good is pointless, but i think the antidote to insecurity is self-acceptance.

gentleness and love from the people in my life &amp; myself healed my insecurity. i tried it your way for many years and i didn't get better, and then one year of therapy and boom, my problems just start disappearing. i know now that i'm already good enough, i don't need to be better.

getting a higher pr is a momentary rush of satisfaction, and then it fades. getting touched on by a girl (or guy) at the club is the same. so, i don't care about results. i go to the gym for my health and for the good mood it puts me in. 

being strong is nice, and i like it, but i think basing my self worth around that is a recipe for disaster- especially because, as i grow older my body will not be able to perform the way it used to. better to find self worth in something that won't fade imo.",0,0,0,0,0,x,0,0,0,0,
121,"i have always been fairly flexible and was in gymnastics and ballet for a short while growing up, but what started me with yoga was my mental health. it was bad. i couldn't work. i was on a ton of medication. i was all around in a bad spot. i had won a prize on instagram for a plant based protein drink and a manduka yoga mat. 

 i had the yoga mat, so why not start? i had done yoga randomly before, so why not make it habit? i also started doing yoga to help with my fibromyalgia.

 so i've been doing yoga on and off for a few years now and i feel better all around, mentally/physically.  i try to do it every day if not 2 times a day, 1 for waking up and starting my day or after my run and the other one to relax and wind down for the night.  i love my night time yoga. i usually have a hard time relaxing , but yoga really helps with that.  it is a struggle to keep up sometimes with my mental health, but i always go back to it.  i'm not perfect with  yoga and right now i'm only doing videos, but i like how it helps my mental health.",x,0,0,0,0,0,0,0,1,1,
122,"i've dropped 13 lbs with a trainer (age 34, 206 to 193) and i sort of hate my body currently. everything just looks... deflated. i'm doing a weight lifting program and cardio (mostly rowing because i like it) but despite my mental health being way better i'm just not super happy with my body still. i've been pregnant once and man i feel like it shows big time. i know there's some self acceptance in order here but like. will my skin ever tighten up?",0,0,0,0,0,1,0,0,0,0,
123,"&gt; he ended up not playing in the league mostly because he was taking on the lack of mental healthy policy on the rockets and the league. 

also the fact that he skipped practices, showed up out of shape, and refused assignments to the d-league.  

plus the rockets were willing to bend over backwards for the dude.  iirc they were willing to have him driven to games, and were willing to let him miss games for his condition if their doctor agreed.  but it was never enough for him.  

depression is a serious condition, but people with depression can also be assholes.  imo his attempts to make this discussion about him set the discussion back, more than anything.",0,0,0,0,0,0,0,0,0,0,
124,"[yahoo wrote a better the article](https://www.yahoo.com/entertainment/meyers-leonard-plenty-nba-teams-205908020.html) from the same chicago tribune source.
 
&gt;meyers leonard attributes a significant portion of his absence from the nba to season-ending shoulder surgery in february 2021 and an unsuccessful ankle surgery. on monday, he reiterated his desire to return to the league and said there is interest. “as everybody in the room knows, there’s plenty of nba teams who want me and that i could be playing for right now, but i’m just not healthy enough,” he said. “did the incident help my case? no. but this time to heal? yes.”
source: gavin good @ chicago tribune
more on this storyline

&gt;leonard hails from robinson, a southeastern illinois town with a population of about 7,150 people according to us census data. he and andrusier acknowledge his upbringing played a role. “very small place,” leonard said. “very loving people, very hardworking, blue-collar people. but i wasn’t exposed to a lot of different culture, religion, etc. i just wasn’t. does that make me a bad person? no. did i make an ignorant mistake? yes.” -via chicago tribune / january 20, 2022

&gt;dealing with the backlash has been the most difficult obstacle of his life, he said. “to make it in this day and age, i think it’s slowing down a little, this cancel culture of sorts, but it was very hard,” leonard said. “we’ll put it that way. i’ve been through some tough (expletive) in my life and just nothing compares.” leonard said he was doing so badly that he sought professional help and began eye movement desensitization therapy, a nontraditional method of psychotherapy that targets post-traumatic stress syndrome. -via chicago tribune / january 20, 2022",0,0,0,0,0,0,x,0,0,0,
125,"seriously, it's not like he's coming out for pity after a loss or shitty game. he's saying he's been struggling with his mental health, and now he's trying to snap back into playoff mode, as exampled by last night's game",0,0,0,0,0,0,0,0,0,0,
126,"yeah, i definitely continued to play but a huge ""what if"" stayed in my mind for a long time. i had acl surgery last yeah and haven't been able to play, so that doesn't help with my depression.",1,0,0,0,0,0,1,0,0,0,
127,"i've dealt with much of this, on and off, for the past decade or so; you've already received some wonderful feedback, so i'll keep my $0.02 concise.

initially, i grappled with the ""selfishness/vanity"" (and still do, on occasion, during prep especially) as i'd never taken the time to do something truly for myself. i'm a giver, and have a tendency to derive my self-worth from the feedback of others. my fitness and physical journey, amongst the growth i've experienced emotionally over the past couple of years have allowed me to step out of that mindset. 

to fast-forward through the nitty-gritty (if you'd like the novella, lmk) i have reached a point where the ""sacrifices"" as i used to perceive them have proven to be beyond worth it, not only in terms of attaining a physique i am - for the first time in my life - proud of, but also for how my body feels. what began as a journey of finding self-worth through what was societally perceived as attractive has resulted in my entering my thirties healthier than i have ever been, truly taking care of myself mentally and physically, and thus those ""sacrifices"" no longer feel as such (e.g. i no longer have guilt turning down alcohol, and actively prefer a pitcher of water to a glass of wine.)

the best example of this, i believe, happened about a month and a half ago. i recently had a ba (something i have wanted for decades) and was incredibly anxious regarding no lifting/working out for six weeks. then, my partner and i spent two weeks visiting his hometown, and preparing my meals as usual was not an option - even tracking was incredibly difficult. i spent those two weeks eating intuitively (something hugely triggering for someone who has struggled with ed for over two decades) and to my surprise (read: relief) not only leaned out, but also decreased my stress levels. it was an enormous win (something that many wouldn't understand, but i have the feeling you do.)",0,0,0,0,0,x,0,0,0,0,
128,"a couple of years ago i got in the best shape of my life. working out was amazing for my mental health, burning nervous energy that is stored in us from our energetic fight or flight evolution.  then one day i got anxiety and couldn't work out any longer. i would have profuse sweating, sick feeling, and drained of energy, every time i made it to the gym.  i had to stop working out. mental health is lacking around the world, no one knows much about it. all you can do is try different things until something works.  glad to hear it worked for you!",0,1,0,0,0,0,0,0,0,1,
129,"i got stress fractures in my leg 11 months ago and since then, im still so messed up. i cant even run for 1 minute without mtss flaring up so bad it hurts to walk. i have done it all, ive rested, ive done the exercises and the stretching and the walk/run programs, ive been to a sports medicine doctor, a physiotherapist, and a few more doctors along the way. i have done everything right and i am still nowhere. i feel like i am never going to be able to run again. my body is broken and its never going to get better. every time it feels like its getting better, it flares up and i get sent back to square one. i am hopeless. 

my next step is gait analysis. i have been very depressed the last 11 months over this. i cannot express how broken i feel. i just want to run any amount but i cant. i put in an hour a day to my physio, every single fucking day for the last 11 months, doing everything im supposed to religiously. it hasnt helped at all. i am so fucking fucked. fuck me.",x,0,0,0,0,0,1,0,0,0,
130,"look, serious business: i'm a basket case. i've been in therapy and psychoanalysis for years to deal with neurosis and anxiety. i put off wanting to run for so long. finally i did it. and boy howdy do i suck at running. i'm 36 years old, i started running this past july, i've been running 5k every day and i've done two races now. but i don't care that i suck. i really enjoy it. 

  
and i can tell you from the bottom of my heart, three months of running has done more for my mental health than a decade of expensive therapy. running is the best i feel all day. i only exist in the present moment. my mental stress is transformed into physical stress and my body releases it through exercise. 

  
i don't know what it will take to get you to start, but once you do, you're going to feel so much better.",0,1,0,0,0,0,0,0,1,1,
131,"happy to hear that! i've never really been anxious or depressed- perhaps since i'm just 16 -so i'm not in the same situation as you. however, my ""addiction"" to the gym has clearly improved my mental health. the gym is what drives me up in the morning and what makes me drive through school, exams, studying, etc, and when i see progress, my mental health can't seem to decline for the following weeks. the gym has also made me a more confident person and i can apparently control my nerves a lot better. good luck with all!",0,0,0,0,0,0,0,0,0,1,
132,"what generally happens with fitness, is you start out doing a bare minimum.  if you can get used to doing a bare minimum with regularity you've built a habit.  once you build a habit, adding to that habit isn't terribly hard.

so will 10-20 squats per day change the way you look in 3 or 6 months?  no.  in a year will you look slightly better?  absolutely.

beyond that, if you get used to doing your squats everyday, as said earlier, you'll likely see that good decision roll into other areas of your life.  you might increase how often you workout, and you might eat slightly better, because now you're doing work everyday and you want the benefits from it.  

so physically are 10-20 squats per day, on their own, going to change you greatly?  absolutely not in a super significant way.  

yet, will 10-20 squats per day potentially lead to many other health benefits that will become systemic as you continue to make good decisions that you reinforce with work everyday by squatting?  there is a very good chance of that happening.  

i've always worked out for 3-6 months, quit, then fell off for a few years, worked out again, yadda yadda.  last year i worked out for 6 hours every month.  not week, month.  so 6 of 720 hours in a month, i was in the gym, and my lifts great greatly, my strength increased greatly, my body looks far, far better than before, my health is improved, my sleep is improved.  for the last few weeks i've worked out ~6 hours a week, and i've finally stewed in fitness youtube content, new power records for my lifts, and decided to compete in strongman.

none of where i'm at now, was why i started working out 6x a month.  the 6x a month wasn't even planned, i just knew that i was so depressed from life stuff that i couldn't be myself anymore.  when that happens, the only escape i've ever knew to work is getting back to peak fitness.  this time though, the goal changed, i didn't care about setting a new record, i cared about maintaining consistency in the gym because consistency is my sticking point.

point being, if you want to try and go down a similar path, dope, i'm glad to hear it.  6 hours a month initially, in return for all the health benefits, strength benefits, mental benefits, and simply the confidence edge that being more powerful entails, it's just way too good of a deal.  it's like someone offering you 2x your normal monthly wage to work 46 hours instead of 40 hours per week (not 2x pay for those 6 hours, 40 hours worth of pay for those 6hrs of work).  it's too good of a deal to pass up.

that's my perspective on it though, i'm not trying to judge or anything like that.  sounds like you've got a kid and a partner, and that alone means you've got a lot going on in your life.  it also sounds like your partner cares more about this than you do, so perhaps you can compromise on it.  if the money situation is good, you could barter and say something like you get to have a massage or whatever luxury sort of spa type thing you think is fair, in return for 1-2 hours in the gym every week.   my luxury was a breakfast burrito after exercise.

yet you can definitely barter with him since it seems like he wants you to workout and you don't want to workout.  that way you find a way to be incentivised, and he has to pay a price for you doing what he wants you to do.  dunno though.  good luck!",0,0,0,0,0,0,0,0,0,0,
133,"i think people underestimate how mentally hard it is to be injured in a way that can’t be seen on a scan or test. you break your leg and you see it on an x-ray; you get a concussion and... nothing. neurological conditions are really lonely and taxing because of it. 

hope your injuries weren’t too bad and that you’re doing well now 💛",0,0,0,0,0,0,1,0,0,0,
134,"really have to wonder if as we get closer to the draft, his revenge porn case (even if he's completely innocent) against him will get brought back into the limelight and make him drop, *especially* if he does well at the combine and impresses some teams. 

&gt; mcdaniels allegedly used his cell phone to record the sex acts without his partners’ consent in 2016 when he was a star at federal way, just outside of tacoma, washington.

&gt; gwen gabert, now 20 and the plaintiff in the suit, says she told police about the alleged recordings, but charges weren’t filed. 

&gt; “when i came forward, the reason he didn’t get in trouble was because he was an athlete. people didn’t want to hurt his career,” gabert told usa today. “i wasn’t valued at all.”

&gt; mcdaniels allegedly shared the videos on social media and among his high school teammates via group chat.

&gt; federal way basketball coach jerome collins stands accused of knowing about the allegations and failing to notify authorities in a $3.5 million tort claim filed by mcdaniels’ alleged second victim, 19-year-old tally thomas, according to the union-tribune.

&gt; “jalen is aware of this investigation,” mcdaniels’ attorney jeremy warren told the union-tribune. “in fact, it has gone on for a couple years. the police have looked at it twice, and the d.a.’s office has rejected any criminal charges. he looks forward to his day in court. right now, he’s focused on being the best student and human being he can be.”

&gt; both women told the union tribune that they have experienced anxiety and depression and have attempted suicide. thomas received a scholarship to play softball at stanford, but has since left school, according to the union-tribune.

&gt; “i did nothing wrong,” gabert told the union-tribune. “i have consequences for the choice i made on my 18th birthday. i should have been able to make those choices and trust jalen without having consequences that led me to almost take my life and still to this day be traumatized by what he did.”",0,0,0,0,0,0,0,0,0,0,
135,"wow. i really thought i was going to thrive and have time for all the self care. instead, my sleep schedule went out of whack and i've been playing waaay too much minecraft and binge eating. i'm getting this really bad general anxiety lately and i know my period is coming up soon but i hope i can take care of myself much better than i have been.

at least i've been running every day. having to do so in my neighborhood instead of the parks because man they are crowded now.",0,1,0,0,0,1,0,0,0,x,
136,"ok jj barea and rondo deserve to be tackled. breaking jordan's rib wasn't a big deal. even jordan himself didn't mind because it was part of the pickup game. you're being misleading and trying to pass that off as intentional, and you're completely wrong. one way to tell people mare making stuff up to fit their narrative is when they're somehow more offended than the victim. 

secondly, fuck paul pierce, and i'll never criticize anyone who goes at him. the rest idk you're probably right. was he crazy? yes. did he win an nba citizenship award? yes. are you lumping everything together when it shouldn't be yes? is he crazy again? yes.

story time. my friend became random friends with artest on twitter right when he moved to la. fast forward and ron flew him out to boston for courstide tix for the nba finals, met him one on one to practice shooting during finals week, and went to  my friend's house with his own family for shabbat dinner (my friend is jewish). i saw the pictures myself so i know it happened. thus is metta extremely chill? also yes. the therapy really helped him.",0,0,0,0,0,0,0,0,0,0,
137,"^    ***please read [the faq](https://www.reddit.com/r/xxfitness/wiki/main), [the rules and content guidelines](https://www.reddit.com/r/xxfitness/wiki/new_rules), and [current frozen topics](https://www.reddit.com/r/xxfitness/wiki/frozen-topics) before [contacting the mod team](https://www.reddit.com/message/compose?to=%2fr%2fxxfitness)***. this comment is a copy of your post so mods can see the original text if your post is edited or removed.
>u/basshead52
in short, i'm looking for calorie dense yet healthy snacks to add to my diet. or any advice for upping my calories/gaining weight. read below for details/history on why i'm struggling with eating (recovering ed) and where i'm at currently.

&#x200b;

background: i lost about 20lbs in like 2 months this past winter in a very bad depressive episode. \[for reference, i'm 5'8"" and dropped from 140lbs down to 120lbs... i'm underweight, none of my clothes fit, i haven't been this small in about 10 years\]. since about april, i have been actively back in the gym trying to put on some muscle and gain my weight back as healthy as possible. my strength has been coming back slowly, beginning to get back to weights i used to lift with. the scale is slowly going up, but it fluctuates. i'd say i have only gained about 2-3lbs confidently. i feel a lot better about myself, but i don't look like i'm gaining much. so now i'm focusing more on my diet. i think i'm not eating enough. i've been focusing on protein, but now i'm trying to focus on carbs since i don't only want to gain muscle, i miss having a little fat on my body.

&#x200b;

this is where i begin to struggle. i used to be super fit, in the gym daily for hours, prepping all my food, yada yada yada. this was years ago, i stepped back cause i developed a really bad eating disorder. i won't go into it, but nowadays (years later), i always struggle with my fitness goals when it comes to eating. i cook all my meals, and i'm making sure they're balanced and nutritious. however, i have a very hard time making myself snack, which i currently feel would be a great way to hit my calorie goals. but i can't bring myself to eat chips and the like, anything that i know are just empty calories. i should say i'm doing well with the eating, but i can never go full in on meal prep and counting calories because it is triggering for me. so i'm only assuming i'm not eating enough, i actually have no idea as i don't count them and i have no set calorie number i'm aiming for. i try to avoid reading nutrition labels, unless i'm looking at protein content.

&#x200b;

the only things i snack on are trail mix, yogurts, fruit, and a protein smoothie on the days i workout. this is in addition to the 2-3 meals i eat daily. anywho, yeah. i need advice on higher calorie snacks. things that are cheap, packaged or i can meal prep, and aren't totally empty calories.

&#x200b;

thanks guys.

*i am a bot, and this action was performed automatically. please [contact the moderators of this subreddit](/message/compose/?to=/r/xxfitness) if you have any questions or concerns.*",0,0,0,0,0,0,0,0,0,0,
138,"new account, first post, blah blah. 
i recently got engaged, and i also happened to be at my heaviest weight. 200lbs. that’s not so bad, but i’m 5’1” and 22 years old, so it shows on me. i wanted to make better health choices to that, before my dress fitting, i would be back to my happy 120. 
i’ve counted every calorie (and overestimated just in case), i’ve been at the gym a minimum of 5 days a week for an hour and a half a day (although i’m usually there more), and i’m drinking between 40-60oz of water a day. 
i have even been watching my macros and trying to make sure those are in line with my goals. i usually hit 1200 calories a day, and my protein goals are my weakest because i have been a lifelong vegetarian, but i am using supplements to help. 
i’m not only not losing weight, but i’m incredibly tired. i have constant headaches and pain. and, worst of all, i am the most depressed i have ever been. i stopped all hobbies and passions because i don’t have the energy for them anymore. i cry before getting out of bed most days. my fiancé has noticed major mood changes, too. 

what am i doing wrong?",0,0,0,0,0,1,0,0,0,0,
139,"so you tried something out, and maybe bulked slightly more than you would have liked. there's nothing wrong with bulking a little btw. you're still fitting into your old clothes it sounds like even if they don't fit as well so i'm guessing you didn't do a super drastic bulk depending how long you've been eating more.

now you know maybe you want to take it slightly slower next time and up your food intake a little more moderately.

your cut will be fine. you probably look banging right now and feel strong and energized, or would if you weren't busy beating yourself up for being human and having a body. have you thought about whether you might be overthinking the effect of the extra weight? what matters is you feel good and feeling good includes letting go of piling on stress via self judgement and shaming.

breathe. you're a human being with a body. you deserve love and compassion, as does how you think about and talk to your body.

none of this is worth being neurotic over. i have the utmost compassion for that having experienced all kinds of body image dilemmas myself. and i speak from experience when i see it's not worth the stress and toll on your mental health to freak out over it. things happened and now you are adjusting. that's how life happens and we learn. if you prefer to eat intuitively, this is literally part of the process of it, you learn what over and undershooting feels like and what foods work best for you for what goals. sometimes that means you get a few lbs too fluffy but luckily you realize it and can revert course now.  

this kinda stuff is also totally cool to bring up with a therapist if it's feeling really difficult to separate from. &lt;3",0,0,0,0,0,x,0,0,0,0,
140,"came here to say i deeply admire your perseverance and dedication during such trying times. 

i’ve spent the past year trying to overcome and rehab my left knee due to some nasty runners knee/patellar tendinitis issues. was finally seeing some improvement over the past few months after cutting back on the amount of running i was doing and dramatically increasing my strength training and stretching. i felt healthy enough to sign up for a 1/2 marathon trail run coming up this next sunday about a month ago and re engaged in a decently regular training program. about two weeks ago i was out on the trail, got overconfident and exceeded my mileage and speed goals and tackled quite a few hills in quick succession. woke up the next day with burning intense pain in my achilles. i’ve been sidelined since working with a pt, yet again. no running. to make matters worse my knee has flared back up again since as well. 

needless to say i’ve been terribly depressed. i see others run with seeming impunity and feel left out and weak. running changed my life; it has helped with my confidence, my mental and emotional health, and my general sense of well being. stopping dead in my tracks again while on the up and up has just about broken me mentally. while your injuries are for more severe than mine, i just want you to know i’m with you. i relate. i can only imagine how hard this must have been and i truly applaud the amount of strength and willpower you have to continue to trudge on your journey of healing. thank you for sharing your story. i absolutely needed to hear this today. i hope others can take away something as i have now as well; not only to take it easy on yourself and practice self-care; but that we all fall down sometimes, and what truly matters is our attitude and ambition to get back up. thank you again. i wish you a speedy recovery my friend.",0,0,0,0,0,0,1,0,0,0,
141,"this is my take, so take it with a grain of salt. if you're going into the race already nervous/anxious about panicking during the swim, then most likely you'll have a moment of high anxiety during the race. there's no shame in canceling. i never canceled over anxiety on the swimming leg but i once canceled because my training started lagging behind and i was getting seriously anxious about running a race i wasn't well prepared for (even if i knew i could finish) and could lead to injury.   


that been said, what is your fear? you seem to be okay with the depth of the water. are you afraid of muddy or unclear water? when i swim in choppy water and it's about to freak me out or make me dizzy, then i just close my eyes underwater. you'll be surrounded by other people, and you can just try to follow them. most races have a lot of people on kayaks or boats who are there to help you. most races you can just stop and float until you feel like swimming again.",0,1,0,0,1,0,0,0,0,0,
142,"talk to your  coach. they guaranteed have something to help.you out.

take a video and watch it over. watch other swimmers that are faster and compare them. try and mentally go through a race before bed, focusing on perfect technique. it is almost like meditation. do this on a near nightly basis.

i currently coach kids that are your age and 9/10 are slow because of technique.

eating right is a big part of this sport as well. you have to be eating right. as well as getting some gym time. also try and break up your meet schedule by trying out other events. try and get into some longer distance races, just to break the monotony.

depression is no joke and i know that from personal experience. try talking to someone about that as well. you could be mentally blocking yourself because of that. really focus on your well-being and swimming will fall in line.

you got this! the person at top had some really good points too!",0,0,0,0,1,0,0,0,0,0,
143,"i don't know you, but i am so glad you are here :)

the faq is a great resource on getting started. if i were you, i would focus on small changes for now (as you mentioned in your post). going out for walks, getting more vegetables in your diet, drinking more water, etc. there are many women on this sub who lift and it has completely changed their perception of fitness (and themselves). for those that love it, lifting is great, which is why it is so heavily focused on in this sub. but as you explore the giant world of fitness, all that really matters is that it brings positivity into your life. 

there will be bad days on your journey. just do your best in that moment. what matters is the accumulation of healthier choices. a period of time (a meal, a day, a week, a month, etc) where you go off plan does not mean all is lost. in fact, those are learning opportunities. figuring out why you aren't on plan allows you to recognize those moments in the future. not beating yourself up, not labeling foods as good or bad, not labeling yourself as good or bad, these are important to your mental health. 

we are still learning about fat tissue and how it affects us.[for example, high amounts of fat tissue can affect leptin production, which helps us regulate our hunger levels](https://www.nature.com/articles/372425a0). losing weight also throws off leptin levels, as your body makes you hungrier to make up for the loss in body mass. [other hormones, like asprosin, are found in abnormally lean people but not in others](https://www.cell.com/cell/fulltext/s0092-8674(16)30213-6?_returnurl=https%3a%2f%2flinkinghub.elsevier.com%2fretrieve%2fpii%2fs0092867416302136%3fshowall%3dtrue). we are still discovering how our bodies work, but know that your natural cues may be a bit off when it comes to how much and when to eat. 

losing body fat is a difficult task, but it is a goal that is very achievable. give yourself a window of calories to eat to lose at a moderate pace. follow that window most of the time, but you don't need to be exact. learn what portions look like for you, and adjust those portions as you lose weight. counting calories is not exact, even in prepackaged foods that come from a factory. how many calories you burn in a day is also an estimate with pretty wide error margins between individuals. the best way to figure out how much you need to eat is to average your changes in weight over a couple weeks while monitoring your calories. many people with significant weight to lose find that doing so in stages gives them a preplanned break both mentally and physically. it is really taxing to constantly think about food and how much food and when, etc. planning a break takes that pressure away and allows your hormones to restabilize. this isn't the only way to approach weight loss, but it is a system that i personally follow when i want to drop weight. for most people on long weight loss journeys, they get to a point where decreasing calories becomes unhealthy, but they have stopped losing weight reliably. this is a good time to take a break, eat a bit more, and stabilize your weight for a month or two. then when you go to lose again, you won't have to reduce calories so dramatically.",0,0,0,0,0,0,0,0,0,x,
144,"amazing race, and this post is inspiring. i've been a runner for about 20 years, but i was injury plagued running very low mileage on and off for a few of those years. most of my prs were run in my teens when i was a high school track athlete. i'm 35/m now. i've made progress at the marathon distance but it's been painfully slow. my pr was three years ago, and my most recent marathon was my slowest bonk ever despite what i thought was a good training cycle. since i'm not getting any younger, running my slowest marathon at 35 depressed me a little. it's really motivating to see people who are older than me and still able to run sub 3:00. i would love to qualify for boston someday.",0,0,0,0,x,0,x,0,0,0,
145,but it is a mental health problem because it shows people that they can take advantage of a serious issue and use it to get their way. and when people do this it makes mental health not look as serious as it is to everyone else because a guy didn’t want to play basketball,0,0,0,0,0,0,0,0,0,0,
146,"was excited to stop working overtime since it'll let me get back to a consistent workout schedule. unfortunately i just started a new birth control and it's destroyed my desire to be productive. hopefully it's just temporary and my hormones even out. don't want to go back to my old one, but this one is really giving me bad mood swings. just need to focus on the fact that the next two weeks are only four day work weeks. maybe a nice hike friday will get me back into motion.

2021 was such a long year and i'm determined for 2022 to be better. i'll be 30 this next year and i plan to be the fittest i've ever been!",0,0,0,1,0,0,0,0,0,0,
147,"thank you. i have started on a downward spiral with the scale, to the point where it would determine whether or not i had a good day based on my weight. i need to let this go for my own good and just focus on what and how much i am eating, working out and how i am feeling. like a lot of people i have been struggling with my mental health through this crisis, and i was holding onto losing weight as something i need to do during quarantine, instead of focusing on re-composition. re-composition of body fat to muscle takes time and the scale (even a scale that measures body fat) doesn't present the whole picture. so thank you for giving me the motivation i need to put the scale away, focus on my health both mental and physical and move forward.",0,0,0,0,0,1,0,0,0,0,
148,"u.s. gymnasts worry that program’s chaos will ruin their chances
by maggie astorfeb. 27, 2018

the united states women’s gymnastics team has no coordinator. it has no training center. it has lost its biggest sponsors. its governing body is under investigation by multiple congressional committees and recently jettisoned its entire board of directors.

from the biggest sexual abuse case in sports, the institution of u.s.a. gymnastics has emerged tattered and disgraced: censured for systematically failing to report predators, accused of fostering abusive training environments and condemned by many of its own stars.

but there are still gymnasts training 30 to 40 hours a week in pursuit of lifelong dreams: national team membership. world titles. the 2020 olympics. they are distinct from their governing body. and they are worried that this reckoning, essential though it is, will hold them back in a sport whose window for success can be painfully short.

“we don’t have a year or two to settle down,” margzetta frazier, 18, a member of the national team, wrote this month in a tweet liked more than 1,200 times. “we cannot put our bodies on hold. time is not on our side.”

on feb. 4, at least 20 elite gymnasts — including almost every national team member — posted a photo on instagram or twitter of a lineup at a national training camp, accompanied by a chain-link emoji and the hashtag #wst, short for “we stand together.” the message was twofold, several of them said in interviews: solidarity with the more than 250 women abused by the former national team doctor, and determination not to let the catastrophic failings of the sport’s officials derail its athletes.

jordan chiles, 16, the runner-up at last year’s national championships, said the hashtag campaign “was something we decided to do together to show our support to our teammates, to our sport and to let everyone know that we are still standing strong. that we are unbreakable links in a chain.”

few gymnasts say they will miss martha and bela karolyi’s texas ranch, where the women’s national team trained for nearly 20 years until u.s.a. gymnastics cut ties in january. many were molested there by the former team doctor lawrence g. nassar, and the karolyis are accused of creating an environment that both facilitated his predation and was abusive in its own right. in the week, both the associated press and the dallas morning news published major investigations of mistreatment there.

but many gymnasts do miss the monthly camps where they trained with the national team staff and performed their routines as though they were in competition. contenders for approaching international events attended a selection camp at louisiana state university on sunday, but the regular camps have not been held since november.

“camps are not just about training,” said olivia dunne, 15, who has attended them since she was 10. “at each camp, we compete and get experience completing routines under pressure.”

jade carey, 17, a double medalist at last year’s world championships, said the hiatus had made it difficult to receive guidance from the national staff. and because few gyms have more than one elite gymnast at a time, many national team members — far more skilled than anyone around them in daily training — count on the camps to show them their competition.

at home, adeline kenlin, 15, is “a big fish in a little pond,” her coach mary wise said. “we look forward to the training camps as an environment that pushes her.”

valeri liukin’s resignation as national team coordinator this month, less than two years after he took over from martha karolyi, also came as a shock. liukin said at the time that he had been “looking forward to trying to turn this program around,” but that “the present climate causes me, and more importantly my family, far too much stress, difficulty and uncertainty.”

asked whether they were worried that the institutional upheaval would affect their ability to compete internationally, gymnasts said it already had. u.s.a. gymnastics has withdrawn from two competitions — the international gymnix in canada, held in march, and the city of jesolo trophy in italy, held in april — that are often the first international experience for new national team members.

at least eight gymnasts, including kenlin, have arranged to compete individually in jesolo at their own expense.

beyond the practical difficulties of being a national team member without the accouterments of a national team, gymnasts are struggling to come to terms with a harsh spotlight.

the current and former athletes speaking out against u.s.a. gymnastics have made a point to distinguish between the organization and the sport. but to some not involved in gymnastics, the revelations of abuse seem to define it. in one widely shared article last month, a sports illustrated columnist declared: “american gymnastics is no longer a sport. it’s a conspiracy of pedophiles and their enablers.”

the notion that american gymnastics was synonymous with the failures of its governing body has not sat well with american gymnasts, including simone biles, the 2016 olympic all-around champion. biles, 20, a survivor of nassar’s abuse who began training again last year, wrote pointedly on twitter that gymnasts “don’t stop working hard just because our organization is falling apart.”

asked what they wanted the public to know, every gymnast interviewed said largely the same thing. none disputed the importance of organizational and cultural change in u.s.a. gymnastics. but they did not want their work and goals to be ignored.

“there are still kids working hard,” kenlin said. “there are still kids trying to achieve their dreams.”

“there will always be unexpected ups and downs on the road to success,” carey added, “but we will continue to support each other and not let anything or anyone destroy us or our love for gymnastics.”

wise, kenlin’s coach, said it sometimes felt as if, in the push to make the sport safe for future generations, the current generation had been forgotten.

“these kids are working hard, and we are hoping that their dreams don’t get damaged by the ripple effect from what has happened,” she said. “their dreams are important. we want to see them have their chance, too.”",0,0,1,0,0,0,0,0,0,0,
149,"it's kind of new territory for the nba, but should mental health issues be treated any different than injuries? 

if he got hurt, nobody would bat an eye, but if he's severely depressed (not saying he is), that also should be addressed.",1,0,0,0,0,0,0,0,0,0,
150,"i'm not a bill simmons fan (not sure many people are), but he's 100% correct on this one.  there's nothing right about the way ad handled this situation.  i realize we're in the era of player empowerment, but there's a big difference between making that decision when you're entitled to and forcing the decision when you're under contract and being paid a boatload of money for your services. not only did he force a trade, but he forced a very specific trade by tanking his value.  ne got a good haul for him, but i definitely think they could have gotten more had he not demanded la and said he wouldn't sign anywhere else. 

personally, i think there's also a generational aspect to this as well, especially taking this sub's age break down into consideration.  generally speaking, most people that own business and are in decision-making roles are older, so they see how this affects the team/business and can put themselves in that position. generally speaking, most people that either work entry/mid level positions or haven't entered the workforce yet are younger, so the business/team/owner are still the villain to them and everything should be about player/employee preference with no regard for what it does to the team.  

i can't even imagine being an international superstar with tens of millions of dollars in the bank and hundreds of millions of dollars in earning potential remaining and acting so spoiled that i feel the need to act like this.  so many people are struggling either financially or with mental health related to how they're living life, yet your biggest issue is you can't wait a couple years to move to the hollywood.",0,0,0,0,0,0,0,0,0,0,
151,"hahahahahaha i like that reaction. my anxiety manifests as stomach issues sometimes, and so, for example—i had stomach issues on a 12 mile run during marathon training, and there were no bathrooms/woods, so my husband had to pick me up. i then got nervous about that happening again, and lo and behold, i had the same issue on my next long run. so forth and so on. but yet, if i’d change up my route—everything else being the same (diet, time of day, etc), it wouldn’t happen. it was like my brain was saying oh god, you had stomach issues at x miles before, what if you have them again what are you going to do oh god panic *sends bat signal to gut*. same thing is happening on my weekday evening runs right now, it’s super annoying and i really wish my brain wasn’t able to affect my body so negatively sometimes. 

the bonus is that i’m very good at using my brain to push through tough workouts, hard projects at work, etc",0,1,0,0,x,0,0,0,0,0,
152,"running was the only thing that helped my mental health, it didnt fix the anxiety or depression but made it much more bearable. i never wanted to go down the route of anti-depressants as i've seen the side effects of sleepign all the time and weight gain etc. i became addicted to running and got to a good standard running 50mpw. this october i ran a 35:30 10k pb but got covid shortly after this. i still haven't fully recovered and as such i've struggled getting back into proper training routine (long covid). i now realise more than ever how important running and or exercise is to me as ive been on a downward spiral the past few months turning to other vices such as alcohol and eating rubbish andmy symptoms have been getting worse and worse. i hope to get back into a routine this week and get back to running regularly. i'm glad you have discovered running and i hope it works for you too!",1,1,0,0,0,0,x,0,0,1,
153,"are you a doctor right now? i just started physical therapy school and im in the same boat, i hated it through my undergrad but i didn’t listen to the voice inside my head and now im here too late to turn back. i thought i’d be a cool pt doctor too but it just seems like i’ll be some upgraded personal trainer stretching out lazy stupid people who sprained an ankle maybe im speaking too soon but i dont know",0,0,0,0,0,0,0,0,0,0,
154,my self diagnosed social anxiety and insecurity about my pace is keeping me from joining a run club. i hope i can get out of my own head and just go for it! this post made me super happy.,0,1,0,0,0,0,0,0,0,0,
155,"first, i'm sorry to hear you had a difficult time.  having not been there it's hard to say if your coaches approach was necessarily wrong.  they may have come off a little coarse from the sounds of it.  that said, a good coach provides feedback and that includes feedback that the athlete might not want to hear.  coaches want to see you improve and do it safely.

good programming involves providing workouts with a targeted stimulus.  it's not about the weight, i implore you to not focus on that, it's about the stimulus.  from what it sounds like your coach identified that at the weight you were at you were not achieving the desired stimulus for the workout.  that doesn't mean you're weak.

this is one the biggest hurdles i've seen gyms have to overcome -the stigmas associated with scaling.  the numbers are arbitrary you need to do what's best for you and check your ego at the door.  ask yourself is the anxiety you're giving yourself worth it just because of some random number?  maybe rx at your gym is scaled at another?  or maybe your scaled is rx at another gym.  these are just arbitrary designations that unfortunately so many athletes place too much focus on.  consider that the crossfit elite athletes 1rms pale in comparison to power lifters and olympic athletes in those same lifts.  but we wouldn't call them weak would we?  you see, the number doesn't matter as much.  your growth does and the science shows that following good programming while achieving the desired stimulus is the best way to grow.  don't let your ego get in the way.

it sounds cliche\` but strength is showing up and putting in the effort.  your numbers will grow as you grow, but the important part is your own growth.

i hope you can build up the courage to show up again.  i don't think they'll see it as a big deal, you can explain you had a rough week, but you're there to get to work.  i imagine they'll be understanding and accommodating.  good luck.",0,0,x,0,0,0,0,0,0,0,
156,"do you have access/ability to take a single out every so often? i found that helped center, pace, and reestablish my connection after rowing in an 8 or 4. taking a pair out also really helped. 

if those aren’t viable options. try clearing your head, mental tension and anxiety are like quicksand. i would focus on good swing and rhythm.",0,1,0,0,1,0,0,0,0,0,
