row_id,text,depression,anxiety,stress_pressure,burnout_motivation,performance_psych,body_image_eating,injury_distress,self_harm_suicide,help_seeking,exercise_coping,substance_use,loneliness_isolation,sleep,trauma_ptsd,adhd_neurodivergence,exercise_dependence,notes
1,"i seriously just show up. i have an hour free? ok, i'll go to the gym. i don't *always* work out. sometimes i talk, other times i swim or play basketball, maybe do some light lifting.

however, i find that once i'm there the motivation shows up and the anxiety or whatever disappears like 93% of the time. if it doesn't, i then rely on making the conscious decision to do something active. i'm already at the gym, i sure as fuck don't want to just waste gas, so what the hell.

plus when someone asks what you did today/yesterday/whenever, it sounds a hell of a lot better to say you went to the gym vs ""sat around at home binging parks and rec and stuffing cheetos in my mouth"".

**now go get those gains dammit!**",0,1,0,0,0,0,0,0,0,1,0,0,0,0,0,0,
2,"honestly, when it comes down to it, it’s mental illness. a combination of disordered eating and ocd. it sounds ridiculous and i don’t understand it, but my mind tells me i have to run this much every day. running is the thing that takes away my anxiety, yet it also causes it. i started therapy a couple months ago and am working on weight gain. decreasing my run though is the hardest part.

wow! i’m really sorry about your injury…and that 6 years later, you’re still suffering from it daily. reading these comments from you guys is extremely eye opening and makes me fearful for my future if i don’t change my lifestyle. 

i appreciate your input so much. thank you!",0,1,0,0,0,1,0,0,0,1,0,0,0,0,1,1,
3,"[to be a sports fan that doesn’t gamble is an increasingly exhausting existence.  
you are constantly bombarded with messaging of how much better and more immersive your viewing experience could be if only you invested *more* of your money and emotions and sought to convert your knowledge and passion into potential profits.  
committing your time, attention, money (cable, streaming, tickets, merch, parking, food etc), and loyalty to a team is now deemed as being inadequate or incomplete without also having a direct financial stake in the outcome of a game and/or the performance of certain players.  
the ongoing creation and fragmentation of betting markets and rules (i.e single quarter or half bets, in game parlays, live cash outs etc) is a perfect metaphor for late capitalism and the need for infinite growth above all else, regardless of the fact these new rules and promotions contradict and therefore trivialise the fundamental spirit and logic of wagering itself (live cash outs being one particularly flagrant example).  
using the nba an an example, rather than making the difficult decisions needed to improve the core product in the face of declining ratings and relevance (such as shortening and/or reducing games and cannibalising stadium/tv revenues in the process), the league is instead going to make the easy yet morally void move to supplement falling income streams with gambling $$$.  
this won’t result in a better experience for the majority of fans. it likely won’t even result in that big of an increase in the number of casual gamblers despite the billions of dollars of marketing that will be pumped down our throats. what this normalisation will result in is money being extracted from existing and potential problem gamblers at a much faster rate, with the net outcome of this of course being far more lives and families suffering what in many cases will be irreparable damage.  
this will lead to significant secondary challenges and issues in terms of financial and mental health and well-being, risks of potential family violence and self harm, harmful coping mechanisms or co-morbid addictions such as drinking and drugs, just to name a few. all in a society that is (largely by design) failing to meet the existing needs in these areas.  
they absolutely know the harm this will cause, yet cannot look beyond the novelty-sized cheque in front of them. because professional sports in their current orientation are first and foremost a playground for billionaires, and billionaires run on greed.](https://streamable.com/e0mgxf)",0,0,0,0,0,0,0,0,0,0,0,0,0,0,0,0,
4,"^    ***please read [the faq](https://www.reddit.com/r/xxfitness/wiki/main), [the rules and content guidelines](https://www.reddit.com/r/xxfitness/wiki/new_rules), and [current frozen topics](https://www.reddit.com/r/xxfitness/wiki/frozen-topics) before [contacting the mod team](https://www.reddit.com/message/compose?to=%2fr%2fxxfitness)***. this comment is a copy of your post so mods can see the original text if your post is edited or removed.
>u/ambitious_nobody2467
i started lifting regularly a year ago (i weight train 5-6 days a week, i took one week off for christmas). i know i've gained a lot of muscle in this past year, but i have no idea how much.

none of my clothes fit me, but in a bad way. everything feels stiff, and i cannot find a decent pair of jeans anywhere. i only now feel comfortable in my gym clothes. my bra band size got bigger, but my cup size seems to be the same.

i have not lost weight, but gained about 20 lbs (according to a scale). and i have stayed at this weight this whole time.

my waist got slightly bigger in inches, but in a way looks smaller. same with my back.

i used to be obese, lost 60 lbs and got skinny fat prior to this last year and now here i am. i am not sure what to think, i think not knowing what my body is doing is killing my self esteem. not sure if i should stop this even though i enjoy it? i have had a history with body dysmorphia and eds so this has been difficult for me on an emotional level.

has anyone else experienced this? i saw a picture of myself at the same weight, but when i didn't lift weights, and i looked much bigger than i do now. i've heard that people get bigger before they get smaller, but it has been an entire year now! do i need to be more patient?

*i am a bot, and this action was performed automatically. please [contact the moderators of this subreddit](/message/compose/?to=/r/xxfitness) if you have any questions or concerns.*",0,0,0,0,0,0,0,0,0,0,0,0,0,0,0,0,
5,"brother what do you mean by this

please explain 

for context i am trying to grapple with the worst nightmares i ever had after i wake up today. i also had belly ache all night last night after eating bread and kebabs. maybe coincidence? i dont know

some of the random stuff i see last night for anyone bored and want some highlights: 
- me, my mother, my father, and a tiny russian man (looks like one of those mma fighters from russia, ive been watching a lot of videos about khabib from ufc) all being arrested. then i see the jail had exhaust pipes that were being clogged by drug addicts. which means everyone in the jail would die
- other part i remember j felt like i was in a video game where you make choices and it affects the ending, you know? so one of the decisions i made was the normal boring innocent one where the dialogue is vanilla. but somehow i managed to, for lack of a better way to describe, rewind the game in real time and see what happened if i made some other decision. turns out, as i am rewinding, some of the most vicious murder and macabre violence i ever seen. flashbacks of people getting shot in the back and their heads dislodging from the bodies and their stomach separating from their waists. it makes no sense. and as i am watching this, after i rewound it all, i am trying to skip all this to where i was in this “game” but as i fast forward, it is just more and more violence. then all the faces are in front of me, start shapeshifting at 100mph, and i realize i am 50 cent (wtf???)

- being stuck in an indian man’s apartment in a high rise who is playing a game that visually,  heavily looks like it is on a ps2 in a game set in autumn with leaves on the ground. not being able to watch because the game is too nostalgic of that era. wanting to leave, but cant, as the indian man points out i am bleeding all down my left leg from a glass injury 

- vin diesel being extremely short, and wearing nothing but very long pants over his head with his ears out. (loons like beavis and butthead when he does the “i am cornholio” bit). just dancing in a corner. next to him is kodak black and he is doing the electric slide or some shit

when i woke up i was so confused and the first thought i had for some reason is that i had a parasite. i dont know where all this comes from because it was the most vivid, violent, and disturbing set of dreams i experience and im partly writing this for my own memory in case i forget 

is this shit all because i ate kebab idk",0,0,0,0,0,0,0,0,0,0,0,0,1,0,0,0,
6,"for what it's worth you sound like i'm at exactly the point where i went to a doctor about it an finally accepted i was suffering from depression, and it was my first step to digging myself out of the hole that i didn't realise beforehand was so deep. i've been to counselling a couple of times since and each time it has helped me. you don't need to be suicidal, or even depressed, to find it helpful.

this isn't to say this is a diagnosis as that's really something for a medical professional, just that i read this:

&gt; i'm just at the point where i can't focus on anything, can't sleep and everything feels like a drag. runs feel like i'm slogging through molasses whether i'm running 1 mile or 5 for example

and it's like a flashback.",1,0,0,0,0,0,0,0,1,0,0,0,0,0,0,0,
7,"i’m going to say something “horrible”, but which i feel free enough as a non-western woman to say, as i don’t subscribe to western feminist ideologies: the so-called beauty standards that we have, for women *and* men, are mostly rooted in biology.

there’s a reason why lean and fit bodies (and this whole thicc shtick) is promoted by society, media, etc... because that’s how we’re supposed to look by nature. sure, there’s a spectrum and a range, and sure, there’s some unrealistic stuff promoted by companies looking to sell a product, but indeniably, outside of really specific personal taste, people over 300 lbs cannot be viewed by the “lizard brain” as sexy or desirable.

and, the lizard brain doesn’t see them as sexy and desirable not because of “culture” or “patriarchy” or “media”, but because they’re not reproductively or survivalbility-ly healthy, and that part of us knows it. it knows it deep down below, below all the body positivity mantra, below all that nice stuff we say to ourselves and the excuses that we find, that this is unnatural. that beyond a certain point being overweight isn’t about societal standards or ideology, it’s about being *functional*.

so, no, losing weight or getting fit doesn’t seem unfeminist to me (assuming we play by what is defined as feminism, which i generally don’t). i don’t see my body as a separate entity from me, i *am* my body. i really dislike this dissociation that the narrative about fitness and health is permeated with, this whole idea about bodies being somehow disconnected from us, like we’re passengers occupying a meat suit. and that’s what happens - when we treat it as a meat suit, we treat it badly. 

and because i don’t experience this dissociation, i just want to be as functional as possible. i don’t aim to love and accept my body - and for the matter of fact, anyone else’s, i aim to love and accept myself and people that *i chose to*. the best way to do so, is attain a high enough level of functional adequacy. everything else is fluff, and i don’t feel i particularly owe something of the sort (love, respect, acceptance) to anyone or anything by default, be it my gender or society or culture. harsh? maybe, but i’m 100% honest. tbh, i was never pressured to owe it, so my experience is colored by this fortune.

in short, i want to be fit and sexy because nature intended me to be so, who am i to argue with it?

edit: and a snippet about “unrealistic goals/standards”. i’m tired of people blaming them all the time. it’s the human condition to set up ideals. biiish, our everyday lives are filled with unrealistic standards. we live in a world that tells us that we can achieve anything, that we can be rich, have the best jobs, relationships, possessions, etc... so, why rage only against one aspect of this dream that is being sold? metaphorically speaking,  we’re scammed for millions, but decide to focus on those measly $10 bucks, because what? because it’s easy pickings. it’s a *safe* disgruntlement.",0,0,0,0,0,0,0,0,0,0,0,0,0,0,0,0,
8,man ive been so unmotivated at home. i much rather spend 2.5 hours at an acutal gym than do a 45 minute calisthenics workout at home.,0,0,0,1,0,0,0,0,0,0,0,0,0,0,0,0,
9,"absolutely. that's exactly the routine (c25k) that got me hooked. been running for 2 years now, currently doing 30-60 minutes 4 times a week and i'll never go back to not running. i'm not running particularly fast or particularly far, but the mental health benefits are amazing.",0,0,0,0,0,0,0,0,0,1,0,0,0,0,0,0,
10,"so i went on a 4-day trip with my boyfriend last weekend and ruined my entire life, lol. i let loose for the first time in ages and let myself have pizza and alcohol and nachos, etc. i accepted i'd gain a couple pounds of fat, whatever. i also got really sunburned on my thighs/butt/torso. between alcohol inflammation, junk food bloat, the apparent swelling/water retention that comes with sunburn, and pms bloat, i swear to god i went up at least 2 pants sizes. my work pants were suddenly tight on monday...still are. i can't believe how much i (particularly my thighs) widened. i couldn't even look in the mirror. as someone with massive body dysmorphia who used to be super overweight, it's been terrifying and, excuse my dramatics, but devastating. i keep telling myself i gained maybe max 2-3 pounds of fat and the rest water, but god, i feel like i've gained 25 pounds and don't recognize myself. suddenly my thighs rub together a lot. i feel horrible. my body was sore to the touch from all the inflammation that i couldn't even jump rope like usual on monday. it hurt my thighs, each jump. 

i pushed through yesterday and jumped rope because it felt a little better + went to my trainer despite my horrible mental state, and i set a deadlift pr! and it just felt awesome in general to lift and squat. i just wanna lift lift lift.  

i still don't fully recognize myself, but the bloating is getting a little better and inspiring me to do a proper cut, though. i'm tired of dancing around it and telling myself i can't do it because i'm physically and mentally incapable of eating 200-300 fewer calories daily. i really need to try and stop being a baby.

on the plus side, my boyfriend took a picture of me this weekend pre-sunburn where i look really fit he said he can't stop looking at. and i actually like the picture and don't hate it, holy shit. i didn't realize how good i look/ed, lol. i've been working with a trainer since feb and eating a ton of protein daily, and i guess it's finally paying off. he said he noticed. my butt is a lot nicer, lol. 

so basically (hopefully temporarily) destroying my body with inflammation made me realize hard work does pay off and that i can push myself even more. i've already eaten less in the past two days than i have in months. 

i wish i could go into hiding until i feel like myself again, though :(",0,0,0,0,0,1,0,0,0,0,0,0,0,0,0,0,
11,"working out for me is like therapy for my mental health / about the experience of it all- so having stuff at home gives me the opportunity to use a stereo instead of head phones and get my pump and just have alot of fun. having alot of equipment at a gym is nice but i'm fine being home and focusing on the basic compounds and stuff like that. 

&amp;#x200b;

but if you had a dungeon old school gym with other bros to bond with and push eachother, id opt for that.",0,0,0,0,0,0,0,0,0,1,0,0,0,0,0,0,
12,"if you are severely over weight then start slow. diet, walk, some swimming etc.

if you're not overweight and you don't have any other conditions and it's just a lack of fitness thing, then just keep at it. you'll feel shitty, that's just part of it.

the bodyweight stuff in the wiki is good if you haven't checked it out.

keep plugging away at the anxiety side, keep seeking the help to get through it. my wife suffers from it and it can be crippling at times.

good luck, bud.",0,0,0,0,0,0,0,0,0,0,0,0,0,0,0,0,
13,"i have to admit that i’m not good about this. i’m training for my first marathon and it’s stupid hot out. consequently i leave for my long runs by 3-4 am to be done by 7. midweek runs at 5:30 before work. it’s very dark. i’m always alone.  i run in the roads (feels better on the knees than side walks) but always against traffic so i can see cars coming from a mile away. 

i live in a pretty safe area but the opioid epidemic in south florida ensures that drug addicts can be just about anywhere. 

i should carry pepper spray but i make excuses like that my nathan belt is full already with phone/snacks. 

my boyfriend does wake up with me and watches my progress on find friends app. i text him every few miles to let him know all is well. truth be told, a tracker or beacon app really wouldn’t prevent an assault or kidnapping. mollie was probably killed very quickly. 

scary world out there ... but i won’t let it affect my hobby. i’m a criminal defense lawyer and i spent all day with crazy criminals. i run for mental health and sanity. if my safety were on my mind 24-7, i’d go nuts.",0,0,0,0,0,0,0,0,0,0,0,0,0,0,0,0,
14,"30 mins on the treadmill at 2.5 speed? you've done this multiple times? i would have scratched my eyeballs out i can barely make it 5 minutes walking on the treadmill. i used to run on a treadmill back in high school but it'd be like 10 minutes or so, not all day lol.

as someone with adhd, i've found i either need to completely zone out while doing cardio (like reading on a recumbent bike or maybe an elliptical) or i need to be fully engaged (hiking, skiing, running outside). i'm also supposed to be getting my heart rate up and down repeatedly to address some cardiovascular issues i have. so instead of the low and slow approach i do a few minutes on the stairmaster and then die and then make the uphill walk home and then die again. i haven't been consistent because it's not my primary fitness goal but i'm working my way up to 15 minutes. i can kinda zone out mentally but it's challenging enough that i feel like i'm doing something, which is what i like about lifting.

that said i'm someone who can walk outside forever if it's flat or a small incline, as long as there's something novel to look at or somewhere to go. i take multiple flights of stairs at altitude in ski boots and these days i'm not even that out of breath after, depending on how i'm feeling that day. with running i need frequent breaks but if it's a normal or even fast walking pace i can keep it up for a long time. i think it's because i'm focused on wherever i'm going instead of ""ughhh treadmill ughhh walking ughhh how much longer"" etc.",0,0,0,0,0,0,0,0,0,0,0,0,0,0,0,0,
15,"sometimes when your mind is telling you no, it's more important to figure out why than it is to force the issue. whatever is giving you so much anxiety deserves to be treated seriously. whether it's social anxiety, personal expectations, or your mind telling you it doesn't have the energy right now, uncomfortable feelings come from somewhere. 

once you know what's actually bothering you, you can make an educated decision. are you worried that other people will look at you differently than they used to? do you feel like there's no value to doing something if you're not the best at it? do you not want to go but feel guilty that you don't? all of these are based in social expectations, and you don't have to live by them if they don't serve you. 

give yourself some grace and kindness. life has been very hard for a while now, and it's been rough coping out here. we all have voices in our head (usually those of parents, mentors, or teachers) that tell us how to behave, but sometimes those people wanted us to act a certain way instead of embracing ourselves as we are. it's important to realize that sometimes our thoughts are not our own, but learned from others, and to spend the time unlearning behaviors and quieting the echoes of people who didn't like us as we were. then we can focus on what we want in a little more peace and quiet. 

at the end of the day, exercise is morally neutral: it doesn't make you a better or worse person. it also looks very different for different people, and can look very different for the same person at different times. doing housework is exercise, as are many jobs. humanity thrived long before gyms were invented, and thrives now. if it serves you, do it, but don't put too much pressure on yourself.",0,1,0,0,0,0,0,0,0,0,0,0,0,0,0,0,
16,"hello! so originally my journey started in 2020, i was 160~ at 4’10” and i was tired of overeating, being lazy, and sitting inside everyday. i started doing hiit workouts and eating less (and healthy) and i was down to around 120~ 7 or so months later, and then in 2021 i went down from 120 to 110/111.. and then my life got a little busy and for all of 2022 (and 2023 up until 2 weeks ago) i fluctuated from 112 to 120 back and forth…. i’m genuinely tired of feeling this way, binge eating, and wanting to be healthier and feel healthier. but the one thing that demotivates me the most is my lower belly fat, i’ve lost fat practically everywhere else besides my stomach, and my love handles. for the last week i’ve been doing intermittent fastinf, eating 1 or 2 meals a day between 12pm-4pm, at 1200~ calories or less, it’s really been working very well for me, i’ve had no hunger cravings etc. even on my period!! but i’m really scared, that if i’ve lost 50 pounds of weight and i still have a lot of stomach fat, i’m scared that if i reach 100lb i might still even have it? i don’t eat unhealthy, i eat mainly chicken, fish, and alot of veggies. but still the fat remains and i hate it. 

would doing strength workouts/body weight exercises at home do anything at all? it might be important to add that i have barely any muscle- everything is heavy to me, i think that may be my problem? would doing core workouts as well as all around strength workouts actually do anything to help my figure and or my stubborn belly fat? thanks.",0,0,0,0,0,1,0,0,0,0,0,0,0,0,0,0,
17,he was only able to fly because he was sedated. he didn't find that sustainable and didn't want to develop an addiction.,0,1,0,0,0,0,0,0,0,0,1,0,0,0,0,0,
18,"she has said that she would be so exhausted sometimes after her workouts with brestyan that she couldn't drive the car home and her dad had to come pick her up.

there is also a scene in her 2012 documentary where she's sitting in her car outside the gym waiting for mihai. she says she doesn't like having to sit and wait for him because she starts to worry about todays workout and it makes her anxious.

someone (maybe simone?) also said that aly always slept alot at camps and in rio. as in taking several naps everyday and going to bed super early. i don't remember the details though.",0,0,0,0,0,0,0,0,0,0,0,0,0,0,0,0,
19,yes i some history with dealing with depression and anxiety. it why i started again to elevate my mood and sign up for a marathon to give me something to look forward to . i was dealing with starting a new career due to covid and also going through relationships issues. i do have control to these thoughts and consciously bring up them to ignite some passion in me when i’m struggling on a run. as i mention i sometimes get stuck pondering on these thoughts after my run so i should probably stop dwelling on the past,1,1,0,0,0,0,0,0,0,1,0,0,0,0,0,0,
20,"i feel for you. i used to get anxiety attacks in college when i competed in track. i didn’t throw up but it was terrible. 

a couple things that i do now to relax before a race/test: 1. remind myself that i have spent hours and done tons of meters to train. it’s not something brand new. i have the training and preparation to do this. 2. focusing on my race strategy helps distract my mind. i even repeat it to myself during warmup

i’ve had a coaches that did visualization/meditation exercises and it really helped me to visualize my race before bed and feel calm on race/test day",0,1,0,0,1,0,0,0,0,0,0,0,0,0,0,0,
21,"i had a pretty horriffic crash a little over a year ago. i was 3 weeks away from my first im, in a bike lane heading out on a training ride. mercedes coming the other way turned left in front of me. i hit so hard my body totaled the car, my bike turned into dust and i was very nearly killed. i had so many factors that went in my favor that saved my life i can't even count them all. im on the road to recovery so this is just a bit of context. 

so from that pretty safe to say i had some deep fears about ever getting back on a bike again. at first every time i got into the saddle i got that sick in the stomach, toe-curling feeling that you get standing at the top of a very high cliff. 

things that helped, and are helping:

* [emdr](https://emdrcanada.org/emdr-defined/) (ptsd desensitization therapy)
* riding with groups
* velodrome practice and racing
* ride in remote areas

i'm currently using fasttrack(velodrome) cycling as a way to polish the last bit of fear away. something about being inches away from other cyclists, going a ludicrous speed around a track challenges the fear. it's like a fire, the only way out is through.  hoping to be physically ready by august to take up the im challenge again, but mentally i'm almost ready.  so i would say best way to get through is challenge the fear, refuse to let it get the better of you. this has to come from you. others can help, but you need to do the work.",0,0,0,0,0,0,1,0,0,0,0,0,0,0,0,0,
22,"the weekend was dedicated to recovering from the shock from hearing that my company's shutting down and i have 2 weeks left of work. at least i'm already well into the interview phase of a new job, but the anxiety of not knowing is getting to me.

i turned back on my long run yesterday because it started to wet snow and i was already sweating by 2km. since i wasn't in the best state of mind and i don't really like the idea of flirting with hypothermia or losing my gore-tex jacket, i just resigned myself to the building gym for about 10km. could be worse.

my half marathon's coming up this sunday and i finished 18km last week without water or fuel, so i'm feeling pretty good about it!",0,1,1,0,0,0,0,0,0,0,0,0,0,0,0,0,
23,"thank you a ton for the book recommendations! i'm going to see if my library has ebook copies available, and if not, then i'll probably buy an ebook copy or just buy a copy or whatever.

overstressing is something i'm wary of! i've been doing a lot of stretching stuff at home, and i'm doing my best to be careful of pushing past where i'd be comfortable if i were, say, climbing a tree with my friends. i've been doing a lot of barefoot running recently, so i think my legs will be improving pretty quickly, and i'm going to spend some time reading up on how to strengthen up the tendons and ligaments in my arms in particular (thought i expect the answer to largely be ""exercise""). i also kind of want to get into gymnastics sometime soon, but, you know, don't need to do everything at once! my mental health has just improved so rapidly in the past month, i feel like the fog has lifted and i want to do all the things i've been missing out, and being in shape is the biggest thing on that list, so i really want to tackle this project head-on. :)",0,0,1,0,0,0,0,0,0,0,0,0,0,0,0,0,
24,"not just an athlete, but everything else! sexual assault, being black in america, a year+ of the pandemic… i think she’s strong as hell for putting her foot down and saying she needs a break for her mental health.",0,0,1,0,0,0,0,0,0,0,0,0,0,1,0,0,
25,"hi, from doing absolutely no exercise, i decided to run 2km everyday for mental health 2 weeks ago. couple days ago my shin bones and knees have sharp pains when running, and i've been walking funny because of the muscle and joint pains...

i've been trying to follow proper running form, and taking short strides.

do i need to rest until it's fully healed? or perhaps it's my shoes? they're like a size or two too big. or is it the weakness leaving my body?",0,0,0,0,0,0,0,0,0,1,0,0,0,0,0,0,
26,"i didn’t have mental health issues but i was sad (finished school with no plan and lost about what i wanted to do. could not find a job etc ) when i decided to start working out. i watched a video of a pick up artist (😂 i love those videos )saying that all his male friends aren’t negative because they go for a run. i decided that i wanted to be a positive person too and started to work out. i started to feel better, found a job abroad etc made new /true friends. 
this is how life is. if you send positive vibrations you get blessings back. 

i first thought that i was feeling better because of the hormones but it isn’t true. it’s because of the affirmations i repeat to myself when i workout (“you are strong”/“just one more rep/you can do it”). those thoughts go deep in your subconscious mind and your subconscious mind is your spiritual self. life sucked because i was feeding it with bad thoughts . now i replace my negative thoughts with”you are amazing/attractive/wealthy”. i take 10-15 mins/day when i wake up to tell myself those things and visualize my ideal  life.

see, most people are unhappy because they expect their outside world to be a certain way instead of growing their inner world. my friend has a bad break up and he doesn’t understand why he’s suffering this much although his life is great (has friends, money , travels etc). that’s the thing. he relies on the “have” to feel happy instead of the “be”. think about who you want to be and the rest will unfold/take care of itself. defining the kind of person you want to be is easier than doing things yet, most people focus on the things they have to do to have want they want. explore how beautiful your mind is first! you can be whoever you want . your mind is so powerful i wish more people knew this.

we aren’t on earth to suffer. life is fun and so wonderful !!",1,0,0,0,0,0,0,0,0,1,0,0,0,0,0,0,
27,"skip is a piece of shit and it's not a persona. we needa stop thinking everything he says is to get views

nfl's dak prescott's brother died in a suicide and afterwards he was battling depression. he's really outspoken about mental health but skip said 

""i don't have sympathy for him going public with 'i got depressed, i suffered depression early in covid to the point that i couldn't even go work out'. look, he's the quarterback of america's team. you know and i know the sport that you play, it is dog eat dog. it is no compassion.""",1,0,0,0,0,0,0,1,0,0,0,0,0,0,0,0,
28,"i started training again this week after being a couch potato for 9 months, and i ended up developing insomnia. normal i sleep at 12, wake up at 7:30. 

now i sleep at 12 and wake up at 5:30 and can’t fall back asleep. after posting some threads and doing research i heard that this is caused by increased cortisol. i trained a bit hard on monday. i really went ape shit on the tricep, enough that almost a week later i’m still at slightly sore. was fucking sore the next two day, enough to limit my arm movements. 

what’s the solution? does my body eventually get used to it, or do i have schedule my workout in the morning",0,0,0,0,0,0,0,0,0,0,0,0,1,0,0,0,
29,"so, i don't really want to be too specific as the person in question would probably have  0 trouble figuring out my reddit, and i would absolutely hate for them to read this post/comments. like i said, it doesn't make me think they are a bad person as i believe that health and fitness are not a moral obligation - but i think id have a hard time convincing them of that if they read this.

my calling them preventable injuries wasn't very clear or accurate. i was attempting to condense my thoughts so people didn't have to read a wall of text. i don't really mean an injury where someone hurt themselves due to lack of focus or exhaustion. i meant injuries/illness that come from ignoring doctors advice or orders. although,im sure even still there have definitely been some times where calling something preventable was a judgement on my part.

i definitely know this isnt the hill i want to die on with regards to this relationship,which is why me figuring out a way to get a handle on my emotions in this situation (and maybe occasionally venting online! lol) is so important to me. 

thanks for letting me think out loud!",0,0,0,0,0,0,0,0,0,0,0,0,0,0,0,0,
30,"nfr: therapy and couples therapy is hard, ladies. sometimes i wonder why i pay for this. couldn’t i just be blissfully ignorant and suppress my feelings like the rest of my generationally traumatized family?

i was kind of emotionally exhausted after a difficult double therapy day (regular is weekly and couples is every 3 weeks but so happened they fell on the same day this week). i didn’t feel like going to the gym but i did anyway. it was sort of good to get my mind off it all, i guess. 

rise day 2 in the books. looks likely that i’ll stick with my meal plan today, even though i did stress-drink a mcdonald’s caramel latte.",0,0,0,0,0,0,0,0,1,0,0,0,0,1,0,0,
31,"so something has been bothering me recently. i am a gym addict, it’s something i need in life to release the stress. what if something happens and i can’t do this anymore, this will be the ultimate case of depression for me and this thinking is quite scary to me. how do i prepare my self to deal with this kind of scenario?",1,0,1,0,0,0,0,0,0,1,0,0,0,0,0,1,
32,"i agree with 1) and 3), but i think 2) is wrong. there is absolutely something to be gained from hearing an athlete's reaction in the moments after a great win (or yes, a loss). people itt keep pointing out that ""athletes are humans too"" as if that is some sacred forgotten truth and not one of the main reasons fans pay attention to sports in the first place.

&gt;i wouldn't equate hourly reports to press interviews

i definitely don't think they're equal. i just think they occupy a similar space in our respective professions: annoying extra stuff that someone else wants us to do because they feel that information we have about how we did our jobs is worth hearing about.

&gt;is there a better way to accomplish the task? if so, you do it, for worker sanity. organizations that can't respond and be flexible with non-essential tasks are setting themselves up for failure.

i do agree with this general point. i will say that most athletes clearly are *not* disturbed by them, which i imagine is part of why this osaka saga has been such a huge story (and has generated [some of the most craven, dishonest defenses](https://theundefeated.com/features/tennis-world-needs-to-check-itself-after-naomi-osaka-pulls-out-of-french-open/) i have ever seen in sports journalism).

\-----------------------------------------------------------------

at the end of the day, it's hard for a lot of people (myself included) to take seriously a multi-millionaire entertainer who implies/outright states that a tightly controlled, ten-minute press conference is some kind of inhumane punishment that puts them at risk. it comes across as ridiculous and disproportionate. i think she should take whatever time/seek whatever kind of help she needs to deal with mental health issues that she has clearly been dealing with for a while - that is serious and is far more important than her playing tennis at the moment. i also think she should be more intentional about how she handles the press. she's not the only person who doesn't love public speaking. pro athletes throughout the world are coached on how to interact with the media. it's a skill that some people have to work at more than others.

just to be clear: i like osaka as a player. i just do not understand this specific issue. i think it's laughable that someone who ""never wanted to be a distraction"" would handle any of this the way she did, and i honestly think it's hard to ignore the heavy ""i don't like being asked questions when i don't play well"" vibes here given her initial statement. this whole thing was (imo) transparently calculated for maximum attention: she literally said in her last post that it was about raising awareness/making a statement. i have a big issue with someone who demands that everyone focus on their personal opinions at the expense of every single other players' story/chase for a grand slam...but then pretends that they never wanted to be the center of attention in the first place and they totally don't want to detract from the tournament. i don't think that's a very likely combination.

anyway. tennis is rad, naomi osaka is great, mental health is serious, and this debate has gone completely off the rails/lost perspective in the general sports universe.

**edit:** forgot to point out that after all this...i probably land somewhere close to [this column](https://profootballtalk.nbcsports.com/2021/05/30/the-time-has-come-to-quit-forcing-athletes-to-speak/?partner=yahoo). i'm not even sure i agree with it, but i think that i should. if that makes any sense.",0,0,0,0,0,0,0,0,0,0,0,0,0,0,0,0,
33,"have been there many times. large majority won't judge you, but some might. just gotta do what you need to do regardless. right now, i have a huge belly, shirts that are too small for me, and my entire stomach shows when i do my ridiculous-looking pullup variation for fat people. makes me super anxious. 

but you know what? when that stomach turns into a six pack, they'll be looking for a different reason.",0,0,0,0,0,1,0,0,0,0,0,0,0,0,0,0,
34,i think it’s more that she’s in a terrible place mentally and didn’t think it all through. these are obligations that come with professional sports and she isn’t going to change that without other athletes behind her and a dialogue with the slams - she had neither one. she needs to step away and focus on her mental health. when she’s healthy i’m sure press won’t be as daunting - let’s be real she’s a press darling getting favored treatment.,0,0,0,0,0,0,0,0,0,0,0,0,0,0,0,0,
35,"managing to push myself back to the gym after a mental health dip, switching gyms to a more colourful one because the wall colours actually do make a huge difference with me and got my best friend to join the new gym as well, so now we can go together and the gym can go back to being another positive outlet for me! things are looking up!",0,0,0,0,0,0,0,0,0,1,0,0,0,0,0,0,
36,"i was able to workout 4-7 hours per day by switching between resistance training the target muscle group and taking ""breaks"" to do cardio to let those muscles recuperate. 

i used to behave like that. it was because i couldn't repress a sense of helplessness, so i took obsession with what i had control over - the gym.

i resolved it the hard way - without therapy. i don't recommend this approach, but it worked for me. it was a long painful process that you're probably already part of the way through.

i first accepted that i felt emotions. then i associated my emotions with words such as contentment, coveting, disappointment, anger, etc. by associating with words, i was able to pinpoint the emotions and compartmentalize them accordingly. all except for one: helplessness. i realized this was the one i didn't have the ability to compartmentalize. this lack of control is what vexxed me with suicidal thoughts. i couldn't control that emotion, but i could control my gym time. that's why i worked out for 4-7 hours a day. now that i knew helplessness was the problem, i could identify what was causing it: excess skin after losing 220 lbs. i felt uglier than when i started, and felt like time was running out. i planned to get the skin removed, and i also planned that sense of helplessness would be removed with it. it worked, and i'm genuinely happy. i value what i went through, since that emotional intelligence continues to bring happiness to myself and my relationships.",1,0,0,0,0,0,0,0,0,0,0,0,0,0,0,1,
37,i would definitely agree that you may be dehydrated/electrolytes may be off. this causes a major spike in my anxiety as well.,0,1,0,0,0,0,0,0,0,0,0,0,0,0,0,0,
38,"oh, cool. i am also in australia, but i don't know if workcover could cover my treatment or anything. i'd have to look into it. my main barrier to therapy is expense, as i'm not in a high paying job by any means. so i've resorted to just reading the therapy books and doing the exercises in my own time.",0,0,0,0,0,0,0,0,1,0,0,0,0,0,0,0,
39,i completely agree. his own head is ruining his career. he needs a sports psychologist.  full time.,0,0,0,0,1,0,0,0,1,0,0,0,0,0,0,0,
40,"i had a really shitty on call rotation this past weekend. i basically worked all night friday and all day saturday and sunday. it really stressed me out, i’ve been feeling pretty burnt out at work lately so this was just icing on the cake. 

i finally had a little bit of free time on sunday night. i nearly skipped my long run. i powered through and i think all the stress made my run that much better. i felt **strong**. 

when i got back i was in a much better mood, felt inspired and had more or less forgotten about my terrible weekend.",0,0,1,1,0,0,0,0,0,0,0,0,0,0,0,0,
41,"those are [my hero academia](https://hakaiculture.com/products/academy-shorts/) shorts from hakai culture. not the best quality, tbh, but comfy and a like the design (mostly cause my kiddo got me into the show). 

thanks for the compliment! i appreciate your time reading my post, and your feedback too. i am completely with you about doing something daily being an easier way to stay consistent with scheduling; part of that is organizing priorities. 

regarding mental health, i am not a medical professional, so i cannot offer advice. i  can only tell you what has worked for me. that is described in detail in this post: [physicality, creativity, and consciousness](https://swoleateveryheight.blogspot.com/2023/04/physicality-creativity-and-consciousness.html). (also linked above). maybe that'll help you, maybe not. in any case, work with a professional.",0,0,0,0,0,0,0,0,0,0,0,0,0,0,0,0,
42,been in my house 3 years.  i've run this neighborhood hundreds of times.  i'm burnt out from it.,0,0,0,1,0,0,0,0,0,0,0,0,0,0,0,0,
43,aw good for you. hope you're feeling better. i've been battling with anxiety and depression too. i'm just phasing back to work now after being off for 4 months. i've watched every artistic gymnastics competition i could find on youtube from 1996. it's definitely a huge comfort to me and has helped me to clear my mind and focus on healing myself.,1,1,0,0,0,0,0,0,0,0,0,0,0,0,0,0,
44,"i've been fat my entire life. three years ago i turned into a health nut and lost half my weight and put on some sexy muscle. that took me about 1.5 years of work. legendary stuff. i looked phenominal (15% bodyfat). very very lucky with having fairly minimal loose skin for having been as big as i had always been. then i injured my rotator cuff. physical therapy didn't help and doing even pull movements aggravated it. i haven't lifted in over a year and it actually feels like it is almost healed as of today bc i've rested it and baby'ed it for over a year.

problem is, weightlifting was my life. i loved it. and when i had it taken from me i fell into depression and i've gained over half the weight i've lost back.i am honestly fucking ashamed at how i look and i'm more than ready to lose the weight again. i've learned so much from my first journey but i'm afraid to cut without being able to lift weight while i do it. i'd honestly rather be fat than be skinny with no muscle and look like a blob lol.

i also suffer from the all or nothing mindset bc of adhd. if i am interested in something i give it everything i have or nothing at all. and that's not a good trait to have in life i have learned...

tldr: lost a ton of weight via diet + lifting, got injured, stopped lifting, got fat, want to cut but afraid to cut without being able to do strength training. i need fucking help i don't know what the fuck to do lol. feel like i'm damned no matter what.",0,0,0,0,0,1,0,0,0,0,0,0,0,0,0,0,
45,"dude, overcoming anorexia and getting to a healthy bodyweight is a massive achievement. don't worry about the speed of progression too much - as long as you're making progress, you've doing the right things, and the rest is just effort, consistency, and time.",0,0,0,0,0,1,0,0,0,0,0,0,0,0,0,0,
46,"focusing on the feeling of my feet striking the ground. that’s what i do all day, every day, running or not. it’s very helpful for managing depression and anxiety and has the same effect as meditation ie.  heightened awareness of your thoughts and developing ability to see them arise and subsequently let them go.",1,1,0,0,0,0,0,0,0,1,0,0,0,0,0,0,
47,"every athlete needs hard down time from their sport. taking time away from it does a lot things:

1. prevents burnout in age group athletes
2. prevents overuse/repetitive injuries by having an extended rest and recovery with little to no training
3. allows mental healing and recovery post season
4. depending on your sport this is the time to evaluate your enjoyment and injuries and/or get ready for either moving to the next level and/or setting expectations without pressure of performance and evaluate your performance with coaches/peers/family",0,0,0,1,0,0,0,0,0,0,0,0,0,0,0,0,
48,"mental health and wanting to look/be fit mostly :)

now i read a lot that people here tend to run everyday but as a beginner whos found some new dedication i wanted to start doing the same because of adhd and because meds didn’t work. running does a better job. now how did you know when to start the transition between running several days a week to daily exercise? 

i’ve been told lots bout a higher risk of injuries so i’m a bit scared. :/",0,0,0,0,0,0,0,0,1,1,0,0,0,0,1,0,
49,"thanks for the motivation. over the years, and the constant criticisms ,i’ve gotten used to people thinking the worst things so it’s probably why i’m self-conscious about how i look. 

even from my friends, well, ex-friends. like at one point literally one of them ordered something for me while out with others, i could never forget the day it was so humiliating there are things i’ve thought about doing that shouldn’t be said on reddit. i overthink a lot, it could be because of my profession or because of what i had to deal with and still do today. or just a mix of both lol. it’s not like i literally have no muscles, i do, they are toned but i am skinny. 

and don’t worry, i’ve had help since then. my family at least is supportive.",0,0,0,0,0,1,0,0,0,0,0,0,0,0,0,0,
50,"healthy food and exercise is permissive of mental health, not causal.",0,0,0,0,0,0,0,0,0,1,0,0,0,0,0,0,
51,"thanks! and ah, i did briefly contemplate it, but imposter syndrome has me feeling unqualified for the woodworking sub",0,0,0,0,0,0,0,0,0,0,0,0,0,0,0,0,
52,"ladies, i went to a taekwondo class on the day before and a box n' burn class last evening. i feel really burnt out and tired so, i'm skipping gym tonight to take a proper rest. 

but how can i make myself not feel fucking guilty about this? it's like my brain is shaming me for skipping a day. 

i just started gym last week, and i think i've been doing really well. one part of my mind is saying, don't push yourself too hard coz you might injure yourself. but another side of me is laughing and saying, 'see, you suck and you are quitting already!'. 

i have so much self-hate, i really don't know what to do with it! it's driving me mad!",0,0,0,1,0,0,0,0,0,0,0,0,0,0,0,1,
53,"therapy isn't a cure and it also isn't about instant gratification. it's long-term ongoing process that takes time. just like with any sort of physical fitness, you need to build a foundation to work off of and progressively overload. mental fitness is no different in that regard. the therapist can't just rush into attacking your problems and give you a list of action items that will solve everything for you.

it can take months or years to truly turn things around but it's all about the process. fighting it or being hyper-critical of it is only going to work against you. embrace it, go along with it, and give it a chance. if it isn't working for you after you've given it an honest effort, then maybe consider looking for an alternative solution.

my suggestion would be to discuss your concerns with your therapist and maybe they can explain to you their approach, their plan, and how they see things unfolding for you over time.",0,0,0,0,0,0,0,0,1,0,0,0,0,0,0,0,
54,"yeah, that was the point of my comment... i said we shouldn't tell people that no one will judge them at the gym; we should tell them that they need to ignore those people who judge as they aren't worth your time. 

also don't be an ass with that weak minded shit. we can state that message without putting people down. you don't know everyone's struggle and some people have legit, diagnosed anxiety problems.",0,0,0,0,0,0,0,0,0,0,0,0,0,0,0,0,
55,"i dont like how a lot of tiktok girls tell other girls what/how they should eat in ""good faith"" that what they're eating is too ""low"". a lot of them do not consider that gender, height, activity level, and age all depend on the woman's body to eat. in addition, many of them just accuse girls that they're promoting an eating disorder when they're not. i have recovered from orthorexia and anorexia so its a bit offensive for them to tell others they have ed when thats rly not to case. and its also not their business. 

i just had someone tell me that infants scientifically speaking, eat around 1000-1400 cals a day so women therefore should eat higher than that. excuse me but 1500 cal will make me gain weight when im trying to lose weight? i cannot break the laws of thermodynamics either cause literally calories in and calories out? these girls are ridiculous and shouldnt be accusing others of ed behavior and telling them what to eat and what not to eat its just hypocritical and fucked up.",0,0,0,0,0,1,0,0,0,0,0,0,0,0,0,0,
56,"+1 insomnia, but i am literally tired all the time. like it's 7pm and i want to go to bed. but i know i'll wake up in a couple hours. i slept 10 hours last night (woke up a couple times, other than once at 4am i fell back asleep easily though) and i'm so sleepy. ugh. 

i definitely think the high fat of my diet helps. i'm 50% fat, 20%(or less) carbs (vegetables only), and 30% protein (i generally try to get between 105-120g of protein).  according to mfp my past week has been 10% carbs, 57% fat, and 33% protein.  

the first couple days were really rough. i love sweets, and pastries, and chips. give me waffles. ice cream. reeses pb cups. but once i got past that, i'm fine. i have zero cravings. i went to buy sugar free reeses pb cups, literally held them in my hands, and then ... just didn't care to get them. my friend tried to shove a chocolate covered graham cracker in my mouth and i didn't want it. 

my energy levels are about the same now as they were previously, but i don't get the post-meal crashes anymore. it's taken me awhile to understand that i won't get sleepy after eating, so if my eating window opens before the gym (and i do like having at least something before the gym, even if it's just 1oz of cheese - i cube cheese blocks up and bring one with me to work every day just in case) i can still eat without worrying about crashing before i make it to the gym.

i'm actually struggling to meet my minimum calorie goals right now because i'm just never hungry. i eat a heaping (but measured) spoonfull of peanut butter if i'm too full for a meal but need calories.

everyone's different though - give it a trial period and see how you deal. i gave myself 30 days for this if/keto experiment. if i can't make it 30 days, then what can i make? nothing! i'm not a quitting loser, i can do 30 days. even if at day 31 i stop, at least i did 30 and gave it a shot.",0,0,0,0,0,0,0,0,0,0,0,0,1,0,0,0,
57,"i’m going through the same thing 

i put on 15 lbs of covid weight and am basically starting over after not working out for 6 months 

losing weight starts in the kitchen. so i’m eating 1200 calories a day (i have a sedentary desk job) and am diligently weighing all my food on a scale. i’m not eating any sweets or processed foods. i printed out a paper calendar and stuck it on my fridge, i mark off every day that i stick to my caloric goal. i also started an instagram account (@portioncontroll) where i post a picture of all of my meals, it just adds another step to eating so i can’t mindlessly snack or munch. 

i workout about 2 or 3x a week (power yoga) only 30mins at a time and it kicks my ass. i used to do an hour of hot power yoga 5 days a week, so i’m definitely feeling pretty bad about how far i’ve fallen. but i’ve been consistent for the month of january and i can already feel myself getting stronger! 

i take my dog on a 30min walk every day. and then beyond that my only exercise is carrying my heavy ass toddler up the stairs to be changed lol",0,0,0,0,0,1,0,0,0,0,0,0,0,0,0,0,
58,"i was in a somewhat similar situation. already deferred from one 70.3 to another about a year apart due to circumstances. between those two races even more stuff happened from broken ankle to a minor car accident that messed up my back for a while. basically didn’t do much training except ride my bike daily for a few weeks leading up to the race. was going to drop out and just lose out on the money, but decided to bite the bullet and just commit to attempting it. everything was already paid for so why not. fully expected to not make the bike cutoff due to just not being anywhere near fit enough and was totally accepting of that, i just wanted to give it a shot. after suffering through the swim (57 min when i’m typically a 35 min swimmer) i got on the bike and just cranked away believing i’d stop sometime before the halfway mark. the lack of fitness made the rolling hills very brutal but i just kept going. nutrition was a lost cause as i dropped both my bottles right after an aid station due to some train tracks. as a result, cramping was inevitable but i told myself to keep going and drop out at the halfway mark. eventually after riding at roughly 15mph i made it to the turn around point. physically i was drained and just wanted to stop. i really really really wanted to stop. there was a small part of me that said to just keep grinding away to see what i can do. it was very emotional as i really didn’t expect to get that far with so little training. so i kept pedaling, and pedaling. and pedaling. somehow i made it back to transition. didn’t even think about quitting anymore. i just wanted to finish even if it was after the eight and a half hour mark. i just wanted to say i did my first 70.3 regardless if it ended up being unofficial. after a long mental battle and many cramps in my thighs, calves, hamstrings and even my forearms, i crossed that finish line in 8:28:11. i was in so much pain. i was so emotional. i definitely cried. i was also just genuinely happy that i crossed that line. my friends nor myself thought i could even get through the bike ride with how little training i had done and my nonexistent fitness levels. yet i did officially finish. i never would have guessed my mental was a strong as it was and thanks to that race, i now know how strong i am. i couldn’t move for about a week after but it was totally worth attempting. btw 6ft 255lb 28y male. good luck mate. 

sorry for the seemingly scatter brained long story. would type a bit then work then type a bit again.",0,0,0,0,0,0,0,0,0,0,0,0,0,0,0,0,
59,"it was very hard for me to even start. i was so ashamed of being fat and unfit that you wouldn't believe. my social anxiety is not at the best, but i said to myself that i have to go into the water no matter what. it was hard, it was shameful, but last month, a lady i didn't know approached and said that she was impressed with my swimming, cause she said she noticed that i can swim faster and without brakes. i was so happy, told my husband, and then i went the next day again. 
just hop into the water, as they say, you have to feel it first. and try and try again. trust me, you won't regret it. and you won't die, there are lifeguards who can save you. just do it, and that's it. best of luck",0,1,0,0,0,1,0,0,0,0,0,0,0,0,0,0,
60,"it never gives a free pass to be an abuser. ever. that said, it is well known that abuse travels through generations of families, as it did mine. i made a conscious decision to not have children and saw a psychologist for almost a decade to stop it. this whole thing of bela abusing kim and now kim doing the same, has a lot of parallels to family abuse. i have no doubt it can travel the same way because these gymnasts sometimes spend more time with their coaches while growing up than their own parents. at such an impressionable time period in their psychological development too. still doesn’t make it okay but it does need to be addressed to stop it, with so many gymnasts becoming coaches. if kim really wanted to do what is right, she’d not only step down as a coach but she’s get the help she needs to fix her own issues to stop the cycle. it can be done, it just takes a hell of a lot of work and reflection. psychologists who specialize in childhood abuse and trauma (especially ones who’ve done it a long time) can see right through the crap an abuse survivor was taught growing up and help correct it. doesn’t just apply to kim either, but also the girls in her gym that she did the same to. the dr. i saw for ten years, had a saying that he had printed on cards, that he’d have us read every day... “false messages of abuse are not true to who you really are”. i hope all these gymnasts that went through this, know this. also, sorry for any typos... just woke up! ;)",0,0,0,0,0,0,0,0,1,0,0,0,0,1,0,0,
61,"uh, currently watersports/actionsports. but this was family & friends related, not mental health. to be fair, both my parents worked in mental health. but it still was a shock the first time, even for mental health professionals.",0,0,0,0,0,0,0,0,0,0,0,0,0,0,0,0,
62,"5’6” / 163 lbs. / 17 y/o

pics: https://imgur.com/a/jwdoeqd

i really let my body go to shit over the summer. i started cutting this week and am hoping i’ll be good to go in time for basketball tryouts mid-november. 

couple questions tho: what’s the best way to increase shoulder size and roundness? i have practically no separation between my shoulders and arms, so they look like shit. also, how do i fix my uneven chest? it’s really starting to give me body dysmorphia tbh. another thing (sorry) but i think i have really bad apt. not only does it make my back look stupid (because of the caving) but it makes my lower back hurt. i did some bench pressing two days ago and my back is *still* sore as shit from it. any tips to quickly get rid of apt? or at least alleviate it?",0,0,0,0,0,1,0,0,0,0,0,0,0,0,0,0,
63,"""thank you, but that is a side benefit at best and not something i'm really comfortable discussing.
i'd love to tell you about the mental health benefits i've experienced from lifting and how that helps me in my day to day life.""
(this acknowledges it. gets across that you're not comfortable discussing that. and gives a segue into the health benefits you'd like to talk about for lifting and gives them an easy out from the uncomfortable situation, while also clarifying your primary intention. if you're ok discussing the mental health side/benefits with them.""",0,0,0,0,0,0,0,0,0,1,0,0,0,0,0,0,
64,"my story is a little different. i’ve been “always athletic” my whole life. i started sports at 5 and quickly found ice hockey to be my jam. 

i was very socially awkward through high school so i never really encountered teasing or bullying on account of sports like some of the ladies that have responded. i was teased for other things like my body or for being poor.

as far as puberty, i grew vertically a ton and was 5’ 11 at 14 but was rather tiny (125/130) to the point that people thought i had ed of some kind (i didn’t). i didn’t really develop much in the way of curves. my breasts and hips are on the smaller side and back then it was worse and i would get teased a ton and called a boy etc.

however, i continued playing hockey basically non stop until i was 16, my mom couldn’t afford it anymore and i transitioned to lacrosse. as a new adult (140ish lbs at 18) i ran a ton in my first year in college and then i enlisted into the army. in the army i got really into weightlifting (crossfit-esque) and got more muscular but still smaller (150) after a few years.

once i rejoined score as a civilian, i continued going to the gym regularly and spent many years doing endurance sports like running, road cycling, and long hikes (i once did 55 miles in 20 hours). then a few years ago, i got back into ice hockey as an adult and i just do that 3-5x a week and i’m loving it.

i think my body skews more masculine, i’m definitely on the inverted triangle side of things and my arms are very toned and my veins show on my hands and feet more than probably most women my age. i was way more self conscious about this in my 20s and eventually did the therapy thing at 29ish and now at 33 i feel like i really have nothing but love for my body. i’m also bisexual though i’ve been in more relationships with women vs men. i think part of it has to do with me feeling more confident being a bit more masculine looking when dating women vs with men who don’t always have the best views on tall highly athletic women.",0,0,0,0,0,0,0,0,0,0,0,0,0,0,0,0,
65,"it makes me feel like my body is inadequate. i have a healthy amount of self esteem, and working out makes me doubt that self esteem. it makes me feel like my body is failing. to be honest, though? it also accesses some rage that i have no idea where it's from. it honestly feels chemical in some way. i have a theory that since i have had very bad panic attacks in my life, anything that mimics some of those symptoms (heart rate quickly increasing, getting hot, etc.) makes my brain go into fear mode. but the anger aspect -- i don't know how to get to the root of that. i just get so angry. maybe it's at myself? who knows. but by about minute 20 of an intense workout i'm furious. i've never ever taken that anger out on anyone and if you saw me at the gym you'd never know. but that's my truth! it's very strange.",0,0,0,0,0,1,0,0,0,0,0,0,0,0,0,0,
66,"so i've been working out for the past year and a half. i've been crazy with my diet (haven't touched pizza/soda/desserts for probably close to a year). and have been working out nearly every day. 

however i feel like my progress doesn't correlate my efforts, and i think it's time to admit to myself that i should work more smartly vs hard.     

first of all i haven't really followed a concrete program. a big reason for this is because i'm in college and our local gym doesn't have everything i need, or a low amount of the equipment i need. for instance, if i want to squat i would have to wait in a ""line"" of like 4 people since we only have one squat rack. that's not to make excuses for myself, just to explain why i was too lazy to follow a program. i was wondering what program i could do that isn't necessarily for beginners (since i've been lifting for a while) but would help with someone in my situation.    

next is the whole topic of rest days. i currently play for the club soccer team, so i feel like cardio is an important part of my routine. therefore, i cycle through arm/leg/cardio day. this of course means that i'm not really giving myself any ""rest days"". unless the cardio days don't count for that?    
   
lastly i've been having a hard time counting calories. for most of this time (up until recently) i didn't really count calories and i would just estimate to not overeat or eat too much. but recently when i started counting i've been having a rough time. according to my height and weight i should be eating 2500 calories a day. what i've been doing to track it is using my university website to track the calories my food has (i eat in the student cafe because i'm broke). i have to estimate portions because i don't want to get roasted by bringing all these cups/scales to measure everything out. anyway the last week i've been eating about 3k calories per day, yet i feel sluggish at the gym. this is making me feel anxious that i'm actually not eating enough calories at the moment, and that there is more to it than height and weight. how can i check this (given that i'm on campus atm with no transportation) and be more confident i'm getting a proper diet? 

if you read this far thank you and please help me figure out how to do this in a smarter and more efficient manner so that i'm not wasting the team i put in at the gym.",0,0,0,0,0,1,0,0,0,0,0,0,0,0,0,0,
67,"i watched the documentary about him before he went crazy and he seemed like such a chill dude with a good head on his shoulders and a great career trajectory. it's sad what mental health can do to people. but once your mental health issues put others in harms way, i lose the sympathy.


i know with the quad injury he probably won't return to bodybuilding... but i'd like to see some sort of comeback. that quad accident was so stupid and unnecessary. if you become famous because of your body you should still live your life, but don't take stupidly unnecessary risks. it's like a pianist playing with a table saw.",0,0,0,0,0,0,0,0,0,0,0,0,0,0,0,0,
68,"unfortunately that was a one time thing. i was in a hospital for a different treatment and they made me visit the psychologist and physiotherapist.

also, i edited previous responses, i totally misunderstood you. i can do body weigh workouts, not heavy lifting haha",0,0,0,0,0,0,0,0,1,0,0,0,0,0,0,0,
69,"i would focus on the mileage.  if you try to focus on speed and mileage you're more likely to burnout, get injured, lose motivation.",0,0,0,1,0,0,0,0,0,0,0,0,0,0,0,0,
70,"this actually happened 6 weeks ago, but i tried a new arm balance in yoga and succeeded.  unfortunately, i must have thrown my head back trying to balance and there was a pop in my neck.  what has followed has hands down been the most painful experience of my life and there is no sign of it ending.

at the first er, they dismissed it as a strain and sent me home.  i was given nothing for pain.

my naturopath dismisses the severe headache i had afterward as hormones?!?! and ignored the neck injury itself completely.

i did improve over the first couple of weeks because it was christmas holidays and i was home.  during this time, i started pt (3 weeks after the injury).  at no time, was i given any guidelines about my ability to work or what i should/should not be doing in the gym, so i have had to figure it out myself.

last week, i started back to work, and my symptoms returned to a point where i returned to the er (i blame my pt at least partly for this).  

this time, i went to a major trauma hospital that has a renowned neurological institute associated with it.  my dad drove me, and i told them my symptoms.  pop in neck during handstand, severe headache (to the point where i had kept nothing down for days), numbness and nerve pain in my face! and scalp as well as some down my arms.  i then promptly vomited all over the lobby.  i didn’t even have to wait in the waiting room.  apparently, they have had quite a few people come in with injuries from yoga arm balances and my symptoms. we’re consistent with a severed carotid artery.  they had an or booked before they even did testing.  they did a ct scan with contrast to check my arteries and did mris of my neck and brain.  i also got a bag of fluids.  fortunately, i did not need surgery.  the final verdict was whiplash (similar to a car accident) and a concussion.  i guess the concussion is from the swelling in my neck.  i was finally given some pain medication appropriate for nerve pain and will probably be on that for quite a while.  i also met with a neurologist in the hospital and was referred to a neurologist in a concussion clinic for follow-up.

i am struggling so much, because it has been 6 weeks since my injury with very little progress.  i am off work with no pay until i have recovered enough to drive.  there is really no exercise i can do other than walking, a tiny amount of core work and some lower body work with bands for resistance.  i have no idea how long it will be before i am able to lift, run, and practice yoga.  no one can/will give me a straight answer.

i am so depressed i can’t eat and have lost about 10 pounds already (i only weighed 105# before i got injured, so that’s a big loss).  i’m still going to the gym for the little body weight stuff i can do, but keep thinking maybe i should quit completely.  i just don’t know if a full recovery is even possible.

sorry for the book.  i am just so depressed and lost, i don’t know what to do.",0,0,0,0,0,0,1,0,0,0,0,0,0,0,0,0,
71,"when he's good he's great

when he's off he's unmotivated and immature",0,0,0,1,0,0,0,0,0,0,0,0,0,0,0,0,
72,its been done countless times before. if he claimed mental health injury that is something they would be obliged to respect,0,0,0,0,0,0,0,0,0,0,0,0,0,0,0,0,
73,"also, since your workouts are suffering, you can be almost certain that by upping your intake, your deficit won't significantly decrease. a proper workout burns a lot more than zombie-exercises where you feel like your brain is shutting down, but you still use the noodles that you seem to have where your arms used to be to pull or push some weight. i'm still trying to beat an eating disorder and have had the issue of those poor workouts a lot. 

keep in mind that your workout performance and your neat largely affect how many calories you burn and what your body does with those calories. i can personally maintain on 1900-2000 calories and be absolutely miserable, maintain on 2300-2400, get great workouts in and have energy for things i like to do or even eat 2500-2700 a day which leaves me burned out after a while, because i just naturally start to move when i have excess energy. (and at some point, it's a little much).

the difference is that in case one, i'll cut my workout short, because i don't want to hurt myself and don't hit my maxes. in case two, i have the energy to even do a little more than planned and in case three ""hey, i just worked out, but i'll go for a run"".

in case one, i'm lying on the couch, talking to my best friend on the phone in the evening, in case two, i'm having a walk while talking to her and in case three, i'll make it a hike.

i'm personally still terribly afraid of calories, but it helps to keep in mind that mindfully consumed excess calories get used if you have a healthy routing going for you. you are used to being in a deficit and burning more than you eat, so if you use the extra energy well, i don't think that it will hurt your progress.

i also personally think that anything below 1500 calories is an extremely low intake, however, i'm tall (5'7.5"" and 125lbs btw) and very active, so i don't dare to judge the caloric intake of short people.",0,0,0,0,0,0,0,0,0,0,0,0,0,0,0,0,
74,"what am i doing wrong? 

covid + depression the last year brought me up to 255 lbs (5'11""). before my gf died last year, i was running nearly everyday and had problems getting too sore to run every few days. two weeks ago i started back up again and decided to take it slow, only a 1 mile jog and every other day. it went pretty good for the first week, and got my time down each time. my shin started getting sore and decided to take two days off jogging instead of 1 but it was still too sore, and decided to take it easy until it cleared up since my previous attempts running while sore always ended in too much pain to keep going. it's now been a week since i last ran and it's still pretty sore in the mornings. 

i do some moderate stretching before each run and only really drink a couple glasses of water a day. should i drink a lot more or stretch a lot more? my day job isn't very demanding, a few hours of standing/walking that doesn't amount to much.",1,0,0,0,0,0,0,0,0,0,0,0,0,0,0,0,
75,"what a great thread! keeping up with my 3 girls while also setting an example of using exercise for a strong, healthy body and not as punishment is probably my primary reason. also my mental health is massively better when i exercise and my old, naggy injuries bother me less. and let’s be honest, feeling good in a swimsuit after 3 kids is a pretty solid bonus. 

from a necessity standpoint: my day to day life requires me to be able to move/lift heavy things, walk long distances, occasionally run, bend, squat, reach in awkward positions. i also enjoy skiing and hiking and want to participate in those as long as possible with as much strength and resilience as possible. 

my husband’s grandparents have always prioritized being healthy/fit and it’s such an inspiration to see them approaching their 80’s, still maintaining complete independence and really just kicking ass at life. i want to be like that too.",0,0,0,0,0,0,0,0,0,1,0,0,0,0,0,0,
76,in all honesty i'm the best on the court at playing defence and getting rebounds.but sometimes i get demotivated when forcing a guy to take a difficult shot isn't as flashy as making deep 3s or crazy lay ups,0,0,0,1,0,0,0,0,0,0,0,0,0,0,0,0,
77,"this'll get lost, and yes, no one's looking, they're all bothered with their own lives to even blink at another runner(regardless of weight or size) on the trail. 

you taking control of your own health is amazing, it takes guts and courage and motivation, so even if it sucks sometimes, keep going at it. 

imo most importantly, don't beat yourself up over any if it. youre human, we feel self-conscious, we feel guilty, we feel sad, and judged and then we get angry and sad again probably. just give yourself a break, because **you know** if you really think about it, you're your harshest critic.",0,0,0,0,0,1,0,0,0,0,0,0,0,0,0,0,
78,"she might do zumba. i know a girl who teaches belly  dance. that might be fun? if i could get her to be confident enough to go.

is binging ever friendly though? my ex husband would diet similarly and binge the same way. it's really what shaped my shopping habits. i simply could not keep any sweets in the house. hidden or not, he would seek and destroy those first. even better alternatives still aren't good when you're eating huge quantities. then turned into him hitting fast food for burgers and icecream and trying to hide it from me on his way home from work.

i would ideally like her to learn some intuitive eating habits. i'm pretty good at this naturally but i'm fooling around with my body composition pretty intensely right now and theres a lot of things i won't eat. i don't want to teach her that she can't eat pasta. or cookies. ever. just because i'm not eating those things right now. something that extreme is going to lead to failure. but she's made some switches on foods already, shes really liking some sparkling water i introduced her to over some high sugar fruit punch.",0,0,0,0,0,1,0,0,0,0,0,0,0,0,0,0,
79,anxiety! a running partner takes your mind off other things.,0,1,0,0,0,0,0,0,0,1,0,0,0,0,0,0,
80,"&gt;i come out of each workout feeling accomplished, in control, and confident. 

this is amazing, i’m so happy for you. i’ve recently lost a bunch of weight and started working out a lot. i’ve found that when i’m feeling particularly anxious or angry, i want to run until i’m exhausted. unfortunately, this has recently only been managing to turn anxiety and anger into frustrated sadness, and... well, exhaustion. 

but i was depressed before starting my fitness journey too. at least i’m healthier now. and sometimes, in yoga or weightlifting, it requires enough concentration that it can block everything else out, for a short while.",0,1,0,0,0,1,0,0,0,1,0,0,0,0,0,0,
81,"today is day 28 since i started working out and eating much healthier!! i feel so much better physically. i’m not entirely sure if my body is changing, but every day i look in the mirror and hope to see something drastic haha.

i’m weight-lifting four days a week! trying to at least move around a bit on rest days, but mental health issues lately has made those days very lazy if i’m being honest. wondering if i should just increase the number of days i should go the gym? anyway, i’m glad it’s going well and i consider it a victory that i’ve gone a full month in this routine!! :)",0,0,0,0,0,1,0,0,0,0,0,0,0,0,0,0,
82,"personally running and consistent strength training has worked wonders to calm my anxiety. it allows me to get all my anxious energy out and then be able to work. it also allows me to have a proper sleeping routine which i struggle to have without excersise. that being said i have very mild anxiety and a very good support system of friends. it is true that sadly excersise alone cannot solve mental health issues, but it can definitely improve your mental state.",0,1,0,0,0,0,0,0,0,1,0,0,1,0,0,0,
83,i wonder if tj has bad anxiety and not having fans is helping him. like i bet rodney hood would be killing it right now.,0,1,0,0,1,0,0,0,0,0,0,0,0,0,0,0,
84,"i don’t know if it’d help to hear somebody with similar feelings, but i have a lot of anxiety regarding the pool as well. i’m a garbage swimmer, i have to stop for 30 seconds every length for breath, and i’ve been asked by a lot of lifeguards if i’m okay. my friends expect me to be a good swimmer too since they know i want to do triathlons (and run/bike well enough for an ironman), so it’s been a fun surprise for the few friends i’ve swam with (or the friend i have who just happens to be a lifeguard on tuesday’s) to find out that i am as elegant as a fish out of water, when i’m in water.

but! despite looking like i’m dying every time, people don’t really care about that. i laugh whenever i get asked if i’m okay and say “i’m trying!” because that’s the truth- and i stop getting asked. find someone you can laugh with. i found somebody on a friend-making sub who just happened to be a swim instructor that pushed me just a little to the point of making me serious about swimming in the first place. i know i need somebody to have the option to text after every horrible daily experience of the pool, so find somebody like that if it helps. (i guess, pm me if you can’t find another. you can’t possibly have worse skill than my swimming right now so there’d be nothing to worry about in that department)

i can’t give you much advice regarding clothing. i’m as fashionable as a dad wearing sandals w/ socks when i’m going to the gym (because that is what i wear going there sometimes 🤷🏻‍♂️🤷🏻‍♂️🤷🏻‍♂️) but i can guarantee that you don’t care much about or even pay much attention to what a lot of other people wear- and most people are the same way about you.",0,1,0,0,0,0,0,0,0,0,0,0,0,0,0,0,
85,"thanks for posting and being openly honest about this!!

i haven't tried anavar (yet, not sure if i will eventually) but i've done rad140 (sarms) and the pumps, libido (!!) and self-confidence is insane. i read your post and felt exactly the same on rad. every workout i was stronger and stronger. i know what you mean about forcing yourself to take a break. i've only done one cycle but i feel i could be on that stuff forever. it's not healthy of course so i won't do it, but i miss the positive side-effects! although after 9 weeks i was more tried &amp; irritable and decided it was time to stop.

i've also posted my log on /r/steroidsxx

\*\*i need to point out this rad cycle was done after i competed in a natural organization before anymore makes assumptions :)",0,0,0,0,0,0,0,0,0,0,0,0,0,0,0,0,
86,"every human is different, and he seems mentally very different since that happened, him sucking in the bubble clearly took a toll on his mental health that we can still see today, and if he would have put the work in during the time off the results wouldn't have been nearly as catastrophic, and he probably would have been able to move on a lot faster. so in short, yes i do think it had a snowball effect.",0,0,1,0,1,0,0,0,0,0,0,0,0,0,0,0,
87,"lol, as someone with bipolar disorder, that’s exactly how my workouts are when in a manic state. hmmm...",0,0,0,0,0,0,0,0,0,0,0,0,0,0,0,0,
88,"&gt; i've had cortisol tests done several times (4 times a day saliva). my cortisol is elevated all day, an dnever dips back down after sleeping.

just based on what you wrote about your exercise duration, this isn't an exercise cortisol profile but probably a long term/ life stress issue. exercise of the type and duration you describe should actually be a good way to lower stress and ultimately cortisol -- unless you have an underlying issue that makes you feel stressed about exercise itself (for instance some people with untreated ocd, or pressure to 'perform' using exercise as your metric, etc).",0,0,0,0,0,0,0,0,0,0,0,0,0,0,0,0,
89,"absolutely, i eat half a thc chocolate before the most strenuous wods like metcon and conditioning and helps me so much with focus and consistency between rounds. moreover, it alleviates my social anxiety. 

i would not recommend it for running, cycling or rowing, though. 

but, of course, each to their own.",0,1,0,0,0,0,0,0,0,0,1,0,0,0,0,0,
90,"sounds like your best bet for kid free time is before she wakes up. maybe a few home gym items like a bench rack and some free weights. 

i don’t have kids so take this with multiple grains of salt, but have you looked into teaching her to have more independence? i know every kid’s personality is different but you could probably earn yourself a lot of “me” time by teaching her to entertain herself. start with a few minutes a day of solo play time and slowly add time each day/week, for example.

eta: sorry if i was unclear, but i’m not suggesting leaving your kid in another room. i’m only suggesting working on separation anxiety if your kid needs your constant attention to the point where they can’t even play with toys for 30 minutes in the same room as you while you do some dumbbell/kettlebell workouts, yoga, etc., or they won’t let you leave to go workout while dad watches them. that’s something i believe can be fixed, but will definitely require your husband stepping up if he currently doesn’t help watch her.",0,0,0,0,0,0,0,0,0,0,0,0,0,0,0,0,
91,kerber seems so demotivated. falling from grace must suck.,0,0,0,1,0,0,0,0,0,0,0,0,0,0,0,0,
92,"i have a psych degree along with having my own share of mental health issues, and i'm not entirely disbelieving he couldn't play in philadelphia, but he went about it totally wrong. we can't for certain say his issues weren't made up and we can't say for certain they are. i am sure the cba will address it, but it won't be as dramatic as you think. i mean the player already needs to provide documentation if they go to their own doctor and/or therapist, ben was not, its why they could still fine him, so i'm not sure what else they can change to make it that much more detrimental.",0,0,0,0,0,0,0,0,0,0,0,0,0,0,0,0,
93,"i am 21, 5 7 and weigh 58kg 17% body fat, i have been going to gym now for over four months, the first four weeks were strictly cardio based and i was restricting my food a lot ( past ed abit of a relapse) but after finding a new love for the gym again i decided to combat my relapse with building muscle / losing fat. for the past three months i have been eating 2000-2200 cals a day and going to the gym 4-5 times a week for at least one hour to do ‘weight lifting’ (nothing to mental, highest compound weight i can do is 35 kg) along with functional training and i can already see n feel the difference (stronger, more pronounced muscles especially in quads and arms). food wise i eat pretty healthy, nothing processed, avoid added sugar as much as possible and keep my veg and protein intake pretty high however i’m not noticing any difference in my stomach region, i think this is due to the spike in calories over the past three months, so atm in now in a caloric deficit to focus on fat loss. work outs are staying the same and my protein intake is high, but not seeing that much change. is this a smart choice to make due to the short period of time within changing my diet and will lowering my calories effect the muscle i have gained ?",0,0,0,0,0,1,0,0,0,0,0,0,0,0,0,0,
94,"hi! one of the reasons that i started eating religiously before bed was to combat my insomnia. about a year ago, it was so bad that i had to miss work (i was sleeping like 2 hours a night and unable to drive or bike) and was put on meds for it, which i have since weaned off of. but going to sleep hungry was making it harder for me to sleep. 

&amp;#x200b;

now i sleep about 7 hours a night with the help of melatonin. i had to cut out caffeine past 12pm (often past 11am) so unfortunately the caffeine tip won't help. it's something i have utilized in the past though and is, for anyone reading this thread, great information!",0,0,0,0,0,0,0,0,1,0,0,0,1,0,0,0,
95,"&gt;on my ig explore page, i get a lot of posts about fit women eating a lot. 

i really can't recommend getting off visually-based social media enough. our brains are just not built to cope with an onslaught of thousands of images of women's bodies that are, at best, *highly* curated and, at worst, outright edited and manipulated. i had tik tok for the better part of a year and i began to notice that, even on my weird absurdist humor/queer side of the algorithm, it was subtly distorting my perception of the normal appearance-- my perceived normal was skewing younger, more beautiful and more stylish according to the norms of my subculture, etc. so i deleted it and now i don't have the nagging thought that maybe i should shave that little line through my eyebrow, lol. 

i'm inclined to give the influencers talking about eating so much a bit of grace in that maybe they're trying to correctly push back against the misconception that staying fit requires constant dietary vigilance. it's a bit of a mind fuck coming from any place where you've been concerned with keeping weight *off--* no matter where one falls on that spectrum, from just passively existing as a woman in society to being a chronic dieter to recovering from a full-blown eating disorder-- but extremely fit women genuinely have to eat a lot because high activity levels cannot be sustained indefinitely without fuel and building muscle requires raw materials. but you have to remember that the ig influencer preaching on that that is also probably not posting candids from thanksgiving right after dinner and pie, oh and she's going to start her period the next day. visual social media is inherently misleading and selective. even the girls who appear to be humblebragging because they look lean as hell on ig *don't look like they do on ig all the time.* 

seriously, get rid of ig. it's just a firehose to the face of endless, pointlessly self-esteem-tanking depictions of genetically-advantaged, carefully posed, thoroughly dehydrated, and digitally nip-tucked women who you wouldn't recognize in real life if she was eating a 4,000 calorie buritto six inches from your face. it's not worth it!!",0,0,0,0,0,1,0,0,0,0,0,0,0,0,0,0,
96,"chronic undereating/bingeing is leading to more stress, killing yourself with cardio is leading to more stress. are you sleeping well? i'll bet you need to relax a bit. diet break will help with that. take a week or two off cardio too. mental health won't improve if you just keep adding stress. trust me, i'm currently mentally fucked up myself and going through it. it's not forever. a break will do you good and you won't lose anything by it.",0,0,1,0,0,1,0,0,0,0,0,0,0,0,0,1,
97,"it’s my first truly bothersome injury since i started training consistently too. i’m in the same boat, and trying to focus on other goals but the anxiety hangs around all the same… wishing you a speedy recovery!!",0,1,0,0,0,0,1,0,0,0,0,0,0,0,0,0,
98,"i have the discipline, and will prioritize it. i’ve been running off and on since i was a little kid, slowly increasing the distance my mind thought i could handle. i suffered a non running related injury two years ago which derailed me, but i’m back again and want to approach this without setting myself up for failure. 

did you ever feel like it was too much or like you were facing burnout? i want running to be a lifelong love, and am not approaching this race as something to complete and then stop. my goal is to happily run 5-6 days a week for the rest of my life. this race just happens to be something i’ve had my eye on for the past three years and i’m hoping a year with proper base building then a training plan will be enough!",0,0,0,0,0,0,0,0,0,0,0,0,0,0,0,0,
99,"yeah it was unpleasant. i think we had clemson midweek and were trying to conserve for them. 

football is great, and helps take some of the anxiety off other sports.",0,0,0,0,0,0,0,0,0,0,0,0,0,0,0,0,
100,"i'm 1000 percent a headcase. i've been hospitalized on multiple occasions trying to kill myself. i was systematically sexually physically and mentally abused my entire childhood. everything about my training is basically pain driven, since i was 16 and took up boxing. from then on i was either strung out on drugs/alcohol trying to just make myself void. or training 6-7 days a week, 2 hours a day. from 22-29 it was 0 training all drinking. nearly died. diagnosed bi polar, weapons grade ptsd, a bunch of stuff really. left the hospital and stepped foot in the gym. had ballooned up huge i was an extremely high bf 270 (peaked at 335). that was august 2016, by may 2017 i was 220 and hovering around 12% now i'm up to 270, gonna go back down to 240 then push for 300, everything i have to do is extreme , i have insane dysmorphia. had a few bumps in the road since then. but things have just snowballed. i literally have to train. i have no choice. its that or die, ill push myself to stupid extents in the gym, things i know aren't even productive because it's hard and it hurts and it vents out all the shit. im pretty certain i'll kill myself within the decade to be honest. 


so yeah mental health and training. kind of a thing with me. also don't be like me. get help if you feel anything like anything i just said. realize your worthy of a happy life.",0,0,0,0,0,0,0,1,1,0,0,0,0,1,0,1,
101,"""i will find new things to excel in.""

this right here is the best outlook you can take. another chapter of my story includes a lot about being desperate to be a runner and injury after injury getting in my way. when i finally came to terms with the fact running isn't for me, the world opened up to new hobbies i couldn't see because i was too focused on hurting myself over and over to pursue a hobby i wasn't meant to do.

when you find those new things, you'll look back on lifting and barely miss it.",0,0,0,0,0,0,1,0,0,0,0,0,0,0,0,0,
102,https://www.ranker.com/list/athletes-with-bipolar-disorder/people-in-sports,0,0,0,0,0,0,0,0,0,0,0,0,0,0,0,0,
103,concussions can 100% cause anxiety and depression. its extremely common actually.,1,1,0,0,0,0,1,0,0,0,0,0,0,0,0,0,
104,"she would have been the greatest of all time. she was barely an adult just a young 20-year old whose entire life was tennis. this event absolutely ruined her life. it wasn't the wound that hurt it was the emotional damage it did. she suffered from severe anxiety and ptsd. she said in an interview after she retired that she'd get anxiety attacks every time she sat down on the court. the thing that made seles so damn good was her killer instinct. even as a teenager she had it and as a 20-year old she was a wrecking ball that was only getting better. everyone deals with trauma differently and as a celebrity and one of the biggest sports stars at the time she essentially lost that feeling of safety and felt like prey every time she was in the public. it was a disgusting display made even worse that  gunter parche  essentially got away with it. not a damn thing happened to him. he ruined her life and her career and he got a suspended sentence that was never upheld. people also forget she ended up dealing with her depression with an addiction to food and gained weight. the media tore her apart because tennis was changing from a athletics sport to a sport with ""hot chicks"" . the media called her a ""sumo wrestler"" and other terrible names and it just drove her deeper and deeper into the hole. the addiction to food got worse and worse and she just was no longer in shape. her father also died from cancer during her recovery, her peers voted to strip her #1 ranking, and she was dropped by all her endorsements losing millions and millions of dollars. this one snapshot in her life took every thing that made her amazing at tennis from her. they called her a ""rottweiler"" at her peak and she devolved into a shadow of herself. thank god, shes recovered and is doing great. she looks absolutely stunning and has finally been able to start enjoying her life.",0,0,0,0,0,0,1,0,0,0,0,0,0,1,0,0,
105,"lower impact exercises for cardio - swimming / cycling over running. 

i'd prioritize lower body fat and leanness as that seems to be a risk factor in many illnesses. 

a healthy diet would be a big priority. 

but honestly, many of my long term health goals would not only be physical fitness. mental health - retaining activeness and intellectual stimulation, is a big factor in health and quality of life. moreover, an active social life and taking steps to maintain that into old age would be very big for me. 


whenever you see people who are like 110 - they're always small, lean folks who eat lots of fish and build their lives around a sense of community and staying social.",0,0,0,0,0,0,0,0,0,0,0,0,0,0,0,0,
106,"works well for me and i have p bad problems with cyclothemia and depression. didn't wanna go last night blaming ""wrist problems"" but showed up and finally made major progress on my bench.

also i find if you go super hard on squats or deadlifts the next day all you wanna do is fuck or fight which is kind of a cool feeling",1,0,0,0,0,0,0,0,0,1,0,0,0,0,0,0,
107,"yes, based on his dad, and why is it shitty? i make *zero* value judgements about addiction, personally i think it's a medical issue and should be treated as such. if he's in treatment i 100% support him even if he misses the playoffs and i would hate for him to miss the playoffs.",0,0,0,0,0,0,0,0,1,0,1,0,0,0,0,0,
108,"^    ***please read [the faq](https://www.reddit.com/r/xxfitness/wiki/main), [the rules and content guidelines](https://www.reddit.com/r/xxfitness/wiki/new_rules), and [current frozen topics](https://www.reddit.com/r/xxfitness/wiki/frozen-topics) before [contacting the mod team](https://www.reddit.com/message/compose?to=%2fr%2fxxfitness)***. this comment is a copy of your post so mods can see the original text if your post is edited or removed.
>u/remarkable-low-643


hi, i am 35f and have just started working out in a gym this year. i am also trying to maintain a healthy calorie deficit. it isn't possible for me to go too low because i am small (4 ft. 11 inches). i have also increased my fibre and protein intake in the last few months. 

i have lost 7 kgs but i am yet to see much muscle definition. mostly in my abs which is where all my fat goes ( i mean seriously, i have disproportionately high fat there). 

lately, i have feeling exhausted a lot more. like i have slept 12 hours and still feel sleepy in gym unless i load up on diet coke which i am trying not to do. i thought this might be because of a change in my lithium dosage for bipolar but its been a month. i have also slightly increased the weights i work with. 

i'd like to change my diet so that i have more energy at gym without being over dependent on caffeins. i avoid coffee due to anxiety but i drink a couple of cups of green tea before going to gym. i will also eat a little bit an hour before. is there any nutrient i am under consuming? how do you deal with this?

*i am a bot, and this action was performed automatically. please [contact the moderators of this subreddit](/message/compose/?to=/r/xxfitness) if you have any questions or concerns.*",0,0,0,0,0,0,0,0,0,0,0,0,0,0,0,0,
109,"it's so messed up that this is even a conversation. he opens up about mental health, and the nba community holds that against him and tries to blame his bad play on it? that sets the precedent that if you have the courage to come out and discuss mental health on a public stage, then when you're not playing well, that will be used against you. that completely reverses the progress that demar made in terms of destigmatizing the conversation around mental health, especially for nba stars and other celebrities.  

i don't even care if it's an accurate explanation of his poor play. his own brain and body, regardless of any mental struggles he has gone through, has had a prolific career at usc that earned him a spot in the nba and a work ethic that made him an all-star. if you focus on his mental health when he fails, then why do you ignore his mental health when he succeeds or has a good game? when demar drops 52 points, it's the same brain playing basketball that just had a bad game yesterday. you can't just selectively chose when to focus on his mental health. 

but logical arguments aside, any decent human being should recognize that citing demar's mental health as a reason for poor on-the-court play, regardless of whether or not its true, is unfair and unethical. nobody who has the courage to discuss mental health issues on a public scale should have to deal with those same conversations resurfacing and being held against him.",0,0,0,0,0,0,0,0,0,0,0,0,0,0,0,0,
110,"i've been battling severe depression for years now, many of them without realising just how bad it was. it got to the point that two years ago i tried to end it. 

i took up running seriously last november (after running on and off for around 5 years) alongside traditional antidepressants and therapy, i'm now running at least one half marathon a week and three 5ks, and i'm in a great place with my mental health and i pretty much say its down to running on top of the doctor's help. 

the running helps to clear my head and keep me focused and on top of things whilst the antidepressants clearly help with balancing the symptoms.",1,0,0,0,0,0,0,1,0,1,0,0,0,0,0,0,
111,"i rest for 3 minutes between heavy compounds, and 1-2 minutes for accessory work. i'm a bit mentally and physically drained for a minute or two after a really intense set and i push myself very hard. this is not implying i'm out of breath, not a cardio issue. it also gets worse the heavier the weights get, even though you're getting stronger.",0,0,0,0,0,0,0,0,0,0,0,0,0,0,0,0,
112,"&gt;why do you guys run?

* for my cv health.
* for my mental health \(i did not really appreciate this until i started running\).
* to become active/athletic/competitive again.
* i work from home so it gets me out of the house into the ""real"" world.",0,0,0,0,0,0,0,0,0,1,0,0,0,0,0,0,
113,my running pace is faster. strength has not gone down much. at gym after a month of being 'lazy' i guess as i didn't exactly go away for the holidays. but i'm having intense anxiety and an ocd flare up (i am obsessed with my thoughts being 'positive enough and if i don't think positively enough something horrible will happen to me or my family lol) currently due to the year starting again so i am struggling to eat enough but my ass is a little flat right now because of my lack of lifting dammit over the week.,0,1,0,0,0,0,0,0,0,0,0,0,0,0,1,0,
114,"i can commiserate with you. cases are slowly rising again in my area because some people are becoming more lax, even though others are doing a great job. i've stayed outside for the majority of social things i've done, with masks on if we're not eating. i keep my mask on at all times indoors as well, and the few dates i've been on i've still kept a distance lol. climbing is my almost guilty pleasure, and that's so weird for me to say because i've never been the type to feel guilty about doing things i enjoy?

i think it's really getting to the point of insanity when one of my friends went in for a hug and i forgot how to hug because it just doesn't feel right anymore. we're just trying to do the best we can.",0,0,0,0,0,0,0,0,0,0,0,0,0,0,0,0,
115,running alone will not cure depression. but with a good diet and running combined i have learned it really helps.,1,0,0,0,0,0,0,0,0,1,0,0,0,0,0,0,
116,"it actually can help. it makes you feel at ease and reduces anxiety so you feel more calm shooting. 

if you’re stupid high then yeah it’s a problem",0,1,0,0,1,0,0,0,0,0,1,0,0,0,0,0,
117,"i think another person here gave you great advice about finding another activity for a bit. you’re probably due a lighter volume deload week if you want to stick with lifting, but also finding something new or old to revisit can do loads to reengage you.

i’d also look for solutions for school burnout. you’re coming to the end of a semester? do you have a good study schedule? are you giving yourself mental breaks or is does it feel like everything is an errand in between study sessions? does your school have any free resources you can use for stress reduction or talking to someone about how you’re doing? it’s always good to talk",0,0,0,1,0,0,0,0,0,0,0,0,0,0,0,0,
118,"i suffer from depression and anxiety. i have childhood trauma. it’s caused me to be very self destructive at times and insecure.

my therapist recommend i try running to build up my self esteem and mental strength; the idea being that as i saw myself get stronger physically, i’d feel myself getting stronger mentally specially because so much of running is getting through mental blocks. and that’s exactly what happened. running had given me a place to put everything aside and just exist. it’s shown me that i am stronger than i know and more capable than i believe. i thinking damaged people need something to believe in, and with running, it causes us to begin to believe in ourselves. i think that’s why: running helps us believe in ourselves, even if just doe the duration of that run, and that’s more than most of us have in our relationship with ourselves and the world around us.

i’m not an expert though. i’m so slow i’m barely even a runner so take that for what it’s worth.",1,1,0,0,0,0,0,0,1,1,0,0,0,1,0,0,
119,i bet you can’t waive for mental health issue either.,0,0,0,0,0,0,0,0,0,0,0,0,0,0,0,0,
120,"kinda serious wall of text- 

i've been climbing for about 6 months now, but until now i didn't really trust anyone to be my belayer so i stuck to bouldering and autobelay. this week was my first time doing top rope. coming down after my second top rope climb, my belayer, who is a close friend and very experienced, lost control of the rope and i fell close to 25 feet before he caught me a few feet off the ground. i genuinely thought i was going to die or get seriously injured. i freaked and quit for the day, but now a week later i'm still having nightmares about it and can't bring myself to climb at all, bouldering or with autobelay or a human controlling my ropes. i don't blame him at all- it was an accident, and it was terrifying for both of us, and i think it shook his confidence as much as it did mine.

my question is, after something like this, how do i get my confidence back to climb at all and keep doing the thing that makes me so happy? has something similar happened to you? how did you grow from it?",0,1,0,0,0,0,0,0,0,0,0,0,0,0,0,0,
121,"no. this is not blowing over in a few days. it’s a much bigger picture here. with not only nike, but the memphis grizzlies, and the nba. it’s only been a few weeks since he returned from suspension and there were stipulations for his return to the nba and other stipulations for his nike deal to continue. he already lost out on $40 million by losing his all nba slot. nike is probably going to pull the quarter billion unless he has some serious evidence that he had a toy gun or a water pistol. 

one thing you can say is his “friends” are idiots and gonna be his downfall. what kind of friend would put the camera on him holding a gun after he just went through the nonsense and so called “therapy”. that same friend is costing him millions.",0,0,0,0,0,0,0,0,0,0,0,0,0,0,0,0,
122,"i took an entire week off of gym because i was really not okay emotionally so i'm excited to get back tomorrow. i don't know why but despite the ostensible benefits that come from regular exercise, i felt like i really needed this physical and mental health break. hoping for a good one and for all those restarting this monday!",0,0,0,0,0,0,0,0,0,1,0,0,0,0,0,0,
123,"it's both - i like zoning out and do a lot of running for physical and mental health, but i also like pushing/improving myself and chipping away at my pace.",0,0,0,0,0,0,0,0,0,1,0,0,0,0,0,0,
124,"your coach sounds horrible. 

take a break. focus on your mental health. seconding what someone else said - see a therapist. 

as for swimming - maybe try swimming for pleasure at some point, without a coach insulting you. you might find a renewed love for it. or, if you don't want to, don't. your life.",0,0,1,0,0,0,0,0,1,0,0,0,0,0,0,0,
125,"as another climber in his 40's, i'm just thankful to be healthy enough to climb (and have the time to do so).  that's pretty much how i get over my frustrations.  by the way, how do you boulder with your kids?  my kids are 9 and 7, and i take them to the gym once a week.  but i can't focus well enough when i go with them to climb my own problems - it's constant ""hey dad look at this!"" and ""hey dad over here!"". 

i started climbing a year ago and also on-sighting v3's and even a few v4's that fit my strengths but seems to have plateaued for a few months now.  i just need to remember i'm no longer in my 20's, and it takes a bit of time for my body to recover after a session, and make sure i don't climb more than 3x a week, mostly 2x.  and eating well helps too - started to cut down on carb and just food portion in general.

what helped the most for me when i took a big jump from v2's is yoga.  it greatly helped with my hip flexibility and range of motion, especially when it comes to high stepping.  don't really care for the meditation new age stuff at the end, but the stretching and the work on core and balance was very helpful.",0,0,0,0,0,0,0,0,0,1,0,0,0,0,0,0,
126,"i started for the same reason.

currently, the reason i work out is for health and ability. i want to be strong enough that when my niece decides to climb me randomly it doesn't hurt. so when/if i have kids, even though i'm getting older i'll be able to keep up and not be the ""old dad"". so i can do the rock climbing and obstacle course runs that i enjoy. it's a thing that i do as a meditation, that benefits my life in other ways, and so i have no trouble getting myself to do it.

i had to stop a while back due to injury and i realized that it was also warding off a mild depression. nothing crippling, but it was like being wrapped in a cold blanket of ""meh"". didn't want to play video games, didn't want to cook interesting food, didn't want to go out... it all just sounded ""meh"". mild enough that i still *forced* myself to play video games, forced myself to cook healthy food, forced myself to go hang out, *forced myself to be happy* (not saying that everyone suffering depression should do that, but rather that my mental health was only a little off - if you need help *please get help*). but the strength training (cardio doesn't do it for some reason) makes everything else in my life brighter.",0,0,0,0,0,0,0,0,0,0,0,0,0,0,0,0,
127,"i don't go to the gym (aaaaanxiety!!!), but my boyfriend recently started going to our local planet fitness again. no one wears masks, but it's pretty clean. i personally think it's kinda strange everyone has just taken their masks and thrown em out here...our state isn't even over 50% vaccinated yet. my anxiety is the number one reason i haven't gone to the gym, but i think i'm still a little cautious around others, too. especially in a gym setting where everyone is breathing heavy. all these anti vax people just blend in with the sane folks. my body tenses up when someone coughs near me still lol.",0,1,0,0,0,0,0,0,0,0,0,0,0,0,0,0,
128,"my dad is having surgery tomorrow.  his skin cancer has spread to a large area of his skull and also the lining of his brain (the dura).  so all of that is coming out, and hello nine hours under the knife.  the good news from the pet scan is that the cancer hasn't spread anywhere else.

i had to have a conversation with he and mum today to try and get the flow of communication working a bit better.  mum keeps making us daughters believe that dad is dying, like actually dying next week or maybe the week after, which isn't at all what is happening and is of course extremely distressing.  she's not far off getting herself into a boy cried wolf type scenario.  we also have to kind of insist that she and dad use the family whatsapp group, because yesterday i came out of a 90min meeting to find four missed phone calls and three text messages telling me to call immediately and naturally thought something terrible had happened.  all that they were trying to tell me was that dad's appointment was at 5.15pm and could i make it to the hospital?

so now, because i have a little bit of medical knowledge being a former midwife, i'm going to liaise with staff at the hospital to get the relevant news and will then disseminate it in a way that's appropriate and doesn't unduly scare the shit out of anyone.

we're also going to *insist* that mum go back into therapy, because her methods of coping with stress are basically dumping an entire head and heart full of thoughts and emotions onto her youngest daughter (my younger sister) and then leaving *her* to deal with that, which isn't helping anyone.

never in my life have i wanted a partner i could cry to more than i do right now.  for all that my sisters find it hard to deal with this stuff, at least they have someone who'll hold them while they weep.

and now for something a little more upbeat, please see my [small collection of gym memes.](https://imgur.com/a/w1pileb)  my personal favourites are the ones from family guy and tropic thunder.

i would dearly love to be cheered up right now, so please feel free to attach your own amusing gym memes in a comment below :)

eta: thank you all so much for the kind words and hilarious memes!",0,0,0,0,0,0,0,0,0,0,0,0,0,0,0,0,
129,"1) my cousin swims for nyu and he’s very muscular and has been since he started swimming.


okay asshole. i used to be super athletic. i won first place in a half marathon (in my age group obviously not overall). i was on swim team and went to state a couple times. yeah when i started was super skinny and gained a lot of weight doing swim that i wasn’t able to gain with cross country. my step dad was really into working out. he planned the entire houses meals and workout routines a month in advance. he was really into training and did so with ocd so it was his entire life. but then i quit because it was also pretty controlling (i wasn’t allowed to leave my room after 8 pm at 18 and had a tracker on my phone) because i wanted to have friends and a job and my parents cried and disowned me for quitting sports and whatnot. so i haven’t worked out in a couple years. and i don’t currently have access to a gym to work on getting stronger so yeah i’m a bit skinny rn as i’m prone to being slim.

and yeah when i was in middle school i was bullied bc i was “anorexic looking” because i had recently found my dads body and was super depressed and couldn’t get out of bed unless i was made to and on top of that my brother had fucking cancer and i thought he was gonna fucking die all the time. so definitely wasn’t in bulking season. and i’m just naturally skinny.",0,0,0,0,0,0,0,0,0,0,0,0,0,0,0,0,
130,"tl;dr i suddenly realised i was fat and wanted to feel and look more attractive. i also didn’t want to die of a heart attack at 45. the importance of my goals didn’t factor into doing the hard work, but the most important factor was making going to the gym a routine that required little thought. setting up systems that make it easy to do the thing that gets you to your goals is super important, because motivation will fail you while routine will have you almost accidentally succeed. small sustained effort beats large leaps of inspiration when it comes to fitness.

long version:

first thing you need to know: i had a reputation for loving hot weather, and keeping my hoodie on until it was 35c outside and the office aircon buckled under the pressure. written like this, it’s obvious what comes next, but i too believed i just loved the heat and staying warm. even if i did need to catch my breath at the top of a flight of stairs and took the lift to the 3rd floor because it was exhausting otherwise.

then one new year’s eve i resolved to spend the next year trying more new things, a theme of novelty for the year if you will, and tried meditation. the habit didn’t stick, but the process of trying to observe my brain generating thoughts taught me how to better observe myself internally, and to be honest when lying to myself. to my surprise i realised i was deceiving myself about a few things that i had been unaware of!

one of those things was that i _wasn’t_ cold, i was _bloody_ hot and soaked in sweat and pretty uncomfortable. i was keeping the clothes on because i was hoping nobody would notice how fat i had become since starting a full time desk job. 

i’ve now been going to the gym for 15 months, slowly at first only doing cardio, and then starting weightlifting with a friend who had some previous experience. i’ve lost 15-20kg (i was too scared to measure at first) and am building muscle for the first time ever and it feels great. at first i just wanted to lose the fat, but once i realised my body shape is under my control, that felt like only the first step. i decided to see what life was like being a muscular, masculine man, and while i’m not there yet, i’m sure i’ll find out some day :)",0,0,0,0,0,1,0,0,0,0,0,0,0,0,0,0,
131,"getting back into running this summer after feeling very unmotivated during the 2021 lockdown. feeling really positive about it now, got some new shoes, sauncony ride 14s, did a 25 minute parkrun on saturday, and today a 55 minute 10k.
entered my second ever 10k event as well, the wilne 10k in derbyshire. really looking forward to it.",0,0,0,1,0,0,0,0,0,0,0,0,0,0,0,0,
132,"i know someone with a similar issue, apparently feeling the water on his neck makes him gag, particularly with breast. he’s never been a competitive swimmer or anything and this only developed a year or so ago i think. 


it’s interesting to hear that that this can be caused by anxiety - is it anxiety relating to something to do with swimming/your heart rate, or just general anxiety? sorry if that’s a stupid question",0,0,0,0,0,0,0,0,0,0,0,0,0,0,0,0,
133,"i know what you mean - i compare it to felton in portland to a lesser degree.. (ironic tag btw but it was given by a r/nba mod after i acted out ;) felton brought more issues to the team but with *less* expectations and our fans treated him like the biggest scapegoat. did he invite that negativity by his behavior and candor on &amp; off the court? absolutely. did it need to be taken as far as it did? absolutely not.

i think though after learning a lot about mental health in even the past 6/7 years i'd like to think we can be better than to berate athletes - or anyone - for not meeting expectations in the [insignificant] entertainment industry. some players really do invite a lot of that negativity and need some better pr managers, though.

*edit:* i'd like to add though the ""where's waldo"" joke is just funny. turning it into humor is great - that's why felton and us in portland kind of secretly love each other because fat jokes are funny albeit probably immoral.",0,0,0,0,0,0,0,0,0,0,0,0,0,0,0,0,
134,"i’ve been doing 10k steps every day for about 2.5 years now and 90% of the time i get them from never leaving my apartment (anxiety lol). i just pace up and down and listen to music. i do about 5k straight after waking up, which takes a couple of hours. i do my 250 hourly steps from fitbit for another 2k and i pick the rest up when i get bored or find myself sitting around doing nothing. i was averaging 1500 before i decided to do this so it definitely took some getting used to, but now it’s natural to me. i hate standing and sitting still and always try to walk or march in place if possible.",0,1,0,0,0,0,0,0,0,0,0,0,0,0,0,0,
135,"just making the argument. as a bitter celtics fan i don’t have a lot of patience for him. i wanted to make it clear, being depressed and going through issues does not always look like moping around constantly. people who are really struggling often hide it well, to the point they never end up getting help. we as people need to be more aware of that.

in the same vein it’s too often that we hear after someone commits suicide that “oh he was the life of the party, he was always so happy, the last person we expected” while not recognizing their erratic behavior. so i really want to put down the notion that a person going through whatever it may be has to be a shut in...cause honestly wreckless shit like this is sometimes exactly what depressed people do.",1,0,0,0,0,0,0,0,0,0,0,0,0,0,0,0,
136,"i have to tell you this….after the athlete comparison. a guy on tiktok literally told me after i said why would put herself in danger hurting her self and something else…. you wanna know his response.  take a damn guess 

i played d1 football and baseball and i have 234lb linebackers or defensive players trying to kill me every game and i was taking 93 mile hour fastball to my head….🙄🙄🙄

i was like first off they aren’t trying to kill you and your pitches stay usually in the strike zone to hit. one might come at ya every 6 months or 2 years. honestly dude never got it- nor will he ever.

he also tried saying so after my mom died and my aunt i played in games the day what about my mental health - i still didn’t give up on my team.  what she was being a wimp  and has the give up  mentality and you can give up and still get a medal. 😐😐😐in that moment he again to fail to realize that mental error due to mental health issue in gymnastics results in possible  serious injuries- that can diminish her quality of life for the rest of her life. 

or someone esle said…

so if an f1 driver just gives like simone what is suppose to do drive 30 miles slower. i don’t know the dude was trying to get at. but was making a f1 and gymnastics the same thing.

lastly- i had a coworker ask a what if question- if tom brady just did this how do you think people would react and the world.  - to be fair i think he was trying to 50/50 just curious but you knew he was leaning towards the she give up just by asking the question and how he phrase it",0,0,0,0,0,0,0,0,0,0,0,0,0,0,0,0,
137,"tl;dr: how much/how often do you run to maintain fitness?

extra blather: i've been a runner for almost a decade, but in that time i've basically always either been in training for a race, or trying to reconstruct a running habit after i fell off the habit train for a month or two. (i have adhd and routines and habits are a mystery that i've given up trying to understand.) even when i don't have an ""official"" race on the horizon, i'll set a training plan in my app just so i've got a sense that i'm improving or working toward something. it also saves me from having to figure out how far i should go for any given run. 

i think that this fall/winter i want to shift my focus to lifting weights for a bit and doing some gymnastics classes to strengthen my core and hopefully gain some flexibility. i definitely don't have the time or the ability to run 4-5 times a week *and* attend a gymnastics class *and* do some lifting, so i'm looking at cutting down to running once or twice a week (probably?) and basically shifting the balance of my time toward new things. right now i can run a 5k pretty easily, i wouldn't mind getting up to 4-5 miles per run, but i'm not sure how much to ratchet back while still maintaining the cardio fitness that i do have.

i appreciate any thoughts!",0,0,0,1,0,0,0,0,0,0,0,0,0,0,0,0,
138,"i agree with you to an extent, but its like any job. he made the choice to go pro and that comes with responsibility. to make a comparison, would you feel bad about some college graduate coming out of business school wanting to be the ceo, and then feel bad for him because he did a trash job? he's making boat loads of money to be a professional. if he cant take the heat he should have remained in school. different fields and i feel for the kid, but at the end of the day if he cant block that out and stay focused on his craft he shouldn't have taken the position. it has nothing to do with age.

to add to this: mental health awareness? there are millions of people his age and older living paycheck to paycheck that have to compartmentalize their own situations and deal with things. if all of them can figure it out he can too, only he has way more resources. we need to respect professional athletes because they obviously need to work hard to get to where they are, but lets not put them on too much of a pedestal. i'm not saying its fair or right, but caring about a pro's mentality above the general population just seems silly to me. they have access to everything once you make that kind of bank.",0,0,0,0,0,0,0,0,0,0,0,0,0,0,0,0,
139,"^    ***please read [the faq](https://www.reddit.com/r/xxfitness/wiki/main), [the rules and content guidelines](https://www.reddit.com/r/xxfitness/wiki/new_rules), and [current frozen topics](https://www.reddit.com/r/xxfitness/wiki/frozen-topics) before [contacting the mod team](https://www.reddit.com/message/compose?to=%2fr%2fxxfitness)***. this comment is a copy of your post so mods can see the original text if your post is edited or removed.
>u/lalalalanalol
ii've been lifting for almost a year now and i'm sure i've built enough muscles to cut. i didn't really track down my calories to the smallest detail but i did focus on my protein intake and eating healthier. i ate intuitovely. i gained only about 5lbs from my starting weight. 

i'm planning to cut after holidays. i've always been scared of cutting though. 

i used to have an eating disorder as a teenager and counting calories might trigger it. i'm also scared of losing muscles, getting weaker, hungrier and grumpier. i love hitting prs but i know i might not be able to do that on a cut. 

i'm a very short, 5'0"" female with 117lbs of bodeweight. ( i know some may say that my weight is already low but i'd like to emphasize that i'm short, my bmi is normal, even leaning to the overweight side).

i only need to get rid of 5-10lbs and i might maintain or bulk up again for more muscles. any advice? thanks. :–)

*i am a bot, and this action was performed automatically. please [contact the moderators of this subreddit](/message/compose/?to=/r/xxfitness) if you have any questions or concerns.*",0,0,0,0,0,0,0,0,0,0,0,0,0,0,0,0,
140,"i did my first trail half today, which is a goal i set for myself a year ago! story ahead (and content warning for suicidal ideation).

i've battled severe depression on and off for the last six years, since becoming a parent. about a year ago i was at one of my lowest points ever, feeling hopeless and suicidal. i've been a runner for 20 years, and did several half-marathons prior to having my first child in 2016, but was just so low on energy for years that the longest i got back up to was a 10k.

anyway, about a year ago my family was staying at a state park that unbeknownst to me had a series of trail runs happening. watching everyone go past, i was reminded of that feeling and decided that i was going to train for that half the next year. that's when i started hanging out in this sub, getting more serious about my training, and focusing my energy back to where i loved being. 

i ended up signing up for a different trail half than the one that inspired me, but i completed it today! i didn't have a chance to really train on trails at home, and i got covid three weeks ago so was off my training, and i had to wear new shoes out of the box - but i finished it at only a minute or so per mile off my slow regular training road run pace. 

it was also the first race that my family was present at the finish line for. i know i'm going to have hard days ahead as i'm never out of the depression woods, but i am proud of where i am and grateful that i had this day to meet my goal.",1,0,0,0,0,0,0,1,0,0,0,0,0,0,0,0,
141,"i was born with chicken legs. now i'm team #thiccthighs lol. i have some calves, though i have long muscle insertions, so i'll never like their size.
i have a butt now. i had none before.
it made my arms look a lot nicer, too.
it has made my stretch marks significantly less noticeable, too. i don't understand how or why.


in terms of every day life?

i love that the kids that i work with say i'm like a cooler wonder woman. it feels good because i know they also say it because they like me, not because of muscle.

i can bring in two cases of water at the same time. niagara. not costco. costco water is too big lol.

i feel a lot more confident in myself, since lifting made me look better, so while i'm still socially anxious, it helped me overcome a lot of the insecurities that stemmed from high school and middle school bullies. similarly, it has helped me break mental limits. if i could get over holding heavy weight on my back or over my chest, i can get over the small day-to-day difficulties. if i can learn to be physically strong, i can make myself mentally strong.

most importantly, i think, is that it has really helped as a form of stress relief. i would probably go crazy without it.",0,0,0,0,0,1,0,0,0,0,0,0,0,0,0,0,
142,"i’m 43 and just finished my first one (see above).
i’ve always been the sporty type, but lacked focus. i guess getting older does have it perks.

two years ago a hernia (dislocated disk in my back) forced me to look at other types of sports besides the usual soccer (yes european here) and running. and slowly but surely i pulled myself back together, resulting in this new ‘addiction’.",0,0,0,0,0,0,0,0,0,0,0,0,0,0,0,0,
143,"i have started and stopped working out several times over the last ten years. when i was growing up, i was in dance so i never had to think about it much. when i was in college, i tried the gym a handful of times, usually at the urging of a shitty ex boyfriend who thought i was overweight and claimed to be “concerned about my health” (spoiler: i was not overweight and even if i was, it’s not his job to fix me). at the end of college, i joined a roller derby team and was in the best shape of my life. i even had visible biceps!!!

it’s been almost ten years since my senior year of college. i kept up with derby for a little while when i came home from school, but only for about a year and then i quit, and ultimately quit exercising. when i got engaged in 2018, i joined a gym and pushed myself too hard and ended up quitting. in 2019, my work added an incentive program for meeting step goals that resulted in hsa dollars so i walked a ton for a month or two and then stopped, and then of course covid happened. anyway, all of this is to say that movement has been hard to maintain for me. i got sick back in february with some chronic stress induced gut inflammation so i started walking because it helped me feel better. and then i started walking twice a day, every day. and then i got diagnosed with depression and started taking meds and suddenly i was motivated to do even more. 

fast forward to aug 10th: got a new fitbit and got a downdog subscription and i have exercised (either hiit, yoga, power walking, or some combination of them) on more days than i haven’t, and i only pushed myself too hard on one day, so i haven’t even had super long recovery times. i turn 32 at the end of the month and this is the first time i have been successful in creating my own, self driven habit of moving. my mood has improved and my digestive health has improved. i am not dieting (the only things i track are water and fiber intake) trying to lose weight, or even looking for muscle definition, just trying to feel better and it’s actually working!",0,0,0,0,0,0,0,0,0,0,0,0,0,0,0,0,
144,"literally started lifting to help with ptsd. your note about reclaiming the body is absolutely spot on, and it's done so much for me! i started yoga a couple weeks ago too--the coordination required between both activities is really great for keeping me present. but honestly the best part is that i no longer look at my body as something that has brought me pain. it's mine, i'm in control, and i'm proud of what i can do with it. it's also helped that my trainer is male, which let me sort of reprogram how i look at situations where i am vulnerable with one (he has to touch me to help cue the right muscles if i'm struggling with form, etc)",0,0,0,0,0,0,0,0,0,1,0,0,0,1,0,0,
145,"why did he request a trade and put a hardline stance out that he won't play in philly? the dude had the yips and didn't even want to shoot the ball while he was wide open. that is mental health and sports psychology. everybody saw that playout on a national stage, and have been salivating for months at the idea of him having to face the philly crowd? why? because it's going to be brutal and we are going to laugh about it. meanwhile, his coach and the star player both publicly crushed him after that playoff loss so he doesn't feel like his org is behind him.   


that is mental health, rather you think he put himself there or not. i can't imagine the anxiety he has at going back when he's been getting humiliated and shit talked for months. a punch line.   


also, people aren't exactly clamoring to go get help until they don't have a choice often times. maybe that means money, or relationships or whatever other personal rock bottom somebody has. the real damage to mental health is total strangers telling him he can't have mental health issues. like, he wants a trade because of the mental health, not the other way around where he is using mental health because he wants a trade.",0,0,0,0,1,0,0,0,0,0,0,0,0,0,0,0,
146,"so many great stories here.

i had been a runner and swimmer and quite fit, but then i got fat and depressed with a failing marriage and a crappy work situation. i had bought my first daughter her first bike when she turned four, and run alongside her supporting her to help her learn to ride without training wheels. my second daughter was approaching her fourth birthday, and a few months out i realised i was too fat to do the same for her, so i got running again. i lost the weight and got fit again, and was able to help her learn to ride just a few days after that birthday. i'm very proud of that.

that daughter is now nearly seven; i haven't stopped running since and hope i never do. running has kept me sane as my marriage has failed, hopefully the toughest thing i ever have to deal with.",1,0,0,0,0,1,0,0,0,0,0,0,0,0,0,0,
147,"stupid games is a bouncy ball being bounced around a room by a bunch of grown as men who should've been soldiers, lawyers, political leaders and advocates for their communities, instead they're just stretched out ten year olds with sex addiction. 

but hey stupid prizes like a lifestyle where you're carted around like cattle or roman gladiators and you slowly one by one lose your edge, lose your identity to the machine that you're a puppet to.

coaches crying about a fan having a good time getting his money's worth and gets banned because the coach knows the truth all too well, nba is a joke, an entire industry supporting overgrown children and old men who refuse to quit the sport because how else do they get to oggle cheerleaders at work?

do that in high school and they're canned.",0,0,0,0,0,0,0,0,0,0,0,0,0,0,0,0,
148,"i'm a small guy who's okay with staying small due to past body dysmorphia issues. that said, i love working out/exercising but i'm wondering how much i should fixate on strength vs volume in my training. from my understanding, my ceiling would be a lot lower, so should i incorporate strength?

&#x200b;

i'm thinking of going from a 5x/wk split to 4x so i can incorporate an extra day of swimming, since it's something i've taken up that i found fun. i'm thinking on i can just do my compounds 3x10-12 and then try to hit 1 or 2 sets of 5 (safest i feel doing heavy). and then some accessories at high reps. is this okay? i'm worried about over or undertraining certain muscle groups. the 5x a week split seemed more targeted.",0,0,0,0,0,1,0,0,0,0,0,0,0,0,0,0,
149,"it should be. i think i remember reading that he deals with a lot of depression. look at kate spade recently and robin williams before that -- fame, money, talent, success... i really hope kd can accept that he's a cold blooded killer. i also hope he moves on from gs. lol.",1,0,0,0,0,0,0,1,0,0,0,0,0,0,0,0,
150,"i agree, but if the route ends up being not quite long enough i find i'll do strides up and down the street by my house just to get over that magic number.  just my ocd kicking in i guess...",0,0,0,0,0,0,0,0,0,0,0,0,0,0,1,0,
151,"yeah when i restarted my running  workouts a few years back i was 94kg worth of weight. i felt anxious as well to run in public spaces, other runners would pass by me easily and i felt like sh\*t, so here's how i dealt with it:

\- run late or very early. i leave the house around either at 6:00am or 7:30pm for my workouts. the streets are emptier.

\- find a controlled circuit where few people circulate. in the woods or a dirt road outside town.

\- try not to focus on other people. talk to yourself, imagine being in a race, revise your training schedule, think of the chores you'll have to do at home.

with time your training rhythm will improve and you fitness as well. and anxiety will disappear because you're confident in yourself.",0,1,0,0,0,1,0,0,0,0,0,0,0,0,0,0,
152,"sucks to say but something you did over 10 years ago will have almost no effect on your current performance. other than you might have some muscle memory left over, all the gains you had are gone so you'll have to compare you to you, for the time being.

&amp;#x200b;

can you reach your motley crews level? possibly but you're gonna have to give it some time.

&amp;#x200b;

i never was a high profile athlete but i've always been a jack of all trades.

boxing training, running, kettlebells, calisthenics...i was doing it all before my kids were born. as soon as i got sleep deprived i dropped most of them and it's been an uphill battle since (yeah cause after we get our sleep back from 1 kid, we make another lol). 

you'll get there, just take your time, the gains aren't goin anywhere and they'll wait for you to get there.

slow and steady wins the race.

\- the guy who tried to jump back in to things too harsh and got injured several times",0,0,0,0,0,0,0,0,0,0,0,0,0,0,0,0,
153,"i have a similar body type and fitness situation going on. i'm an aerialist, so my upper body and core are pretty built. my slim hips and oblique game can make me look very straight up and down from the front. from the side, i've got a round butt, but my abs stick out about as much as my boobs. it is not traditionally feminine and it is definitely not the trendy slimthick look. i had an eating disorder for a long time when i was younger and part of learning to recover from that was investing in self-love as a daily practice. it is not just a concept, but an active thing you have to do, just like working out. think about how many hours you put into the gym, food prep, planning, etc. now how much time, (focused, active, real time) do you put into loving and appreciating your one and only body? not critiquing, but celebrating, admiring, valuing, and deeply loving it? i'm not talking about narcissism here, more like the way you feel about your best friend, how you love them completely for the unique being they are and would not change anything about them, even their ""flaws."" there are so many messages in our culture and, sadly, sometimes from our family and friends, telling us we are not good enough and we should look some other way. you have to make a concerted effort to counteract that shiz. your body is amazing. you are amazing. you've got to be telling yourself that every day.",0,0,0,0,0,1,0,0,0,0,0,0,0,0,0,0,
154,"i lost over 75 lbs during the last two years doing exactly what you did as well. i was doing calorie counting for jan/feb/part of march, and i was starting to become very burnt out and mentally drained, but i am now 133 and only 3lbs from my goal (so another 3-5 weeks of dieting for me). i decided to take a break, and now i am focusing on weight training and a 10k i am running this month. i have been eating maintenance and a couple of times over that, but it really has helped me immensely, the past 3 weeks or so. i feel great! i do still count my calories and hit my protein/fiber goals every day, but i am enjoying what i am capable of right now and pursuing fitness goals that i never thought i'd be capable of. i will diet down those last couple of pounds eventually, but my weight is staying the same, and i will do it when i am ready!",0,0,0,1,0,1,0,0,0,0,0,0,0,0,0,0,
155,"my best advice for anyone new to running is to sign up for a big race (give yourself reasonable enough time to train for it lol), tell everyone you are doing that race and bam, the race anxiety will usually get your butt out to train as you will have people asking how the training is going, etc. you are now not just running for the sake of it but already have a goal tied into it and will be working out with more purpose. 

&amp;#x200b;

i always wanted to learn how to swim but had the same thing in terms of a fear, i had a ton of anxiety around it as well as i did not like having my face in the water and didn't know where to start etc. i signed up for a half ironman giving myself an 8 month timeline and that really forced me into the pool 3 times a week for six months and now i can swim over 2kms no problem in one session. 

&amp;#x200b;

the biggest thing is just starting, giving it a chance and staying consistent, results don't happen over night. you could even look up a local running club if you are not sure where to start but want to do a half marathon or full marathon.",0,0,0,0,1,0,0,0,0,0,0,0,0,0,0,0,
156,"something just ain’t right and i need advice

6’2 17 y/o male 172lbs. 

i’ve been going to the gym an hour a day consistently 6 days a week for 7 months now. i eat in surplus most days, my lifts have improved and my overall physique has improved as well. i am very well versed in different types of lifts and can properly execute them as well as know how to incorporate them into splits and supersets. for the last month i have taken 5mg of creatine every day and try to incorporate plenty of protein and vitamins into my diet. 

i swear i am doing everything by the book perfectly but am making the slowest progress ever. i started in a very low muscle “skinny fat” state where i was literally so weak i was struggling curling tens for ten. i’ve improved all my lifts enough to the point where i’m lifting the same amount of weight that other people who look much better than me are lifting (squat is 200, bench has always been my worst comparatively but it’s now 135, i thankfully now strict curl 25s pretty easily) 

the past three or four months have been a slog where i barely feel like i can see a difference. i keep telling myself that i just gotta keep going and going and one day i’m bound to be big. i can’t  really see myself ever stopping lifting right now unless i had some really bad accident or injury which makes me scared at how long i’m gonna be in this depressed ass state whenever i check my progress. i just want to know how you shredded guys mentally got through this shit cause it’s tearing me down rn.",0,0,0,0,0,1,0,0,0,0,0,0,0,0,0,0,
157,"lmao the announcer on his self esteem ""it's already rock bottom low""",0,0,0,0,0,0,0,0,0,0,0,0,0,0,0,0,
158,"i get anxiety before open workouts and any competitions i’ve done. it’s part of it, mitigating that anxiety and pushing through. if you are following a training program then just trust that you are prepared. when it gets dark and you want to quit, slow it down and focus on your the reps and make sure you are breathing. also, every workout shouldn’t be awful. it if is then you are going too hard and will eventually burn out or get hurt.",0,1,0,0,1,0,0,0,0,0,0,0,0,0,0,0,
159,"i'm not subscribed to anything but i could see the article anyway:

&amp;#x200b;

through pain, death and delayed olympic dreams, st. paul's suni lee found strength
  
an extra year to prepare for the tokyo games exacted a physical and emotional toll on the gymnast, but she made it through, and is ready for the olympic trials. 
  
by rachel blount star tribune june 23, 2021 — 3:38pm

&amp;#x200b;

first came the state-mandated closures, which shut down suni lee's school and gym in the early days of the pandemic. before march 2020 was over, her quest to reach the olympics was put on hold, too, when the tokyo summer games were postponed by one year.
  

  
that was just the beginning. over the next several months, the st. paul gymnast endured a broken foot and a covid-19 scare. the coronavirus took the life of a beloved aunt. lee's uncle, a hmong shaman who helped treat her sports injuries, died 13 days after his wife, of a heart attack following his recovery from covid.
  

  
""it was just so difficult to get through it,'' lee said. ""you don't think something like this would ever happen to you. and when it did, it was like everything hit all at one time.''
  

  
though lee did make it through, she hasn't forgotten those hard times. on friday, she will begin competition at the u.s. olympic trials in st. louis as a more determined, mature person, strengthened by the ordeal of the past 16 months.
  

  
after a training session wednesday, lee said the pain in her ankle — a byproduct of that foot injury — is waning. she said she feels ""a little bit of pressure'' after finishing second in the all-around at the u.s. championships three weeks ago, but she is aiming to build on that performance. competing in all four events for the first time in more than a year, lee, 18, also defended her national title on uneven bars and earned a silver medal on balance beam.
  

  
her coach jess graba said he is ""kind of surprised we're here,'' given what lee faced last year. in addition to the personal turmoil and the injury, she lost about three months of training to the state-mandated gym shutdown, and she had to adapt through a growth spurt.
  

  
""suni can push through almost any physical pain,'' graba said. ""but with everything else that was happening, it was overwhelming. you're talking about someone that has basically sacrificed her teenage years to train for the olympics. she went through a lot of depression.''
  

  
with the olympics finally in sight, that has given way to thankfulness.
  

  
""i'm really super proud of myself for even getting here and making it all the way to trials,'' lee said. ""i definitely feel blessed.
  

  
""after covid and quarantine, i was really unmotivated. it was really hard for me to get back in the gym, because we had so much time off, and i felt like i wasn't good enough anymore, almost. but right now, i'm doing a lot better mentally. and you can see it in my gymnastics as well.''

&amp;#x200b;

the perils of postponement
  
though time and therapy have improved lee's sore left achilles' tendon, she will do a scaled-back version of her floor exercise at the trials, as she did at nationals. rather than increasing her difficulty, she will focus on perfecting the details of her routines.
  

  
lee has come a long way since february, when she could barely walk without pain. graba said that illustrated the challenges gymnasts faced when the olympics were postponed. while some athletes welcomed an extra year to prepare, he thought it was the worst thing that could have happened.
  

  
because the sport exacts such a physical toll, athletes have to plan training and rest periods carefully to avoid injuries and peak for big meets. ""then we find out we have to wait another year,'' graba said. ""and there's no contingency plan.''
  

  
according to graba, for every week a gymnast takes off, it requires three weeks to return to form. being out of the gym for several months was unfathomable. for lee, finding ways to train on her own was just one problem among many.
  

  
in july, she got so sick she could not get out of bed; though she tested negative for covid, she still isolated for two weeks just to be safe. after the deaths of her aunt and uncle, lee worried about the covid risk for her father, john, who was partially paralyzed in a 2019 accident.
  

  
she feared graba's gym, midwest gymnastics in little canada, would not survive the financial blow of the pandemic. and only two weeks after the gym reopened in june, she injured her foot.
  

  
""it was so hard for all of us,'' lee said. ""trying to stay motivated was one of the toughest things.''
  

  
graba was concerned about how lee was handling things early in the pandemic. the two had many discussions about resetting goals and how to maintain hope when good news was in short supply.
  

  
""i tried to tell her this was another chance to grow as a person, and to take these lessons and apply them later in life,'' graba said. ""this is the hand you've been dealt. let's figure out what we're going to do. it took a lot to get through it.''

&amp;#x200b;

time passed quickly
  
when the olympics were postponed, lee didn't delete the summer games countdown she had on her phone. she let it run out, then set up a new one for 2021, keeping the faith even when the tokyo games felt far from certain.
  

  
that's been another theme for her over the past year. lee believed she could still make a run at the olympic team and trained as hard as her body would allow, competing in all three major u.s. meets before the national championships.
  

  
though lee didn't get as many repetitions as graba hoped before the national meet — and had not competed at all on floor exercise or vault — she was determined to do all four events at the u.s. championships. she shrugged off the discomfort in her ankle after her three-medal performance, saying she could push the pain aside.
  

  
""i think going in, she wasn't sure of everything,'' graba said. ""placing top two at championships with where she was, she proved it to herself.''
  

  
despite the trials of the past 16 months, lee has been careful not to overlook the blessings. her father had an electrical stimulator implanted in his spinal cord and has begun to move his legs.
  

  
staying at home during covid shutdowns gave lee more time with her close-knit family, and her parents plan to come to the olympic trials after attending the u.s. championships. lee also was able to walk in her graduation ceremony this month at south st. paul high school.
  

  
a year ago, it seemed unthinkable to lee that she had to wait another 12 months for her shot at the olympics. on the eve of the trials, she marveled at how quickly the time passed, and how far she has come.
  

  
""knowing i could come back to the gym and get to where i am now, even after going through everything the last two years, it's so cool,'' lee said.",0,0,1,0,0,0,0,0,0,0,0,0,0,0,0,0,
160,"an engineering degree and a sport will be tough enough to juggle without a job. engineering will take hours of studying per day and over the weekends. rule of thumb back in the day was 1 hour of class equals 4 hours of studying. usually around the 3rd, 4th year people usually give up their sport for their internship. it’s just too much for some to juggle and by then, most athletes start to discover that their t&f career is or isn’t going past college so it’s time to prioritize your future. it’s either the pros or the workforce. 

you’ll start to notice most athletes have easier majors unlike engineering where they can dedicate more time to running. 

i had teammates who worked, ran and went to school but they all had very flexible jobs or part time jobs that were only a few hours at night. one had a job folding newspapers past midnight for the mornings paper, one got hooked up with the college groundskeeper. he had a list of duties to complete by the weekend every week, and he had keys to the shed and would do the tasks whenever he had time during the week. some colleges have career centers where you can get a part time job working for the university somewhere. 

i don’t know you so i can’t suppose anything. but engineering, a sport, a job and later an internship seems to me to be too much for most.  unfortunately, the one of least priority is the sport unless you’re pro level college athlete. looking at your previous posts, a 52 400m and 2:07 800m have very low odds of going pro. 

hopefully, this doesn’t discourage you but just gives you a more realistic expectation of what you’re getting into if you decide to put too much on your plate. 

remember you’ll have to sleep well, maintain good mental health, a social life, do your own chores, and you’ll have less support growing into an adult away from your parents. your time management will have to be on point. 

i’d suggest not taking a full course load if you decide to do everything at once and see how your freshman year goes before adding or subtracting. good luck.",0,0,0,0,0,0,0,0,0,0,0,0,0,0,0,0,
161,i had no idea he was bipolar… people don’t know how debilitating it can be tbh. looks like he is in the g league now and he’s almost 40.,0,0,0,0,0,0,0,0,0,0,0,0,0,0,0,0,
162,"i feel like i just need to vent about my current lack of motivation. i grew up fat so i've tried many, many times to improve myself, and in my early 20s learned i had pcos which was complicating the weight loss. i twice took medication to help me get in shape, in conjunction with diet and exercise, and while i have made positive changes in the last decade i fell off the wagon again about a year ago. 




i just feel like i've fucked up and completely failed. i can't keep taking the medicine my doctor prescribed in the long term because it's really not good for you, and i still haven't figured out how to deal with stress other than eating. it almost feels like what's the point of trying again? and can i even do it without the medication? if i'm just going to keep screwing up, why bother? 




it all feels so hopeless right now. i've been very depressed for the past several months and unlike previous depressive episodes, i'm having trouble shaking it. i tried signing up for a short, weekly class to just try and get back in a routine of exercising, and started trying to at least show up at the gym regularly, but it still feels like shit. i used to look forward to going to the gym after work and having some me time, but now it all just feels like a waste. 




i'm still attending the class each week and trying to hang in there, but i'm just so tired after all these years of attempts and failures. i don't know how to come up with the strength to do it all over again. i feel spent. /rant",0,0,0,1,0,1,0,0,0,0,0,0,0,0,0,0,
163,"i'm really sorry for your loss. 

i didn't lose a friend running, but my best friend died from a sudden brain aneurysm in 2020 so i can empathize with someone being taken away from you with no warning. i met her kids for the first time at her funeral (we live on separate coasts since college) and my first instinct was to pick up the phone and tell her about it. those impulses to call her happen often and are like taking a bullet each time. 

as others have mentioned, what's helped me is therapy and talking to her (in my head) often - sometimes on runs, sometimes when i'm sad and sometimes when i just want to share something funny. 

we went to school in boston together and i'm hoping to bq at chicago this year. she thought running was ridiculous and its one of the things i loved about her, but i'm going to bring her with me anyway.",1,0,0,0,0,0,0,0,0,0,0,0,0,0,0,0,
164,"the last few days i've been feeling really lethargic and unmotivated - i'm also out of town so can't go to my usual gym. however, this morning i managed to do a 10 min blogilates youtube video, followed by  a 20 min beginner yoga video, and i felt so much better for it. really happy that i managed to do something rather than just spending another day being a couch potato :d",0,0,0,1,0,0,0,0,0,0,0,0,0,0,0,0,
165,"baby steps ftw!!!

i dropped 100 lbs really really fast and then gained them alllllll back plus about 40 of their friends. so now i’m trying to go about things the right way. 

i knew i had to get back to the gym because it’s one thing that helps me keep my head on straight. i struggle with compulsive eating so i wind up falling off the wagon. a lot! i needed something more than a 100-day challenge or other such nonsense to keep me going.

i made a list of what i was looking for in a gym:

- structured: i can go to a big box gym and jump on an elliptical or lift weights, but a lovely combination of anxiety and adhd make it unlikely that i’ll stick to it. the only times i’ve ever succeeded in a big box gym were with a trainer. i can’t afford a trainer right now, so i wanted some other program where i could walk in the door and shut my brain off. i want someone else to decide what needs to be done when. that’s one less excuse i can use. 

social: there are thousands of fitness dvds out there (i was even in one!) that would let me shut my brain off and tell me what to do. but no, i need something that gets me out of my house and surrounded by people. even if they’re not checking in on me, it helps to know someone is going to notice if i don’t show up. it’s far too easy for me to skip a workout in my living room. 

proximity: it had to be close to my route home from work. i knew it had to be something i could turn into a habit (listening to the power of habit convinced me and it’s held true). i bring gym clothes with me to work, change before i leave, and drive straight to the gym. it’s never a question of whether or not i feel up to it. it’s just part of my routine. (especially since i almost always dont feel up to it — but i always give myself permission to leave after 10 mins if i really have to)

fun: i’m not going to enjoy a running club, even if it met all three of my other qualifications. for my personality (and attention span!) i wanted interval training. i found a class that’s 50 seconds on the bike, 10 second rest, 50 seconds doing weights, 10 second rest, repeat. over and over for 35 minutes + 10 mins of abs. 45 minutes, i’m a sweaty mess and get to head home feeling accomplished every. single. day. 

i’m still playing with routines that will help keep my eating on track, but it’s all baby steps. for me, the first priority was nailing down the gym so i could keep my head in the game. now i gotta peruse all these responses to get ideas about food!",0,0,0,0,0,1,0,0,0,1,0,0,0,0,0,0,
166,"i'm so sorry you're dealing with this. 

highly highly suggest working closely with a sports doc who understands medium-term covid impact in athletes (as well as any med pro reasonably can understand it at this point). 

gonna overshare a little in case any of this is useful to you: 

based on feedback from my own med providers, and discussions with a friend who is disabled due to long covid, i don't believe my lingering symptoms could be classified as long covid, however i definitely have experienced reduced vo2 capacity, extreme fatigue, prolonged recovery time, intermittent headaches, heightened sensitivity to air pollutants. 

from my providers, i learned that the idea that people ""recover"" from covid within 2-4 weeks post mild or asymptomatic infection doesn't seem to be true for a lot of endurance athletes, but there does seem to be a growing body of evidence (sorry for not citing sources) that fatigue and inflammation can improve within 3 to 6 months. 

about 2 months post infection, my aerobic hr zones began including my pre-covid pace zones again. 3 months post infection it was possible to reintroduce anaerobic training up to about 10% of total weekly load, but certainly not yet 20%. i'm not doing any short course racing this year so that's fine for me. not sure how your own vo2 recovery might inform your boston training, but i just want to suggest it's possible you may be able to recover well with some modifications in the time between now and then. 

re: fatigue, at 2 months post infection i still felt i needed to nap or at least lay down midday each day. 3 months post covid i alternated between 1-2 high energy days, 1-2 days of fatigue, rolling throughout the week. 4 months post covid i feel like myself again. but since we're heading into fall i'll probably stick with increased rest and stay cautious with vo2 max work during off season. the next phase of recovery is sports doc monitoring my return to heavy lifting. real curious how that will go. 

for me, prioritizing sleep, increasing protein intake, and ongoing monitoring by med providers has been key.  coach switched my recovery weeks from every 4th week to every 3rd, sometimes even every 2nd week. seems to be working.   

also learned that increased anxiety and depression are common post covid due to inflammation, so that helps me cope a little with the emotional side of things. 

otoh, if you've developed long covid, there are a lot of providers and researchers working on treatment protocols. you deserve to be connected with them if you need it. good luck to you, heal well.",0,0,0,0,0,0,0,0,0,0,0,0,0,0,0,0,
167,haha for sure i wanted to start my bodybuilding journey about 4 years ago but mental health and other issues kept me from doing it at 16. last year easily was my worst year but i found a passion for fitness and bodybuilding helped so much with it. im also an introvert so i dont have any friends so after uni i found myself really bored and like depressed so yeah decided to make videos get over my fear of people and maybe one day can help me get over my insecurities such as eczema and ibs.  lol! the doms are insane on nsuns but it does work really great. for sure if youre bulking and have free time the 6 day program is great but very hard to recover if youre cutting.,0,0,0,0,0,0,0,0,0,1,0,0,0,0,0,0,
168,i started running city strides while visiting my in laws! nothing like a mental health run.,0,0,0,0,0,0,0,0,0,1,0,0,0,0,0,0,
169,"&gt; how about you quote the next sentence? so i'll pose the question to you instead: have you never met someone going through rough times that is still a nice person?

it ain't an excuse, it's an explanation. an excuse says that he did nothing wrong. no one's saying the ben did the clear-cut right thing in practice. they're giving potential context for why he did what he did.

but you have such a black and white view of things that you can't tell the fucking difference even though the top comment on this very post explains it clear as day!

i've met those people because i've been that person. people suffer through their mental illness and/or mental health struggles in a fluid fashion. i've had days where i was amicable, days where i was upbeat, and days where no one would have wanted anything to do with me. it's a balance, and a really hard one at that. dealing with mental health struggles is fucking hard. people like you just make it harder for people going through shit like this.

&gt; people deal with adversity in different ways and at least for me, i believe that's when peoples' true colors come out.

yeah, and every single one of the people going through adversity deserves sympathy and empathy and people who will look past their reactions to see the suffering that's going on beneath the surface, regardless of what their true colors may be.

your entire schtick is basically ""nobody deserves empathy for anything!1!1!""

&gt; there's no excuse for being an asshole.

he didn't do a practice drill for a coach that straight-up said he couldn't be a championship point guard. that's it! 

yeah, it ain't great, but lets not act like ben did anything truly awful like pulling a latrell sprewell or unleashing hell with slurs and shit.

he didn't want to do work for a coach that talked shit on him. even if we weren't talking about mental health, i could still see where ben is coming from. why would anyone want to work for a boss that so publicly said something as damming as that about them, or alongside a co-star who straight-up blamed the game 7 loss on him alone?",0,0,0,0,0,0,0,0,0,0,0,0,0,0,0,0,
170,"i'm no expert so take this all with a grain of salt, i've been working out for 2 years and while my results havent been as impressive as others, i'm very happy with my progress.

im 5'3 and have similar curves/waist to hip ratio. i even started on tls aswell! however i think my starting weight was ~130 and i'm up to ~134lb. and i was weak and uncoordinated.

dont get overwhelmed and burn out trying to make sure everything is perfect. it wont be perfect and it doesnt need to be. i've calorie counted off and on but mostly use intuitive eating as i just dont have the energy to micromanage my life. i've tried! what works for you may not work for me and vice versa.

eat at a hundred calorie deficit if weight loss is a goal, it shouldnt have much of an effect on your gains. you're still new in it and over the next year, just practicing mindful eating and making an effort should bring awesome results(as long as you're pushing your self in the gym)! it wasnt until the 6 month marker that i looked in the mirror and said ""damn!"". granted i've gained a bit of weight and when i look at the numbers on paper i feel heavy, when i look at myself in the mirror i'm happy. 

i'm rambling, but my point is to just enjoy the process, make mindful decisions, eat a little less if you want lose weight(im talking like 100 cal), eat a little more if you want to gain. maybe up your protein intake closer to 100g when you can :)

dont forget that your muscles retain water when stressed(new movements) and we have very cyclical horomones that can have crazy effects on our weight and body appearance.",0,0,0,0,0,1,0,0,0,0,0,0,0,0,0,0,
171,"i was/am in the same situation: every time i started to breath hard and sweat, i got terrified i'm about to pass out -- and i then wanted to stop running.  

here's what helped me: data.  everything changed for me when someone showed me how to get information about my heart rate and then use it.  

basically, even when my heart rate is relatively low (around 140) i \*feel\* afraid of passing out.  but now i \*know\* that my body can handle 140: 140 is solidly in zone 2 for me, and even if my zones are off and 140 is ""really"" zone 3 or whatever, that's still not passing-out territory.  so when i get freaked out, i look at my heart rate, and if it's relatively low, i tell myself convincingly, ""i'm ok.  my body can handle this. my heart rate says i'm far away from any danger."" it is very effective for taking off the edge.

also: i avoid running in direct sun, high heat, high humidity unless i'm in good shape and feeling confident.  the heat really increases my anxiety, so i often run at night during the summer.",0,1,0,0,0,0,0,0,0,0,0,0,0,0,0,0,
172,yooo. been a bit “detached from it” since the whole larson thing. was such a huge fan of him and then he said that. now i just don’t wanna invest the energy into it again,0,0,0,0,0,0,0,0,0,0,0,0,0,0,0,0,
173,"do you run when sleep deprived?

i’ve been on a new medication that causes insomnia. i generally only like to run when i’ve had a solid 8 hours of sleep but i’m getting behind on training! was thinking of doing a light run today. i definitely feel tired though but maybe it’ll help tire me out so i actually fall asleep tonight.

thoughts?",0,0,0,0,0,0,0,0,0,0,0,0,1,0,0,0,
174,"celtics had a domestic abuse case (with mental health issues) 4 years ago and didn’t cut the guy, it’s probably worse, or at least more embarrassing.

&gt;	on july 26, 2018, the boston celtics re-signed bird.[9] on september 8, 2018, bird was arrested and is facing domestic abuse and kidnapping charges. bird was placed under police guard at a hospital, as was his alleged victim.[10][11] before the incident occurred, it was revealed that bird was previously dealing with emotional issues, including panic attacks.",0,0,0,0,0,0,0,0,0,0,0,0,0,0,0,0,
175,"you're putting yourself in a negative feedback loop. i would honestly quit watching the youtubers you've named because their lives aren't real and aren't going to apply to the average woman, especially one battling depression. i cut all those out a couple years ago because it contributed to my sads. 

when you do an exercise, know that everyone thinks it's hard. strength training, for instance, is literally creating tiny tears in the muscle fiber. that's hard! my legs jiggle like crazy even though i have been powerlifting for a couple years and you know, once i made peace with ""i want to be strong"" rather than ""i want to be aesthetically perfect like a robot instead of a human woman"" my life got much better.

i know the brain weasels you are battling. they are insidious. know that you are not alone, and give yourself permission to start slow. on a nice day, go for a 15 minute walk. that's a workout. then when that feels okay, add in a little something extra--a yoga video from online at home. little by little. be well &lt;3",1,0,0,0,0,0,0,0,0,0,0,0,0,0,0,0,
176,hard to make it that far if you have anxiety like that,0,1,0,0,0,0,0,0,0,0,0,0,0,0,0,0,
177,"judgements are based on the context provided by the author, not the unlimited hypothetical scenarios you can come up with in your head. it's also possible that the gym in question uses rattle snakes as floor padding, but i think the author would have mentioned that. given that he did not mention any debilitating social anxiety or abusive behavior on the part of his ex, i think it's safe to assume that those are not integral details to his predicament.",0,0,0,0,0,0,0,0,0,0,0,0,0,0,0,0,
178,"every minute of every game the bruins are in makes me sweat, tremble with fear, have anxiety attacks, and hide my face in my hands. it's great!",0,0,0,0,0,0,0,0,0,0,0,0,0,0,0,0,
179,"as someone with pretty bad social anxiety i'll share the process i went through. at first, i needed to jam earbuds in and turn up the volume just to get outside and walk. over time i needed the distraction less and less, and now when i go out i don't need it at all.   

my first forays into intermittent running were done on trails in the woods. as i approached a hill i checked all around for anyone in sight. then i ran up the hill as fast as i could. (with bad running form hills are much easier on your body).   

eventually i began to run longer and longer distances, but only out of sight of people. once i was able to run for more than a minute at a time, i began looking into running form, to see if i could actually do distance running. i picked up my cadence, shortened my stride, and ran for over 20 minutes straight. by 10 minutes in, runner's high had set in and i think i would have just grinned like an idiot if i had passed anyone.

the more i run, the easier it gets. for my long runs i start outside my apartment on a busy road, head up through the woods, and back down. i still think about what others see as i go, but i recognize those as intrusive thoughts. they don't have any importance, and are just a distraction. so i discard them, and focus on my footfalls, my breathing, and if i'm going to have to dodge something in the next few seconds.",0,1,0,0,0,0,0,0,0,0,0,0,0,0,0,0,
180,"overuse injury, problems sleeping or getting rest, generalized fatigue that doesn’t abate; particularly in am, mood swings (hyper highs and lows), major change in diet.  increasingly doping up on otc pain killers when training. no recovery after a day or two off, loss of interest in training, cold or unexplained illness you can’t shake. 

nip these in the bud and you’ll be fine.",0,0,0,1,0,0,0,0,0,0,1,0,1,0,0,0,
181,lately i've felt like i was going through the motions and was questioning why i still even lift other than my never-ending feelings of inadequacy. but today i had one of those sessions that reminded me of why i fell in love with lifting in the first place. hit 225x5 on incline bench which has been something i've always wanted to do. maybe i'll finally slay that 315 flat bench beast soon.,1,0,0,1,0,0,0,0,0,0,0,0,0,0,0,0,
182,"i think people's confusion around this info is understandable. i worked for one of the gyms for 6-7 years and there's absolutely a bunch of bullshit labor practices happening, although pay is probably the biggest one. having conversations where even $1/hr raise was out of the budget, but also being told to be excited about the opening of 2-3 new gyms is an almost surreal experience. knowing people who worked in accounting also pointing out the sheer profit and the complete redirecting towards expansion over employee pay, medical benefits, or maintenance, just added to that feeling. they do the same ""work just under full time"" as so many other companies that prioritize growth and investment over all the people working for them. pay for the desk positions was slowly getting better, but pay for coaching and setting was and still is awful. it's also generally awful across the industry and it's really important for people to be aware of this.

however, when i worked there, especially towards the end, i talked to quite a few members about it and almost all of them were unaware. everyone i talked to was supportive, but it's really challenging to get enough people who worked there to speak up about any of it, and loud enough for the public to hear. employees are (understandably) afraid of losing their jobs. pay discussion is discouraged. most people aren't up to speed on labor laws and the company makes it harder to understand. i've seen multiple attempts at trying to talk about collective action resulting in getting fired. people get burnt out (or injured) and give up. i love that one gym unionized and i love that there's one instagram page talking about these issues because it's better than nothing. but i also feel like they're not super thorough with their posts, and they aren't super informative for people with no experience working there. there are a lot of issues with movement (although i'd say pay is the biggest one), but people really need more specific info to help them understand why it should be important to them. 

i appreciate op posting this. bringing a little more awareness of the needs and efforts of unionizing will only happen with more people talking and sharing about this. it would have been nice to post screenshots of all the pages in the ig post, since there is more info on other slides and reddit allows for multiple images.",0,0,0,0,0,0,0,0,0,0,0,0,0,0,0,0,
183,each one of my gym sessions in the last couple of weeks has been absolutely killer (in a good way). i'm finally feeling like i'm making some decent progress on all my lifts and figuring out a diet that actually works for me without restricting me too much. i'm just so stoked to get to the gym tonight to lift and climb. its also been a really great distraction from dealing with my breakup during the week,0,0,0,0,0,0,0,0,0,0,0,0,0,0,0,0,
184,"i kind of did this. i don’t track calories. when i started lifting weights, i did track protein for a bit. that got exhausting, so i just started making sure to eat more protein and kind of sort of loosely tracking. 

i put on about 25-30 pounds of muscle in my first year of powerlifting. i had to buy all new bottoms pants and skirts. 

i continue to eat intuitively and work on improving my lifts. when i was running nsuns over the summer, i noticed i was eating *a lot* more than usual.  now i’m back to 5/3/1 and eating less because i’m less hungry. 

i don’t track calories or macros. i am starting to think that to push to the next level with my lifts, that i might need to track to make sure i’m eating enough. it’s a scary thought because i have a history of eating disorder. (for the record, i am also 5’10”, so i need a lot of food.)

so anyway, yes, i think it’s a thing. it worked for me.",0,0,0,0,0,0,0,0,0,0,0,0,0,0,0,0,
185,"37 year old here. played my last basketball game in 2015. i can't jump anymore, since 2016 and i literally mean, i can't. or else my neck/back gives out. fucked up c5-c7. just not having basketball led me through a mini-depression because it was my outlet.

i did that thing you are telling people not to do. i tried to keep up with the 21 year olds and it may or may not have cost me. in 2018, i'm now at peace with the fact that i can never play again, but i can't even imagine what it is like for someone who has turned that into the sole focus of their life. if it took me a month or two to recover mentally from a ""hobby"", can't imagine rose, roy, or oden... etc.

it's tough on the body but even tougher on the mind.",1,0,0,0,0,0,1,0,0,0,0,0,0,0,0,0,
186,"my physical therapist is very into dry needling and blood flow restriction training (which i’ve asked her like 3 different times to explain to me how it works). i had pretty bad needle anxiety for a while there, so i wouldn’t let her try the needles until we’d exhausted everything else. 

she’ll give cupping a try, if other stuff isn’t doing the trick, but i generally respond really well to scraping so it’s not something we turn to very often. plus i don’t want to force her to clean all those cups every time; they seem like they’re a real pain to deal with. 

(and if you’re asking why i have a regular pt, i practice aerial arts, and it turns out that when i sit hunched over at a desk all day and then do a bunch of pull-up’s in the evenings with less than perfect form, it really screws up a lot of stuff. also i have *really* good health insurance.)",0,1,0,0,0,0,0,0,0,0,0,0,0,0,0,0,
187,"you're doing great, small steps at first. big 30 mile runs by the end! no getting rid of this addiction.",0,0,0,0,0,0,0,0,0,0,0,0,0,0,0,0,
188,"summer depression is back boys 3rd year in a row. hopefully summer motivation will also kick in mid way and the rest of the year will be sort of one-off depression as always.  
  
also just got a good reminder why i shouldn't spend more time than i already have being stuck on someone who ain't shit. wasted over a year and first year of university being a pussy. fuck that. no more of that shit. time to fix up.  
  
i'm guilty of this so i'm speaking from experience. there's no point in wasting your time focusing on someone who moved on from you a long time ago. while you're there sulking in your head, ignoring the things life puts in front of you, that person is probably out their getting their brains fucked out. you're better than that. we all are. there's no cure but a reminder is always good. keep trying bros, i will too.  
  
on another note tomorrow will be the last time i workout in my beautiful uni gym before having to go back home for the summer. i'll sure miss it.",1,0,0,1,0,0,0,0,0,0,0,0,0,0,0,0,
189,"nah. most people are fine of course. i think it’s just very important to be aware that this is happening to people and can happen to you. if you usually monitor your vitals and you notice something not being 100%, take a step back. if it doesn’t feel right or you are fatigued still, stop.

i think a lot of athletes - especially at the top of their game - are being pushed to continue fighting through the fatigue  and seemingly minor issues by their “post-covid unaware” coaches, and then things escalate from there. same with people who are addicted to exercise and are scared of losing their gains. they will just try to get back in the gym asap and make up for the days they were sick.

don’t get crazy anxious, just be aware of your body and how it is responding and don’t brush it off as “oh it’s just because i had covid, it will be fine”. rest. have a basic checkup done if your heart is a bit more elevated or jumpy than usual, or if you feel fatigued or breathless. take it easy. viruses are hard on the body and covid especially is very much a cardiovascular illness.",0,0,0,0,0,0,0,0,0,0,0,0,0,0,0,0,
190,"how do you guys accomodate your lifting routine when you're have high stress and anxiety. i have been running greyskull lp and have stress and anxiety. yes, i'm working in reducing external stress and anxiety.",0,1,1,0,0,0,0,0,0,0,0,0,0,0,0,0,
191,"could that tie in to the “shell” his trainer talked about? if it is true that he tries to appear outwardly detached, it’s plausible he wouldn’t want to bring up his family and risk being vulnerable",0,0,0,0,0,0,0,0,0,0,0,0,0,0,0,0,
192,"i had a lot of health anxiety and was battling depression. losing weight (through both exercise and gastric bypass) has dramatically improved my mental health. i still battle the health anxiety from time to time, but just knowing that my body is healthier has reduced that to maybe once in a few months where it was happening almost daily a year and a half ago.

i also keep less stress on my because my runs and lifts allow me to shed that stress and turn my negative energy into positive motivation.",1,1,0,0,0,1,0,0,0,1,0,0,0,0,0,0,
193,"all you ladies are truly doing amazing, and i wish i had something as impressive as signing up for a marathon or winning a weightlifting competition. anyways, my accomplishment is making it through my entire ""group circuit training"" class yesterday without stopping or crying. i have extreme social anxiety and i'm not a very fit person (yet). i was the last person on everything for reps and the class kept cheering me on (which is the exact opposite someone with anxiety wants). but i did all the exercises, and didn't cry until after class. well now i'm laying in bed sore as heck (day off) but also really proud of myself for stepping out of my comfort zone. thanks for reading (:",0,0,0,0,0,0,0,0,0,0,0,0,0,0,0,0,
194,it's got to suck to be his teammate too.  trying your hardest but knowing you're just not good enough to be in that spot.,0,0,0,0,1,0,0,0,0,0,0,0,0,0,0,0,
195,"came to say this. sometimes when i’m browsing classes to build my stack i feel like i’m getting the same dopamine hit that social media gives me. there’s a lot to choose from and i love stacking 10 minute classes because it keeps me interested and focused for short spurts of time. i also struggle with depression and anxiety, so getting workouts in is super critical for my overall mental health.

less adhd related, but i also love the challenges on the app, they keep me motivated. you can enter challenges yearly (total minutes) or monthly (# or distance if workouts per discipline) and it gets me excited about working out. sometimes i justify my dopamine slot machine time (lol tiktok) by going on a walk on the treadmill and using the app to time it so i get minutes towards my 15k annual goal… i also watch a lot of tv while walking on the treadmill.",0,0,0,0,0,0,0,0,0,0,0,0,0,0,0,0,
196,"maybe this is too simple but is it possible to lose weight without calorie counting?
i hate what it does to my habits/brain
if i focus only on eating more protein, would that be enough?",0,0,0,0,0,1,0,0,0,0,0,0,0,0,0,0,
197,"i feel like there's a million reasons why i run and i've always struggled to sum it up well. i run for the physical benefits. i'm 28 and in the best shape of my life by far. i can wake up in the morning and run an easy 6 miles no problem. i ran my first 10k in 2015 and honestly had no idea how i was going to get through it. i'm at a point where i don't believe there is a physical challenge i can't take on provided i have the time to prepare for it. as someone looking to be hired by a police dept. it feels great knowing i'm in much better shape than most and would be able to really stand out in an academy. 

i run for the mental benefits. running is an antidepressant for me. if i run in the morning by evening the next day i start to feel down, i feel like i haven't ran in forever and i'm dying to get back out there. running helps clear my head. i'm able to just zone out and focus just on my run for an hour or so. running has boosted my confidence and has taught me that with hard work i can do anything i want to.  

then there's the competitive part of it. i'm very competitive but the great thing with running is i'm more competitive with myself than with others. of course i want to catch the guy who is running just a little faster but my ultimate goal is to improve. i enjoy continuously pushing myself to higher levels i want to see how far i can go. i love being able to see my improvements month after month and year after year. i'm currently averaging around 6.5 miles per run the beginning of the year i would've never thought that was possible. i didn't understand how someone could possibly manage a 10k every time they went out.  high school me could barely manage a mile. i would never in a million years thought i would be calling myself a ""runner"".",0,0,0,0,0,0,0,0,0,1,0,0,0,0,0,0,
198,"i've self-diagnosed myself with tendonitis on the inside of my left elbow. yes, i've been to a doctor about it but without having and mri, they can't really see much of what's going on.

this has been on going for 5+ years and it really flairs up once a year. all the money and time i've spent making and eating food. all the money, time, sweat and tears spent in the gym making gains and seeing progress with my body. everything goes out the window when my arm starts hurting again. i can't do any upper body workouts. no pushing. no pulling. hell, it even hurts to pull a door open when i'm just living my life.

i know i should go get an mri, but the doctor said that if it is tendonitis, the best treatment is rest. a majority of my life is built around eating and working out and not being able to workout upper body is killing me.

i started doing legs twice a week but it's not the same. i feel empty inside. i feel like i've just been waisting my time. every time my arm hurts, i have to start back over again and it fucking sucks.

not really sure what i'm looking for. i guess i just needed to vent.",0,0,0,0,0,0,0,0,0,0,0,0,0,0,0,0,
199,"burnout, injury, lack of funding, plenty of reasons",0,0,0,1,0,0,0,0,0,0,0,0,0,0,0,0,
200,"this is really true. i have seen alot of beginners, young students from school, in the gym starting to workout in for example summer holidays. they would go straight everyday for one week and then more and more less. to every beginner here in this thread: begin with 2 to 3 times a week. this is totally enough. you will realise that weightlifting is so much more than just wanting to get bigger and look better. for me it got really mental. it is kind of therapy for me, where i can feel comfortable and work on myself. usually i dont think about anything while i do my workouts, but all the bad stuff that puts me in pain wont be there anymore after leaving the gym.",0,0,0,1,0,0,0,0,0,0,0,0,0,0,0,0,
201,"they don't always feel fine.  many joes are crying into their cereal every morning, stuffing their face with cake while weeping.

if you get too much sugar buzz no matter who you are, your cells block sugar absorption and your brain craves the hihg-energy buzz, but can't receive it any more, so you get in a loop of wanting more and more. and you feel emotionally terrible and also burnt out, and end up on mad binges.

if you fast (0 cal)  for 24h (just have coffee to kill hunger) you ""reset"" your cells to accept carb again.  i.e. you lose your insulin tolerance. then just dont go crazy again.  nothing else really works. in my experience.

it has nothing to do with lifting, you can't out lift a giant intense saturation of sugar, it's the saturation of sugar in your bloodstream and your cells closing their doors, like if people kept ringing your phone, or ringing your doorbell, you wouldn't answer it anymore.  so then they aren't absorbing energy at all - and that makes you crash  and also have stupid amounts of sugar left in your blood not being used.  fast 24h to reset it and the cravings gone.  otherwise you can go years and not get it under control

so if you have 1 cake its not gonna go crazy, but if you start ramping it up, 3,4,5 increasing amounts  and downing giant xl cola's, you've got no chance.  then you lust for the crazy sugar buzz again, but you can't get it. but you want it and it drives you to distraction and you get emotional and 'lost'.

theres a few other things, if you eat white bread or white pasta or rice or whatever, but mix it with animal fat: butter, lard, tallow/dripping, it basically turns it into a complex carb - so white bread and butter is actually not bad - the fat gives slow release calories.  if soaked, the animal fat slows down the digestion so you shouldnt get the crashes.  alternatively find complex carbs that take longer to digest, but aren't as ""fun"" because they don't give you that sugar high you like off white rice or white bread etc. so brown rice, potato (not mashed) i'm not sure about brown bread, oats.  it's never going to be as fun as white jello sandwiches, but you also won't end up a mess.",0,0,0,0,0,0,0,0,0,0,0,0,0,0,0,0,
202,"yeah everything's good. stressed out a bit from school/work, but there isn't anything majorly wrong. just the usual depression stuff; feeling like i'm not good enough, my work in the gym or boxing isn't paying off, that i'm gonna do terrible in school, that my future is over before it even begins lmao. all that fun, stuff that my brain gets stuck on occasionally. 

it'll pass after a bit, thank you :)",1,0,1,0,1,0,0,0,0,0,0,0,0,0,0,0,
203,for me it's an ongoing thing. i absolutely push my limits until i get a rush from it but even working out daily isnt enough to counteract the depression. as for safely i'm not sure what u mean outside of proper form and not over doing it but other than avoiding normal workout injuries just push till u feel better and maybe u bought urself 2-3 hours of the day where things are better than usual. good luck.,1,0,0,0,0,0,0,0,0,1,0,0,0,0,0,1,
204,"i don't think exercise should ever be used as a band aid for mental health needs. however, exercise does have a biological process that helps release endorphins and other things, so i think it can be a very important aid on the road to wellness.

for me personally, it was a compromise. i knew i wanted to exercise. i knew i had a limited amount of time so i committed to couch to 5k in february of this year. in the beginning it was really hard and i felt so embarrassed that my body had gotten so overweight when i had played sports all throughout high school and into college. i didn't do c25k very seriously because i was really working on eating healthier. however, when you run (or do any exercise) you put more thought into what you are eating. so when i got over life stressers without flubbing up my healthy eating habits, i really geared myself towards running a 5k. i now run 2.9 miles twice a week (during my lunch) and do strength training 3x a week. i did a 5k in 16 degree weather at 38 minutes and i am pretty proud about it. 

i get pretty moody about 10 minutes before i run because i don't want to (i'm lazy at heart), but afterwards, i always feel so proud of myself. i think that really affects your demeanor and your confidence. i also feel better about my body. i am still in the obese section when it comes to bmi, but i know that i am much healthier and my body looks much better. those two things make me feel just better about the skin i'm in. 

this may sound vain but that's ok. it's ok to be a little vain and proud of yourself.",0,0,0,0,0,0,0,0,0,1,0,0,0,0,0,0,
205,"yooo, i'm a 5'2"" lady who gets to eat a whopping 1,200 calories a day so i feel this. my favorite fruits to eat when i just wanna eat a for awhile are blueberries and pomegranates. blueberries are just low calorie in general - you can eat a straight up pound of them for 230 calories. pomegranates are the best absentminded snacking food since you gotta work for them, you could look down after 2 hours of watching tv to realize you've finished the whole fruit - a whopping 233 calories.

&amp;#x200b;

you've been weightlifting and running consistently for a year with amazing results - 60 pounds?? nice!! but that is a really time intensive routine and it's not hard to imagine that you're just burned out on it. that's okay! doesn't mean you failed, it just means this particular chapter of your fitness journey might be over. you don't get brownie points in heaven for doing workouts you hate, and despite what this subreddit might make you think, there are lots of other ways to stay in great shape without drudging your way through the same compound lifts 4x a week.

&amp;#x200b;

first, take a week off. yes, a full week. relax. you will not gain a crazy amount of weight in a week, and it was a huge psychological relief to realize that. in november i went to japan for 2 weeks and ate everything that wasn't nailed down and didn't work out at all and then i ate even more and i came back a whopping pound heavier. so take a week, relax, grab drinks with friends, go out to a nice restaurant, and remember that the point of being in good shape is so that you can enjoy dining out and getting drinks *guilt-free*.

&amp;#x200b;

now spend a week back in the gym at your old routine. go through your normal workouts, you might be lifting a few pounds less after that break but that's normal. how do you feel at the end of the week? was it jazzed and you feel refreshed? or are you still 'ehhhh, i'm over this'? time to level up and try something new!

&amp;#x200b;

have you tried switching it up with some other activities? you're in terrific shape after all that lifting and cardio so you could do anything. spring's around the corner - try joining a local pick up soccer team, or a dance studio, or something like that. it's super fun and motivating and *social*. you don't have to quit cold turkey if you're worried about gaining weight back, but just try cutting out 1 workout a week and replacing it with a soccer game or pick up basketball or something like that. see what happens! set a reminder on your calendar 1 month from now to weigh in and see whether you gained any weight back. i bet ya a dollar that you won't.

&amp;#x200b;

you're doing great, and being tired of your routine after a year is completely normal and (in my mind) a sign of progress. what does worry me is the psychological toll. there are a lot of reasons you might be feeling that way, so if you follow these suggestions and still feel this way, consider checking in with a therapist and see what's up. but honestly, the simple fact is that you're currently spending a lot of time on 2 solo activities. try a social fitness activity and see what happens. :)",0,0,0,0,0,1,0,0,0,0,0,0,0,0,0,0,
206,"i highly recommend writing down your cues for tomorrow. this is just some random things use whatever cues work for you hell tape the damn thing to the erg and read it to your self. i like having something to keep my mind strong when it gets hard. find words that work for you and just execute that plan. helps with the anxiety for me. good luck you got this.  

you did all this work. no quit!

&amp;#x200b;

take 10 hard strokes get pace to x. 

settle into pace x until y meters. 

500m how do i feel? is pace good?

1000m hold pace x. how do i feel? 

1500m ok hold on you got it. pace x

1700m time to hit the rev limter. this is for the win.",0,0,0,0,1,0,0,0,0,0,0,0,0,0,0,0,
207,"not so much a story. but a thank you. a thank you to the gym for not only helping me become a rock, but being my rock. my wife told me recently that she's not in love with me anymore. the gym is there for me right now. a form of therapy. an outlet for fear, anxiety and depression. a place to heal.

thank you. now let's take what i'm feeling and put it into my legs",0,0,0,0,0,0,0,0,0,1,0,0,0,0,0,0,
208,"stop worrying about going over your goal weight for now - you're underweight and obsessed with keeping your weight down. start talking with a proffesionel about your eating disorder. try to eat something like 2000 kcal per day, more wouldn't hurt - at quit doing daily intense cardio, because you're going to be trying to use it as a cheat key to undo your intake. 

but the most important thing is to start dealing seriously with your obsession with starving yourself.",0,0,0,0,0,1,0,0,1,0,0,0,0,0,0,0,
209,"overtraining, running and coping with anxiety: i would like to hear some tips on training with stress and anxiety.

i have been exercising for 20 years, half my life. running, going to the gym, cycling, swimming, walking. something every day. obsessively. i can’t take a day off since i feel compulsion to reach my daily activity level during the morning. 20 000 to 30 000 steps every day. daily activity level near or above 200% every day. every week i've done a minimum of 7 hours of exercise + a fair amount of everyday activity on top. this summer i have done 12 hours of exercise every week. mostly above 130 bpm.

the last couple of years i have been really anxious and have tried medication and therapy.

not only my mind but also my body has been quite shattered along the way. there have been pregnancies, asthma, hypothyroidism, anemia and rheumatoid arthritis most recently. there has also been a long history of diarrhoea for which no cause can be found, despite extensive examinations. i have been on asthma medication for nearly three years due to mucus. blood tests, lung scans and endoscopies have been done.

my running pace has been stagnant and
i'm wondering if anxiety is the reason for the drop in results or if the anxiety, diarrhea and mucus are the result of training too hard.

and does it even matter which comes first? how do you get out of this?",0,1,1,0,0,0,0,0,0,1,0,0,0,0,0,0,
210,"have you kept yourself that busy for the past 9 months that you didn't give yourself time to reflect on it? maybe it's catching up with you dude. good you're keeping in the gym and staying motivated in that department, but don't neglect your mental health.  

i'm sure you'd rather be in a stable place if taking tren anyway man, that can come later. along with other women/opportunities that come your way.",0,0,0,0,0,0,0,0,0,0,0,0,0,0,0,0,
211,you won't have any energy if you don't eat though.  if you want to eat less on your rest days then go for it.  but eat some meals.  not eating doesn't help your motivation or mental health either.,0,0,0,0,0,1,0,0,0,0,0,0,0,0,0,0,
212,"i started exercising in early 2017 to deal with the stress, anxiety and sleeplessness from my divorce.  it originally took the form of spin class.  i needed to be more social and found a running group that would do a 3 mile lap around a local lake and then go have a beer together.  i did this once a week for several months.  this then turned into my first 5k, then 10k and now a half marathon next month.  the tuning group has thousands of people and multiple runs daily.  i now attend the 7am sat run that has from 30-50 people that splits into smaller groups that run anywhere from 3-12 miles.",0,1,1,0,0,0,0,0,0,1,0,1,1,0,0,0,
213,"i think what the above person is stating is that the calorie deficit over time is where 95% of the results come from. then about 2% rest and sleep of the body, and maybe about 3% exercise. 
hence why focussing on doing such large stretches of training is not conducive to results as it just leaves you worn out and tired, and wanting to eat more, less motivated, physically low in recovery and dehydrated. you don't need to worry much about exercise other than for movement, mental health, enjoyment as it's not the way to lose weight. 
if you want to build muscle training is the way but it won't be with large bouts of cardio. the results will be seen if you consistently stay at a sustainable calorie deficit over the whole year day in day out.",0,0,0,0,0,0,0,0,0,0,0,0,0,0,0,0,
214,"omg man you're 14. i just looked at your post history to see how old you are...it's not too late lmao. i'm jot saying you will make it to the nba or even pro but if you truly love the game do not stop playing. play pick up games, 1v1 with friends, practice, enjoy it. you're far too young to be talking like this man. i'm 30 and have suffered from anxiety for years and it definitely stopped me from reaching my potential in sports and life. but i kept working at it (meditation is absolutely excellent, if you need any advice ask) and kept playing. no i never made any money from hoop but i made friends and memories for a lifetime. anxiety is basically self sabotage bfor your brain, it prevents you from doing things you truly want to do, like hoop. believe me man i've been in my head most of my life, separate your dream of going pro from your hobby. going pro isn't eh be all end all, you can learn so much about life from the process of improving. let me tell you something too, i recently played rec ball with my school friends and we shot the shit after about our school days. you know what we remembered? the trips, the random moments before or after practice, hilarious airballs or fouls etc. hardly any of us could remember the games or small details that happened in the games. things that seemed like a big deal at the time are gone, what's left are all the precious moments you didn't even realise were that important at the time.",0,0,0,0,0,0,0,0,0,0,0,0,0,0,0,0,
215,"so, i have been sidelined a bit over the last 10 years (generally related to having some work in latin america in places where i found it unsafe to run), but i remained active during those timeframes, so i still stayed fit. from summer 2010-spring 2012 i suffered a very real case of post-high school xc burnout, after being consistently overworked for 4 years of high school xc (with 2 years in middle school prior to that), but after that i got back into things and haven't stopped since, except for the aforementioned safety circumstances. even when injured i've always found doctor-approved ways to train through it to maintain fitness. anyway, my $0.02: 

* i've kept up consistency because i've worked so hard to get to where i am. years ago, i never could have imagined that i'd ever be able to run a low-5 mile, a mid-17s 5k, etc. shit, i'm hoping to run a 2:55 marathon this fall. it blows my fucking mine that i've gotten to this point *entirely because of me*, so the last person i want holding myself back is, well... me! lol
* injuries happen, but unless there is truly no other alternative, don't let the injuries define you. i once was sidelined from running for almost half a year by 3 stress fractures in my femur. shit's insane. and guess what? with doctor approval, i was in the gym 5 days a week *while on crutches*, swimming 1-2 miles every day to stay fit. as i transitioned into being allowed to do additional activities with slightly better carryover to running (exercise bike w/o resistance, then spin w/ resistance, then elliptical w/o resistance, then w/ resistance, then lifting), i continued working out 5-6 days per week (some days doubling things like swimming + spin, spin + lifting, etc.), all within approved parameters from my doctor and physical therapist. when i was finally able to run normalish (still low) amounts again, i found myself feeling like death, but not actually being that far off of my prs. i prd my main event (5000m) a few months after i started running again, entirely because i refused to let my catastrophic injury define me.
* running is a constant in my life. even if i for some reason believe otherwise, taking an extended period off of running does not make me feel better, it makes me feel worse. i've been running regularly since i was like... idk, 12? it's just a part of who i am, so training for it simply isn't optional, it's like brushing my teeth: my daily tasks aren't complete until i've gone running.
* that said, to avoid burnout like my phase after high school, *allow yourself breaks when you really need one*. some people swear left/right/up/down about ""streaking"" (lol), which in running terms refers to running at least 1 mile every single day, no matter what. there's even a sub for it. i am not one of those people. i'm glad it works for some, but if my body is aching, i'm fatigued, and i'm starting to resent running, sometimes all i need is 3-5 days off until my mind is reset, i want to be running again, i miss it, and i'm excited about it. i don't run if i'm really sick anymore (though i'll power through a minor cold). those are the types of things that i used to obsess over, and i now realize that taking some days off here and there aren't going to negatively impact years upon years of training.
* this last one seems simple, but i think it needs to be stated regardless: don't do shit you don't enjoy! so currently i'm not a *great* poster child for this, because i have an upcoming fall marathon and honestly i simply don't like marathon training, but i do have that time goal, which is mostly why i'm putting up with it. but i will never be a ""marathoner"". i'm not a fan of the event or the training, i feel it really beats up my body, it's just not for me. i also don't think i'm missing out on anything by not really being that interested in ultras. i can train just as hard as (if not harder than) many participants at ultra events, while focusing 100% on the 5k. no distance is ""better"" or ""more impressive"" than any other when the training has been properly executed -- the training is just different. so if you find yourself enjoying lifting but hating powerlifting, well then... don't do powerlifting, do olympic lifting or strongman or something! if you find yourself loving cycling but hating centuries... don't do centuries! if you find yourself enjoying yoga but hating the mindfulness/namaste... try pilates instead! i thought i'd immediately love the marathon on my first shot, and turns out i couldn't stand it. i'm tolerating it now, but it's not like i'm out here trying to plan for a bajillion marathons or anything.

ok sorry that was so long but i hope it's helpful to someone/anyone!",0,0,0,0,0,0,0,0,0,0,0,0,0,0,0,0,
216,"it depends who your employer is.  someone in my company did take unpaid time off for mental health related issues.  whenever we have a funeral to attend, we get a day off without question.  when our kids have problems, we can leave without question.  

a friend of mine works at a company with unlimited vacation.  just has to get the work done.  companies are leaning more progressive. 

some companies in the building i work at are still 95% remote other than support staff (it, etc).  some of our clients can't even take meetings as they are remote.  last summer i was taking calls with multiple people yelling at their kids at/in their pool.

there are 30 nba teams.  i doubt all 30 teams handle simmons the same way.",0,0,0,0,0,0,0,0,0,0,0,0,0,0,0,0,
217,"i've found running offers me a *momentary reprieve* from my depression. 

focusing your energy into exercise, takes you out of your mind, and releases endorphins. this'll help with your *lows*. 

maybe on days when you're on the more *high* side, take it handier on your runs/incorporate yoga. a workout might over stimulate you.",1,0,0,0,0,0,0,0,0,1,0,0,0,0,0,0,
218,"i'm sorry you had such a horrible experience with the ""help"" hotline! i called once at 3 in the morning desperate for anything to stop me from ending it, and all i got was put on hold. that cant happen with a crisis! every second counts sometimes. 

i was personally taken aback by their audacity to host a suicide hotline and dare to put people on hold. 

of course, exercise has greatly reduced my personal suffering, but sometimes it can be a source of it haha.",0,0,0,0,0,0,0,1,1,0,0,0,0,0,0,0,
219,"that training schedule will see you plateau, because it has you doing the same thing every week. there's a reason why training plans are often several months long, and two weeks of a training plan can vary widely.

you first need to build your aerobic base. which means gradually increasing your mileage, and not running fast.
then you need to add in threshold and vo2 max work. which means adding speed.
then you taper to rest your legs.
then you race.
then you rest and recover.

then you go again, building on the success of the last block to be better.

(and throughout all of that, you have to insert 'rest weeks' where you decrease your training load to avoid burnout and injury ...)",0,0,0,0,0,0,0,0,0,0,0,0,0,0,0,0,
220,"4k of distance is good for 2 years of no excercise.  unless you were a big runner before, running will take some time to build up.  running uses pretty much every part of your body, so whatever is the weakest link will hold you back until it catches up with everything else.

running is one of the most efficient exercises for calorie burn, but you won't lose much weight running if that's the only change you're making in your life.  for a 200lb man, you'd have to run in the area of 22km to burn off a medium pizza.  your 4k got you just over a slice.  it's a lot easier to just eat one less slice.

running does give you more energy and less anxiety.  it punishes you when you eat garbage (try going on a run right after drinking a milkshake.  recipe for a solid puking session).  and it's a good mixin with a calorie restricted diet and cleaner eating (if you're really feeling starved, go run 8km, and feel no guilt eating a couple extra slices after).

if you mostly care about calorie burn and aren't very interested in other benefits, long slow runs are the easiest way to burn a lot of calories.  mixing in sprints has a lot of other health benefits, but it will take away from your max distance and running time more than you gain from the extra calories burned during the actual sprints.  you also have higher risk of injury the more complex and quick your movement gets.",0,0,0,0,0,0,0,0,0,0,0,0,0,0,0,0,
221,"lol nope, crippling mdd and gad for the last decade. i just function on caffeine and anxiety fueled terror. so i do the high speed career thing and the gym thing and healthy food thing and am just screaming inside 24/7, come home and collapse into bed, lol",1,1,1,0,0,0,0,0,0,0,0,0,0,0,0,0,
222,sinner’s very involved with mental health. just released another interview with an athlete discussing their mental health yesterday. sixth episode for the year.,0,0,0,0,0,0,0,0,0,0,0,0,0,0,0,0,
223,being healthy for my kids. it is still the main reason. i lost 90 lbs and now i get scare to be fat again if i don't go for too long and it does help improving my mental health but main reason is still my kids. i want to be able to stay fit as a grand father too. it's far ahead but find inspiring seeing 60-70+ people running. i'm proud of them and want to be like them (i'm 38),0,0,0,0,0,1,0,0,0,1,0,0,0,0,0,0,
224,"weight loss and mental health.  when i don't have regular exercise, depression starts to creep in.  the trouble i have is that i just can't keep up with regular exercise in my house or at the gym - it's just so incredibly boring that i can't stay motivated.   running is different because i can run all around my town and keep it fresh.  i'm out with a hip injury right now and struggling to find something to replace running that i can maintain consistency.",1,0,0,0,0,0,0,0,0,1,0,0,0,0,0,0,
225,"i think the problem is that aj threatened (or expressed desire to commit) suicide and so they had to do something. you don’t want to be responsible for ignoring an athlete who is expressing she is suicidal. with the string of student athlete suicides this past year, it makes sense they had to do something urgently and seriously even if they may have felt in the back of their heads she wouldn’t actually harm herself (which we don’t really know even if she was a bully they harm themselves too and that would’ve made things way worse). i’m not defending him but they def went into panic mode when that happened.
there are a lot of mental health resources (and academic support resources) at ucla that are just for student athletes which no one else has access to so i am surprised no one else struggling was referred over to that. hopefully they were able to take advantage of those resources later and were able to find support. 
also it’s not just cw brother speaking out on social media, the glenn sisters and other alumni i’d guess that he didn’t speak to have expressed big disappointment in his leaving. so people come to assumptions and read stuff online and speak with other people who were involved or witnessed things and come to their own conclusions.",0,0,0,0,0,0,0,1,0,0,0,0,0,0,0,0,
226,that dude that’s incredible! would love some insight into energy levels and mood. this sounds pathetic i’m comparison but just trying to get down to 185 from 205 seems impossible for me. i’ve finally got myself to the point where my weight doesn’t seem to be increasing much anymore but any time i try fasting or restricting calories my mood just seems to plummet and i can get past the hanger. also have a relatively physical job and my performance takes a major hit. if that’s what i gotta do then i guess that’s what i gotta do but any tips on tricking myself to stick with it would be appreciated,0,0,0,0,0,1,0,0,0,0,0,0,0,0,0,0,
227,"so yesterday i did a full body workout, but i also did another one on thursday because the gym was closed on wed. during friday i felt tired and maybe it was because i also had a bad sleep night (waking up to pee a lot). anyways, yesterdays workout was depressing and dissapointing. i managed to increase weight on compounds, but i missed a few reps on some compounds. bench i increased 2.5 and did like 3-4 reps each set while i was doing 5 reps before, but 2.5 less (not bad), but squat? i increased 5 pounds and went from 6 reps before to 2-3 reps now. i felt so depressed because i couldn’t managed more.

was this expected tho?",0,0,0,0,0,0,0,0,0,0,0,0,0,0,0,0,
228,"i live in a different timezone where the news that kd was signing with golden state happened overnight.

i was so anxious the night leading up but i was sure that he was re-signing with okc after russ sat down with him (at that point it felt like he was re-signing or going to boston) so i went to sleep thinking i knew what the result would be. i woke up at 6am to check my phone and i was crushed.",0,0,0,0,0,0,0,0,0,0,0,0,0,0,0,0,
229,"my mom is in her 60s and only recently took up a serious fitness regimen (after birthing and raising 7 kids, so she only just started having time for it). she was telling me that she feels so self-conscious at workout classes as the ""old fat lady"", but i told her she's legitimately the baddest baddass in there for 1) overcoming physical obstacles to be in that class and 2) overcoming the mental obstacles to be in a fitness class full of young, fit people. it's fucking hard and you're still doing it!

seriously, as a young person in a relatively small body, i still get that imposter syndrome feeling at the gym. everyone is judging my cellulite, everyone thinks i'm weak for using the 10 lb dumbbells, etc. it's all projection.",0,0,0,0,0,1,0,0,0,0,0,0,0,0,0,0,
230,"i started working out about 3 months ago, with relative consistency and seeing progress using resistance bands at home (i usually take off a week every month due to menstrual pain/exhaustion). i also starting eating more in an attempt to gain muscle, and noticed i feel less faint, tired, sickly, and fewer headaches. my ability to feel hunger also returned.
the problem is, i think i've gained about 5 pounds in this time. and i can feel it on my body, with pants getting tighter, thicker in the belly and thighs, and generally feeling a bit heavier. i figure this is when people usually decide to ""cut"". but i am scared of going back to where i was when i was eating little: tired, sickly, headaches everyday. not to mention calorie counting messing with my head.
i'm not sure how to proceed from here. anyone been here before?",0,0,0,0,0,0,0,0,0,0,0,0,0,0,0,0,
231,"my doctor called me fat. i was already overweight, then i gained my ""freshman 15"" during my first semester of college. went to see my obgyn, she weighed me, and said i was fat and would be obese if i gained any more weight. the way she said it was very rude (not saying it here), but it got me to start thinking about weight loss. after restricting my calories to lose weight, i realized that most of what i was eating was shit, and had to do a total overhaul of my diet. i also started doing cardio, which i hated and still don't like to this day. after a few years of trying different workout routines (pilates, yoga, hiit, krav maga, etc.) i started lifting weights. it's the first workout routine i've stuck with for over a year, and even though i'm not super disciplined in my routine like i was when i saw my noob gains, i still hit the gym after work 3x a week.",0,0,0,0,0,1,0,0,0,0,0,0,0,0,0,0,
232,"a couple of things that helped me -- one was doing a group class.  everyone in the class is focused on doing their own thing and there's nobody watching  you or hovering over you waiting for you to get finished with some piece of equipment.  so if there's a group class that is doing the kind of workout you like, think about giving that a try -- often these classes are mostly women so that may help the anxiety too.  second, someone else here mentioned getting clothes that help you feel better, and that was important for me as i hated seeing myself (but you often need to for form checks or just that there's a mirror where you can't avoid it.)  i invested in gym clothes that were comfortable and looked good on me so that i wouldn't have that problem of seeing myself in the mirror and instantly feeling hypercritical of how i looked and anxious about how everyone else must see me.  things like that -- if you can break it down about what sets off the anxiety, and then figure out how to do something to address those triggers, it can make things easier.",0,1,0,0,0,0,0,0,0,0,0,0,0,0,0,0,
233,"so after much back and forth, for my next program i’ve decided to go with u/mythicalstrength's 6 month training block that he posted awhile back. i just stared at his post for what seemed like forever last night and finally said, fuck it, lets do it. i’m all the feels, hoping i survive/get through it haha. in other news, i heard back yesterday from both the jobs to do both the things and i’m hired. starting with a private practice part time in 2 weeks and then i’ll start my full time community mental health position first week of march. may all this buzz transfer to this soon to begin program.",0,0,0,0,0,0,0,0,0,0,0,0,0,0,0,0,
234,"im 5'9ft. 
200lbs as of now. 
i was 209.4 from april 2. i lost water weight probably. im still deciding what my deficit should be even though ive been doing 1500 since april 2nd. 
i want to get to 185lbs or 15% bodyfat by the end of june hopefully. so 1.4lbs lost every week for 11 weeks from now 

but ive been feeling reckless and depressed causing me to go on a higher deficit to get faster results, (2-3lbs per week)i just dont want to be too reckless to the point where i fuck up my hormones or whatever. 
i hate love handles",0,0,0,0,0,1,0,0,0,0,0,0,0,0,0,0,
235,"an extra, usually. i drink about three cups of coffee before noon, then pwo usually around 3:30 for a 4pm workout. much later than that and i’m flirting with insomnia. ymmv, of course.",0,0,0,0,0,0,0,0,0,0,0,0,0,0,0,0,
236,"there is no better anti depressant, anti anxiety, heart medication, bp medication,  diabetic medication, disease prevention, obesity treatment,  or sleep medication (the list goes on and on) than a daily run. regardless of the conditions,  i have never completed a run and regretted doing so.",0,0,0,0,0,0,0,0,0,1,0,0,0,0,0,0,
237,"happy new year!

&amp;#x200b;

on a different subject, does anyone here feel like they have imposter syndrome posting here? in my daily life i feel like i have massive imposter syndrome, because i'm surrounded by the smartest people i've ever met and i'm supposed to take the reigns from them some day. here, there are some people who rep my max deadlift, from 8 years ago, 20 times likes it's nothing. i avoided this place for years because of my feelings of inadequacy; because my numbers cannot compare to the monsters that post here. coming back here after my hiatus i've found an incredibly welcoming community. i don't deadlift, back squat, or bench anymore, but damn it's awesome to talk to y'all about kettlebells and sandbags. so thank you :)",0,1,0,0,0,0,0,0,0,0,0,0,0,0,0,0,
238,"ironically, hillary cauthen did a ted talk titled, [“toxicity of sport culture on athletes’ mental health”](https://youtu.be/uztp3f_6coa)",0,0,0,0,0,0,0,0,0,0,0,0,0,0,0,0,
239,honestly guys who needs a girl when i'm in a dedicated relationship with the gym and the grind amirite fellas hahahah ^^^^i'm ^^^^lonely,0,0,0,0,0,0,0,0,0,0,0,1,0,0,0,0,
240,"i try to think of nutrition/lifting as a ""point meter"" (think donation gauges/charts).

things like getting 8+ hours of sleep, working out hard, eating well, etc make the meter go up. even small things like walking to the restaurant instead of ubering make the meter go up (albeit not as much as other activities). drinking, eating like shit over my tdee, etc make the meter go down. everything has a widely varying amount of points, but as long as i'm positive on the day, i need to be happy about it.

yeah, i didn't max out my points that were possible for the day, but i'm moving in the right direction. win everyday (or as many as possible) and you'll see good things happen.

signed, 
an anxious, self-conscious person",0,0,0,0,0,0,0,0,0,0,0,0,0,0,0,0,
241,"jogging helps me more with my anxiety/low mood/adhd than any pill ever. my mind feels clear and i feel great. 

the problem is...i only feel like that on days i jog and if i don’t jog, i get anxious, low mood etc. 

there are days where i have to be up early in the morning and i don’t have time to jog...and i start to feel that low mood feeling. what can i do on those days to help??",1,1,0,0,0,0,0,0,0,1,0,0,0,0,1,1,
242,"it doesn't seem like trade those picks will really brings this team to become contender, but then watching this team really kill my mental health. so i kind wish they trade it now just so i can watch some mediocre lakers basketball....",0,0,0,0,0,0,0,0,0,0,0,0,0,0,0,0,
243,"fellow anxious person here. i've only been working out consistently since april, but i was really nervous about going to the gym at first. when the gym is crowded, i remind myself that i'm not looking at anyone else or paying attention to what they're doing. they're not paying attention to me either. i also remind myself that i have every right to be in the gym and use the equipment. i pay for it, i respect the space/equipment/people, i am allowed to be there.

other things that help: i use my apartment gym most of the time, which doesn't have as much equipment, but is much smaller and less crowded. i try to time my workouts so that it's not busy. i've found that dinner time is generally a decent time to go-- like between 6:30 and 7 p.m. also weekends generally aren't too bad for me. you might just have to experiment with different times. i also like to practice new exercises either when the gym is super empty or i'll go through the movements in my apartment before i go. if i feel like i know what i'm doing, i feel much less anxious in the gym. realistically most people are probably not noticing if i'm making mistakes anyway, but i feel more confident and that translates into feeling better mentally during my workout.

someone else mentioned that you should start your goals small and i agree! just get yourself dressed in gym clothes to start. then you might as well go to the gym. and you can leave if you want to once you get there, but you're there, so you might as well try to do something. do one exercise before you get anxious? cool! way better than nothing! 

side note: if this level of anxiety is normal for you and you're able to, it might not hurt to see a psychiatrist? or even mention it to your primary care doctor? i've been on medication for my anxiety for 8 years now and it has helped me so much. i still get anxious, but it's at a manageable level most of the time.",0,1,0,0,0,0,0,0,0,0,0,0,0,0,0,0,
244,"&gt; i should also mention that i have a night job and im a full time student in college so i lose a lot of sleep.

start by fixing this. try to get as much sleep as you can (i take small naps during the day with an eye mask and an alarm on my smartwatch) and also maximise the quality of that sleep:

* cold room
* pitch dark
* no screen 1 hour before bed
* clean room
* whatever else you can find to improve your sleep

&gt;  i'm not eating enough 

then fix this. college + job + lifting + shitty sleep = a lot of stress, and your body doesn't run on hope and dreams, it runs on food, water and sleep. 

&gt; so i've been doing 5x5 for almost a year now 

finally fix this. there are better programs for you right now, the most appropriate of which at your stage would be 5/3/1 for beginners.",0,0,0,0,0,0,0,0,0,0,0,0,0,0,0,0,
245,you might be admiring the others for their smaller bodies but i’m admiring you for being a badass and doing an intense class. it takes a lot to put yourself out there not only to do the exercise but also to make an effort to go to the social events. this is my goal that i’m working towards but my social anxiety makes it challenging.,0,0,0,0,0,1,0,0,0,0,0,0,0,0,0,0,
246,"you sound like a go-getter like me. are you a capricorn? ;)   


but honestly, this is something i have battled with forever. i used to be a cyclist who raced and always felt like the last kid in gym class - i'm just not fast. i'm also not really competitive, it was moreso a feeling of inadequacy, just as you're describing.   


i've only been running for 2 years (and the last 8 months finally with a coach/friend) and i will say this sport is alllll about patience. on my easy run days i'm at about a 10:30 mile for 5ks and 11ish for longer runs on easier days. this is a huge improvement from where i was even in july, but i'm like you and it's hard to let go of not being faster, especially in a group.   


i saw what someone posted below about empathetic joy and it's the best thing i've read for a while. i guess my comment is to say your feelings are so valid and i experience them, too. i also run to help my anxiety, and it really helps, so look at how awesome we are for keeping at it. :) keep it going and be kind to yourself!",0,0,0,0,1,0,0,0,0,0,0,0,0,0,0,0,
247,"wow! this is very inspirational! amazing 5k time too! the weed man, that's gonna be tough for me. i do think i need to quit soon though for both my mental health and my lungs too. 

i'm really impressed with how easily you say you put down weed, especially being that you've smoked since you were 16. do you have any recommendations? i really feel like it enhances everything in my life. going for a hike, riding passenger in my buddies targa top, food, movies/tv, etc. 

its like so engrained into my daily life/destress. but at the same time i really do recognize the negative impact it has on my mental health. especially when i am constantly smoking right before bed.",0,0,0,0,0,0,0,0,0,0,1,0,0,0,0,0,
248,"my first full marathon is in 3 weeks. i am hoping someone can tell me if i am completely screwed based on my training volume and should drop to the half, or if i'm just being anxious and should be ok. i don't run with a club and don't have running friends to compare with.

my weekly average has been 67km/week (41.7 miles/week) over the last 16 weeks. weeks ranged from 40k on the low end to 110k on the high end. my longest run has been 31k, a few days ago. it left me feeling unusually sore and tired (no pain though, just dead calves) which kinda provoked this questioning of whether or not i'm ready. as an additional data point, a few weeks ago i ran a half with a time of 1:42.

given the above, have i have put in enough mileage to continue with my plan of running this full? or is the wise thing to drop down to the half and give myself more time to train? i have searched and found posts in this sub varying from ""30mpw is enough"" to ""35mpw will destroy you"", so not really sure what to believe.  my goal is to simply finish without walking, for what it is worth. thanks.",0,1,0,0,1,0,0,0,0,0,0,0,0,0,0,0,
249,"i can stick to 1500cal/day workout too, not for long, but i reckon for 2-3 months, but then i dont wanna end up in depression (i have done that before and things build up and i was in depression).

i wanna know the hormonal aspect of this diet, as i am not only 1500cal for more than 2 weeks, and plus i am on maintenance as well for 2 weeks, that should help with mucles gains too, right?:",1,0,0,0,0,1,0,0,0,0,0,0,0,0,0,0,
250,"if you can afford to pay thousands for an ind-demand, “fashionable” pure breed, you can afford the training it will cost to rehabilitate a dog. 

most rescues have problems that aren’t that serious. i rescued my oldest dog when she was 6 months. i was 21, straight out of under grad. 

she had some pretty serious anxiety and medical issues. i was able to spend 3k on vet expenses to fix those medical issues and over time, i worked with her to resolve those anxiety issues. 

she’s more well-behaved and obedient than my friends bougie expensive pure-bred dogs. 

if you can raise a dog, you can raise a rescue. barring severe aggressive behavioral issues, if
you can’t handle a rescue you can’t handle any dog.",0,0,0,0,0,0,0,0,0,0,0,0,0,0,0,0,
251,"i can't change the things that are making me depressed, but i can at least take control of my health. it'll be slow, but it's something i can *do*.

went for a 40 minute walk today.",1,0,0,0,0,0,0,0,0,1,0,0,0,0,0,0,
252,"here's a different honest take, i tried sl, ss and icf, on all i eventually stalled, got injured from the heavy powerlifting style 5x5's and lost motivation.

with athlean x max size i felt challenged and gained a respectable amount of strength, got knowledge of how to do a decent amount of exercises, and got used to going to the gym ~6 days a week, for me that's invaluable.

now after running it twice and doing my own thing for a few months i reached a plateau and i'm doing jeff nippard's bench press specialization program.

are the athlean x programs bad? i don't think so. did any of it feel like bullshit? month 3 with concentrics and eccentrics did at first however the different style of workout helped keep things fresh for me. now are the athlean x programs the holy grail? no but they're 100x better then sl and ss. go for something with reasonable volume like nsuns.",0,0,0,1,0,0,1,0,0,0,0,0,0,0,0,0,
253,"just this passed monday i ran in my local riverbed in about 85 degree weather. i live in southern california by the way. i was about 3 miles in and i began to feel dizzy and nauseous. i didn’t panic and got very anxious. i though i was gonna die. i sat down inder a tree to catch my breathe and calm down. i walked to the nearest bridge and asked a stranger for some water and i called an uber so drive me back to my car. the entire time my heart beat would spike and then felt like it would slow down (maybe my anxiety).
once i got home i took the coldest shower ever but i still felt very nauseous and my head was pounding.
i chugged some water and ate a little bit. i started to feel better. i been feeling a little better day by day but i do have a lingering headache and nausea ever since then. at my job i walk a lot. i work on a university campus. i had to leave work early today because when i was walking to my car for lunch which was quite a ways away, i began to feel some dizziness and nausea as well. it was not as bad as monday but it really scared me.
i’m not sure what to do if it lasts a couple of more days. is it possible to have these symptoms for more than one day? it’s been 3 for me so far.",0,1,0,0,0,0,0,0,0,0,0,0,0,0,0,0,
254,"you'll never be the ""only overweight"" person anywhere. i can guarantee you'll be in good company.

though the years i've worked through anxiety of ""other people looking at and judging me"" while i work out, and have drawn this stabilizing conclusion: ""people work out for 2 reasons: 1) to improve their health, and 2) to maintain their health"", so we're all here to take care of ourselves, why get upset at someone in the opposite category? so if anyone actually is judging, then they're just being ridiculous.

you're out there busting ass, so be proud",0,1,0,0,0,0,0,0,0,0,0,0,0,0,0,0,
255,"honestly i kinda get where you’re coming from. not necessarily because of the changes at hq, but because of just general burnout. it’s hard to maintain a passion for something nonstop for so long (i’ve been doing this since 2014).

may i make a suggestion that worked wonders for me?  instead of divorcing crossfit, why not open up your relationship?  i did this a couple years ago. told our owner that i was mentally drained and burned out, and took some time off. froze my membership for a couple months, and found other ways to express myself. went for runs outside. hikes. mountain biking. did some push-up and sit-up monthly challenges. etc. and after a few months, i found myself missing the things i enjoyed about the gym and actively longing to go back. and when i did, i found my passion was restored.

did i possibly lose a little bit of my gains in those months away?  maybe, but not too much (and it’s not like i was on the verge of qualifying for the games anyways).  and it did amazing wonders for my mental health.  will it work for you?  maybe, maybe not. but may be worth a try.",0,0,0,1,0,0,0,0,0,0,0,0,0,0,0,0,
256,"love you, td

&amp;#x200b;

&gt; i spent a significant amount of time towards the end of my training  cycle and during the race thinking about ultra running as self-harm.  combined with my complicated relationship with my body, i realized that  if i’m not careful, this could easily turn into something very  unhealthy. but i’m more cognizant of that now, and i recognized my  tendency to go that route. so that’s progress, and something i’ll keep  exploring and working on. 

&amp;#x200b;

hi, it me? it very easily became the addiction for me to feel normal and quiet my gender dysphoria and other triggering thoughts for so long. being aware that it can be self harm in this way easily has you having a leg up in keeping it in check",0,0,0,0,0,1,0,1,0,0,0,0,0,0,0,1,
257,"op reminds me of me, in ways. i could be wrong, but i have *severe* social anxiety. i’m fat, and don’t want other people to see me working out. so i don’t go to the gym. or go for runs outside. i do burpees in the house, run up and down the stairs, and chase my dogs around our yard. maybe they “can’t” because their anxiety won’t allow them to (and they can’t admit it; whether that’s to themselves or to us). i’ve been there. diet is more important when losing weight, anyway.",0,1,0,0,0,1,0,0,0,0,0,0,0,0,0,0,
258,"i have been progressing (slowly) on my ppl program while being in a deficit, so everyday is a pr day. this week i was aiming for 5x5 with 155lbs on bench. failed on the 4th set and did a roll of shame. i was so embarrassed because the gym was so crowded, but i didn’t catch people laughing at me. sucks to have social anxiety. i don’t have the guts to ask people to spot me, but hopefully i’ll try next time.",0,0,0,0,1,0,0,0,0,0,0,0,0,0,0,0,
259,yeah. i think what really helped was having a large community of people to train with. it helps to stave off that burnout.,0,0,0,1,0,0,0,0,0,0,0,0,0,0,0,0,
260,"people bought into the meme. acting like the pandemic at its scariest and being isolated from family on the other side of the country was somehow a vacation that made it easier.         
        
if the ring was so easy to win why didn't any of these other great players do it?",0,0,0,0,0,0,0,0,0,0,0,1,0,0,0,0,
261,"i'm having a bad time y'all. the last time i worked out was the start of my period and fatigue caused me to end the session early. shortly after that i got sick. finally felt mostly recovered, had a trip out of town and still couldn't get any lifting in (ok cause the trip was awesome). but during this time something happened that sent my mental health kinda spiraling. after i thought i was fully recovered from the cold, i came down with flu symptoms this weekend. between being sick and my mental health doing the shitty thing i've completely lost my appetite. my body image is so poor rn that i can feel myself wanting to continue to not eat.

i don't want to lose my progress i've made with lifting, but i'm having a really hard time in my head. anyways i know i need therapy, i'm not really looking for advice just wanting to vent. i hope to finally get back into my routine tonight after 2 weeks off. and i'm hoping that if i do struggle with it, that will be enough to get my head back in it and keep eating. i've been having good progress with gzclp. i'm just all panicky and stupid and anxious about looking ""small enough"" for summer and i hate that i have those thoughts. they are hard for me to overcome. what i really want is to get fkn jacked and i know i won't get there by not eating:(

anyways i spent too much money on cute clothes for the summer to try and fill the festering void in my heart. i'm feeling guilty that i didn't put the money towards anything practical but honestly i'm so excited for new clothes. i love buying clothes💀",0,0,0,0,0,0,0,0,0,0,0,0,0,0,0,0,
262,"weightloss still going stronk.. found out today fat% is 25.. which is high i know, but way lower than i expected.. so used to being a fat piece of shit, not sure ill ever stop seeing myself as one..
everyones commenting on how much ive lost, but i still see the fat as fuck belly.. i hope that changes some day, just a little..

oh well, even if its tough, ill keep trudging on, lifting helps my anxiety and depression, so even if ill never get to feel like i look decent, ill atleast have the calm of lifting heavy things and putting them back down.

its just a shit day to be in my head i guess.
hope you’re all good bros, thanks for being a safe place to vent.",0,0,0,0,0,1,0,0,0,0,0,0,0,0,0,0,
263,"know how you feel. there's always the demon on our shoulder saying that ""you can always do better."" ""better"" can mean unhealthy, and pandering to unrealistic filtered images on social media. 

it's hard to shut that demon up, but i encourage you to enjoy this goal. i hesitate to encourage anything more because you know best if any more weight loss is truly good or will send you spiraling.

honestly, the most important thing is that you are content. i've had to accept i'll never look like caroline girvan no matter what i do. it's really hard to accept that. 

more important is that you enjoy the life you are given (non-religious here, don't worry) and use it to do things that fulfill *you* and not meet some ad exec's casually ok'ed ad campaign for the lululemon holiday season.

*edit: that said, fuck yeah you lost 15 lb, that shit is fucking hard!! i'm sorry that got lost here. girl you did it. keep on with your bad self.",0,0,0,0,0,1,0,0,0,0,0,0,0,0,0,0,
264,"i used to have serious gym anxiety too! and don't worry, it gets better over time. what always helps me not worry about the other people there is just know they are all too busy worrying about themselves and how they look to pay any attention to what you're doing. it's also important to have goals and a plan set out before you even step foot inside the gym.. know what exercises you're going to do, what equipment you will use, how many reps/sets, etc. then just go in there and follow your plan, one step at a time. i know it seems hard at first but trust me it will get easier every time that you go. you can do this!",0,1,0,0,0,0,0,0,0,0,0,0,0,0,0,0,
265,"though i am nowhere near even being able to run a half marathon i know the feeling of being overwhelmed with a huge goal.
maybe if you set yourself smaller goals along the way and focus on them instead of the marathon. pump yourself up by imagining how you'll feel when you come back from this run. or even how you'll feel when you finish the marathon. you could even write it down. also celebrate all your wins and reward yourself with something healthy.  these isn't groundbreaking advice but sometimes it helps to be reminded. have fun :-)",0,0,1,0,0,0,0,0,0,0,0,0,0,0,0,0,
266,"we need more details - do you have a physically demanding job? what *is* your diet? how much sleep do you get? what's your mental health like given the existing concerns about hitting lifts numbers?

do you have a primary care doctor? have you talked with this person?

have you investigated dealing with a nutritionist?

maybe consider a few personal training lessons - see if you're missing something?

do you feel that you're pushing yourself to reach these goals you've set? are you following whatever program you're doing exactly as it's designed? since you're considering yourself a beginner still, try sticking to the program with deviating or adding stuff from another program. if you're gonna do the ppl, do strictly the ppl.

so for the ppl - you'll deload when you fail a few times and then work it back up.

i'm guessing something is off in your non-lifting life.",0,0,0,0,1,0,0,0,0,0,0,0,0,0,0,0,
267,"i loved therapy for me patella tear because i told myself i was half way there and the rest is on me. i was just so ready to be mobile again and get back to life. it gave me time to reset and rebuild correctly and i used the knowledge to strengthen my left knee which had a partial patella tear. then covid hit and everything was shut down and allowed for my partial tear to actually heal itself a lot. 

right before covid hit i was rear ended and am still getting help for the neck and back injury but there's peace in being able to physically do something the you're body and mind knew you couldn't. so now that i'm in pretty good shape and out of my own head it feels so freeing to be back on the court without knee braces and second guessing. granted i'll never play like i did in my 20's again but idc, 75-80% is better than 0.",0,0,0,0,0,0,0,0,0,0,0,0,0,0,0,0,
268,"i’m trying to just focus on my workouts, eating healthy food that i enjoy while hitting my macros, and ignoring the scale. i lost twenty pounds for my wedding in august and didn’t realize until after that i 100% had an eating disorder. i‘ve now gained 15 pounds and while i’d love to be 130 again, i want to go slow and steady to get there as well as build strength. i feel so discouraged that all my progress is out the window but i guess i really didn’t do it in a sustainable way so that’s what i get.
positive note - i’ve been killing my workouts and i have so much energy. i feel and look a lot stronger and i am not afraid of food and social events like i was before. i’m really working on a healthy relationship with food instead of starving then binging. weekends are my nemesis though, i can’t seem to not binge eat when i drink.",0,0,0,0,0,1,0,0,0,0,0,0,0,0,0,0,
269,"i agree. i imagine the stress of just being at that level of competition is is already high. additionally, watching people prep for contests, the stress and mental strain is even higher. add all that with thoughts of suicide and i can’t imagine the mental strain he put himself through. plus, didn’t he survive an almost fatal car accident at the height of his career? obviously the physical recovery from that had to be insane, but the mental state as well of basically “losing your career” going through his mind. 

i’m glad he’s talked about his mental sides quite a bit. inside and outside of bodybuilding, i believe it should be more openly talked about.",0,0,1,0,1,0,0,1,0,0,0,0,0,0,0,0,
270,"get past the idea that weight matters this is a key problem with anorexia. 



if you were to bulk up some muscle right now, you could be 225 of rock hard sexy and still be in incredible shape.


look at chris hemsworth's in thor.  6'3, 220 pounds and, even as a guy, i can admit he looked amazing.  my wife can confirm, she let's me know often that he's fair game if something happened to me.",0,0,0,0,0,1,0,0,0,0,0,0,0,0,0,0,
271,"haha thank you! i have adhd so when i get into a random topic i obsessively research it and therefore have so much random info stuck in my brain lol! i love sharing my random knowledge when i get the chance 😂 the swell is definitely the best best best, better than the hf too. i haven’t tried yeti!",0,0,0,0,0,0,0,0,0,0,0,0,0,0,1,0,
272,"man, not sure if its just cause i feel shitty due to allergies and drowsy from my drugs, but it really seemed to be more of nova falling apart down the stretch than baylor specifically taking control of the game.",0,0,0,0,0,0,0,0,0,0,0,0,0,0,0,0,
